Shanghai	3122	12146	22315
Istanbul	4101	2895	14804
Buenos Aires	-3461	-5838	13076
Mumbai	1907	7288	12692
Mexico City	1943	-9913	12294
Beijing	3991	11640	11717
Karachi	2486	6701	11624
Tianjin	3914	11718	11090
Guangzhou	2312	11325	11071
Delhi	2865	7723	10928
Moscow	5575	3762	10381
Shenzhen	2255	11407	10358
Dhaka	2371	9041	10357
Seoul	3757	12698	10349
São Paulo	-2355	-4664	10021
Wuhan	3058	11427	9785
Lagos	645	339	9000
Jakarta	-621	10685	8540
Tokyo	3569	13969	8337
New York City	4071	-7401	8175
Dongguan	2302	11375	8000
Taipei	2505	12153	7872
Kinshasa	-433	1531	7786
Lima	-1204	-7703	7737
Cairo	3006	3125	7735
Bogotá	461	-7408	7674
London	5151	-13	7557
Chongqing	2956	10655	7458
Chengdu	3067	10407	7416
Baghdad	3334	4440	7216
Nanjing	3206	11878	7165
Tehran	3569	5142	7153
Nanchong	3080	10608	7150
Hong Kong	2228	11417	7013
Xi’an	3426	10893	6501
Lahore	3156	7435	6311
Shenyang	4179	12343	6256
Hangzhou	3029	12016	6242
Rio de Janeiro	-2291	-4318	6024
Harbin	4575	12665	5879
Tai’an	3619	11712	5499
Suzhou	3130	12060	5346
Shantou	2337	11671	5329
Bangkok	1375	10050	5104
Bengaluru	1297	7759	5104
Saint Petersburg	5994	3031	5028
Santiago	-3346	-7065	4837
Kolkata	2256	8836	4631
Sydney	-3387	15121	4627
Yangon	1681	9616	4478
Jinan	3667	11700	4336
Chennai	1309	8028	4328
Zhengzhou	3476	11365	4254
Melbourne	-3781	14496	4246
Riyadh	2469	4672	4206
Changchun	4388	12532	4193
Dalian	3891	12160	4088
Los Angeles	3405	-11824	3972
Chittagong	2234	9183	3920
Kunming	2504	10272	3855
Alexandria	3120	2992	3812
Ahmedabad	2303	7259	3720
Qingdao	3606	12038	3719
Busan	3510	12903	3679
Abidjan	535	-400	3677
Kano	1200	852	3626
Foshan	2303	11313	3600
Hyderabad	1738	7846	3598
Puyang	2946	11989	3590
Yokohama	3543	13965	3574
Ibadan	738	391	3565
Singapore	129	10385	3548
Wuxi	3157	12029	3544
Xiamen	2448	11808	3531
Ankara	3992	3285	3517
Tianshui	3458	10574	3500
Ningbo	2988	12155	3492
Ho Chi Minh City	1082	10663	3467
Shiyan	3265	11078	3460
Cape Town	-3393	1842	3433
Taiyuan	3787	11256	3427
Berlin	5252	1341	3426
Tangshan	3963	11818	3372
Hefei	3186	11728	3310
Madrid	4042	-370	3256
Pyongyang	3903	12575	3222
Casablanca	3359	-761	3145
Zibo	3679	11806	3129
Zhongshan	2132	11057	3121
Durban	-2986	3103	3120
Changsha	2820	11297	3094
Kabul	3453	6917	3044
Ürümqi	4380	8760	3029
Caracas	1049	-6688	3000
Dubai	2508	5531	2957
Pune	1852	7386	2936
Sūrat	2120	7283	2895
Jeddah	2149	3919	2867
Shijiazhuang	3804	11448	2835
Kanpur	2647	8035	2823
Kyiv	5045	3052	2798
Luanda	-884	1323	2776
Quezon City	1465	12105	2762
Addis Ababa	902	3875	2758
Nairobi	-128	3682	2751
Chicago	4185	-8765	2721
Salvador	-1297	-3851	2712
Jaipur	2692	7579	2712
Dar es Salaam	-682	3927	2699
Lanzhou	3606	10384	2628
Incheon	3746	12671	2628
Yunfu	2293	11204	2613
Toronto	4370	-7942	2600
Basrah	3051	4778	2600
Osaka	3469	13550	2592
Mogadishu	204	4534	2587
Daegu	3587	12859	2567
Faisalabad	3142	7309	2507
İzmir	3841	2714	2501
Dakar	1469	-1744	2476
Lucknow	2684	8092	2472
Giza	3001	3121	2443
Fortaleza	-372	-3854	2400
Cali	344	-7652	2393
Surabaya	-725	11275	2375
Belo Horizonte	-1992	-4394	2373
Nanchang	2868	11585	2358
Rome	4189	1251	2319
Mashhad	3632	5957	2307
Brooklyn	4065	-7395	2301
Houston	2976	-9536	2296
Queens	4068	-7384	2273
Nagpur	2115	7908	2228
Maracaibo	1067	-7161	2225
Brasília	-1578	-4793	2208
Santo Domingo	1847	-6989	2202
Nagoya	3518	13691	2191
Brisbane	-2747	15303	2190
Havana	2313	-8238	2164
Paris	4885	235	2139
Johannesburg	-2620	2804	2026
Kowloon	2232	11418	2020
Almaty	4326	7693	2001
Dadonghai	1822	10951	2000
Medellín	625	-7556	2000
Tashkent	4126	6922	1978
Algiers	3673	309	1978
Khartoum	1555	3253	1975
Accra	556	-20	1963
Guayaquil	-220	-7989	1952
Ordos	3961	10978	1941
Sanaa	1535	4421	1937
Beirut	3389	3550	1916
Perth	-3195	11586	1897
Sapporo	4307	14135	1883
Jilin	4385	12656	1882
Bucharest	4443	2611	1877
Camayenne	954	-1369	1871
Indore	2272	7583	1837
Iztapalapa	1936	-9906	1816
Conakry	954	-1368	1767
Bayan Nur	4074	10739	1760
Maracay	1024	-6759	1754
Medan	358	9867	1751
Rawalpindi	3360	7305	1743
Minsk	5390	2757	1742
Budapest	4750	1904	1741
Mosul	3634	4312	1740
Hamburg	5355	999	1739
Curitiba	-2543	-4927	1718
Warsaw	5223	2101	1702
Bandung	-692	10761	1700
Soweto	-2627	2786	1695
Vienna	4821	1637	1691
Rabat	3401	-683	1656
Ecatepec de Morelos	1960	-9906	1655
Barcelona	4139	216	1622
Pretoria	-2574	2819	1619
Aleppo	3620	3716	1602
Montréal	4551	-7359	1600
Kunshan	3138	12095	1600
Manila	1460	12098	1600
Patna	2559	8514	1600
Bhopal	2325	7740	1600
Manaus	-310	-6002	1598
Xinyang	3212	11407	1591
Kaduna	1053	744	1582
Phnom Penh	1156	10492	1574
Damascus	3351	3629	1569
Philadelphia	3995	-7516	1567
Phoenix	3345	-11207	1563
Isfahan	3265	5167	1547
Ludhiāna	3091	7585	1545
Harare	-1783	3105	1543
Kobe	3469	13518	1528
Bekasi	-623	10699	1520
Kaohsiung	2262	12031	1520
Stockholm	5933	1807	1515
Caloocan City	1465	12097	1500
Guadalajara	2067	-10339	1495
Manhattan	4078	-7397	1488
Asunción	-2529	-5765	1482
Recife	-805	-3488	1478
Daejeon	3635	12738	1475
San Antonio	2942	-9849	1470
Kumasi	669	-162	1469
Kota Bharu	612	10224	1460
Kyoto	3502	13575	1460
Kuala Lumpur	314	10169	1454
Karaj	3583	5099	1448
Kathmandu	2770	8532	1442
Palembang	-292	10475	1442
Multan	3020	7148	1437
Tirunelveli	873	7768	1436
Puebla	1904	-9820	1434
Hanoi	2102	10584	1431
Kharkiv	4998	3625	1431
Agra	2718	7802	1430
Córdoba	-3141	-6418	1428
Tabriz	3808	4629	1425
Novosibirsk	5504	8293	1419
Gwangju	3515	12692	1417
Bursa	4020	2906	1413
Vadodara	2230	7321	1409
Belém	-146	-4850	1408
Fushun	4189	12394	1401
Quito	-23	-7852	1400
San Diego	3272	-11716	1395
Fukuoka	3360	13042	1392
Antananarivo	-1891	4754	1391
Luoyang	3468	11245	1391
Hyderabad	2539	6837	1386
The Bronx	4085	-7387	1385
Valencia	1016	-6801	1385
Gujranwala	3216	7419	1384
Barranquilla	1097	-7478	1380
Guankou	2816	11363	1380
Lubumbashi	-1166	2748	1374
Porto Alegre	-3003	-5123	1373
Tangerang	-618	10663	1372
Najafgarh	2861	7698	1365
Santa Cruz de la Sierra	-1779	-6318	1364
Handan	3660	11447	1358
Kampala	32	3258	1353
Yekaterinburg	5685	6061	1350
Khulna	2281	8956	1342
Douala	405	970	1338
Gorakhpur	2945	7567	1325
Sharjah	2534	5541	1324
Mecca	2143	3983	1324
Makassar	-515	11943	1322
Juárez	3172	-10646	1321
Kawasaki	3552	13972	1307
South Tangerang	-629	10672	1304
Baotou	4058	11002	1302
Tijuana	3250	-11700	1301
Dallas	3278	-9681	1300
Medina	2447	3961	1300
Yaoundé	387	1152	1299
Bamako	1265	-800	1297
Nashik	2000	7379	1289
Semarang	-699	11042	1288
Brazzaville	-427	1528	1285
Pimpri	1862	7381	1285
Nizhniy Novgorod	5633	4400	1284
Amman	3196	3595	1276
Budta	720	12444	1274
Belgrade	4480	2047	1274
Montevideo	-3490	-5619	1271
Lusaka	-1541	2829	1267
Xuchang	3403	11386	1266
Kalyān	1924	7314	1262
Thāne	1920	7296	1262
Munich	4814	1158	1260
Shiraz	2961	5253	1250
Adana	3699	3533	1249
Suwon	3729	12701	1243
León de los Aldama	2113	-10167	1239
Milan	4546	919	1237
Port-au-Prince	1854	-7234	1235
Adelaide	-3493	13860	1225
Meerut	2898	7771	1223
Nowrangapur	1923	8255	1221
Faridabad	2841	7731	1220
Peshawar	3401	7158	1219
Davao	707	12561	1213
Mandalay	2197	9608	1208
Yueyang	2937	11309	1200
Santiago de los Caballeros	1945	-7070	1200
Omdurman	1564	3248	1200
Anshan	4112	12299	1199
Tongshan	3418	11716	1199
Ghāziābād	2867	7744	1199
Depok	-640	10682	1198
Saitama	3591	13966	1193
Dombivli	1922	7308	1193
Maputo	-2597	3258	1192
Gustavo Adolfo Madero	1949	-9911	1186
Fuzhou	2606	11931	1180
Rājkot	2229	7079	1177
Rosario	-3295	-6064	1174
Guiyang	2658	10672	1172
Goiânia	-1668	-4925	1171
Guarulhos	-2346	-4653	1170
Prague	5009	1442	1166
Varanasi	2532	8301	1164
Batam	115	10402	1164
Copenhagen	5568	1257	1154
Sofia	4270	2332	1153
Tripoli	3289	1319	1151
Port Harcourt	478	701	1149
Hiroshima	3440	13245	1144
Zapopan	2072	-10338	1142
Lijiang	2687	10022	1138
Monterrey	2568	-10032	1136
Samara	5320	5015	1135
Omsk	5499	7337	1129
Benin City	634	563	1125
Malingao	716	12447	1122
Baku	4038	4989	1117
Maiduguri	1185	1316	1112
Kazan	5579	4912	1105
Ciudad Nezahualcoyotl	1940	-9901	1105
Yerevan	4018	4451	1093
Amritsar	3162	7488	1092
Ouagadougou	1237	-153	1087
Yono	3588	13963	1078
Rostov-na-Donu	4723	3972	1074
Allahābād	2544	8184	1073
Goyang-si	3766	12683	1073
Gaziantep	3706	3738	1066
Visakhapatnam	1768	8320	1063
Sendai	3827	14087	1063
Chelyabinsk	5515	6143	1063
Datong	4009	11329	1053
Tbilisi	4169	4483	1049
Changshu City	3165	12074	1048
Taichung	2415	12068	1041
Xianyang	3434	10870	1034
Ufa	5474	5597	1033
Dnipro	4846	3504	1033
Seongnam-si	3744	12714	1032
Campinas	-2291	-4706	1032
Jabalpur	2317	7995	1030
Hāora	2258	8832	1028
Huainan	3263	11700	1028
San Jose	3734	-12189	1027
Donetsk	4802	3780	1025
Dublin	5333	-625	1024
Calgary	5105	-11409	1020
Brussels	5085	435	1019
Aurangabad	1988	7534	1016
Volgograd	4872	4450	1011
Nova Iguaçu	-2276	-4345	1002
Jieyang	2354	11637	1002
Odessa	4648	3073	1002
Zhu Cheng City	3600	11940	1000
Kitakyushu	3385	13085	998
Solāpur	1767	7591	997
Baoding	3885	11549	996
Guatemala City	1464	-9051	995
Benxi	4129	12377	988
Birmingham	5248	-190	984
Perm	5801	5625	982
Srinagar	3409	7481	976
Zaria	1111	772	975
Managua	1213	-8625	973
Port Elizabeth	-3396	2561	968
Fès	3403	-500	965
Köln	5093	695	963
Ulsan	3554	12932	963
Chandigarh	3074	7679	961
Coimbatore	1101	7697	960
Naples	4085	1427	959
Maceió	-967	-3574	955
Cartagena	1040	-7551	952
Changzhou	3177	11995	949
Sulţānah	2449	3959	947
Monrovia	630	-1080	940
Kingston	1800	-7679	938
Erbil	3618	4401	933
Austin	3027	-9774	932
Krasnoyarsk	5602	9287	927
Nay Pyi Taw	1975	9613	925
Jodhpur	2627	7301	921
Chiba	3560	14012	920
São Luís	-253	-4430	917
Madurai	992	7812	910
Sale	3405	-680	903
Huaibei	3397	11679	903
Cochabamba	-1739	-6616	900
Abobo	542	-402	900
Kaifeng	3480	11431	900
Abū Ghurayb	3331	4418	900
Qom	3464	5088	900
Bishkek	4287	7459	900
Guwahati	2618	9175	899
Aba	511	737	898
Pingdingshan	3374	11330	890
Gwalior	2623	7817	882
Qiqihar	4734	12396	882
Klang	304	10144	880
Mendoza	-3289	-6883	877
Konya	3787	3248	876
Mbuji-Mayi	-614	2359	875
Vijayawada	1651	8065	875
Pikine	1476	-1739	874
Turin	4507	769	870
Mysore	1230	7664	868
Jacksonville	3033	-8166	868
Wenzhou	2800	12067	866
San Francisco	3777	-12242	865
Liverpool	5341	-298	864
Saratov	5154	4601	864
Tegucigalpa	1408	-8721	851
Bucheon-si	3750	12678	851
Columbus	3996	-8300	850
Voronezh	5167	3918	849
Ranchi	2334	8531	846
Ulan Bator	4791	10688	845
Takeo	1099	10478	844
Ahvaz	3132	4868	841
Arequipa	-1640	-7153	841
Padang	-95	10035	840
Hubli	1535	7513	840
Marrakesh	3163	-800	839
Denpasar	-865	11522	835
Kampung Baru Subang	315	10153	834
Fort Worth	3273	-9732	833
Indianapolis	3977	-8616	830
Charlotte	3523	-8084	827
Duque de Caxias	-2279	-4331	818
Jos	993	889	817
Valencia	3947	-38	814
Ilorin	850	454	814
Callao	-1206	-7712	813
La Paz	-1650	-6815	813
Ottawa	4541	-7570	812
Barquisimeto	1006	-6936	809
Chihuahua	2864	-10609	809
Nanning	2282	10832	804
Freetown	849	-1324	803
Johor Bahru	147	10376	802
Jerusalem	3177	3522	801
Bandar Lampung	-543	10526	800
Bogor	-659	10679	800
Narela	2885	7709	800
Mombasa	-405	3966	800
Cebu City	1032	12389	799
Muscat	2358	5841	797
Zaporizhia	4782	3519	796
Marseille	4330	538	795
Zarqa	3207	3609	793
Naucalpan de Juárez	1948	-9924	792
Çankaya	3992	3286	792
Rahim Yar Khan	2842	7030	789
Pasragad Branch	3478	4847	788
Boumerdas	3677	348	786
Jalandhar	3133	7558	785
Thiruvananthapuram	849	7695	784
Sakai	3458	13547	782
Anyang	3610	11438	781
San Miguel de Tucumán	-2682	-6522	781
Cotonou	637	242	780
Salem	1165	7816	778
Mérida	2098	-8962	778
Tiruchirappalli	1082	7870	775
Homs	3473	3672	775
Hohhot	4081	11165	774
Niamey	1351	211	774
Tainan	2299	12021	771
Shangyu	3002	12087	770
Łódź	5177	1947	769
Dammam	2643	5010	769
Xining	3663	10176	768
Kahrīz	3438	4706	767
Kota	2518	7584	763
Natal	-579	-3521	763
Bhubaneshwar	2027	8583	762
Qinhuangdao	3993	11959	760
Hengyang	2689	11262	760
Antalya	3691	3070	758
Kraków	5006	1994	755
Alīgarh	2788	7807	753
Da Nang	1607	10822	752
Pietermaritzburg	-2962	3039	751
Lomé	613	122	750
Trujillo	-812	-7903	747
Malang	-798	11263	747
Ciudad Guayana	835	-6264	747
Bareilly	2837	7943	745
Kigali	-195	3006	745
Teresina	-509	-4280	745
Xinxiang	3519	11380	744
São Bernardo do Campo	-2369	-4656	743
Hegang	4735	13030	743
Riga	5695	2411	743
Amsterdam	5237	489	742
Oyo	785	393	736
Quetta	3018	6700	734
Nottingham	5295	-115	730
Campo Grande	-2044	-5465	729
Ashgabat	3795	5838	728
Muzaffarābād	3437	7347	725
Bağcılar	4104	2886	724
As Sulaymānīyah	3556	4543	723
San Luis Potosí	2215	-10098	723
Aguascalientes	2188	-10228	722
Cúcuta	789	-7251	721
Morādābād	2884	7878	721
N'Djamena	1211	1504	721
Langfang	3951	11669	720
Zhumadian	3298	11403	720
Yantai	3748	12144	719
Lviv	4984	2402	718
Hermosillo	2910	-11098	715
Edmonton	5355	-11347	712
Jeonju	3582	12715	711
Saltillo	2542	-10101	710
Zhuzhou	2783	11315	709
Bhiwandi	1930	7306	707
Pekanbaru	52	10144	704
Sevilla	3738	-597	703
Tol’yatti	5353	4935	703
Jaboatão	-818	-3500	703
Shizuoka	3498	13838	702
Santo Domingo Oeste	1850	-7000	701
Rājshāhi	2437	8860	700
Santo Domingo Este	1849	-6986	700
City of Balikpapan	-124	11689	700
Battagram	3468	7302	700
Changzhi	3521	11174	700
Bulawayo	-2015	2858	699
Zagreb	4581	1598	699
Agadir	3042	-960	698
Sarajevo	4385	1836	697
La Plata	-3492	-5795	694
Tunis	3682	1017	693
Zhangjiakou	4081	11488	693
Zigong	2934	10478	690
Mexicali	3263	-11545	690
Fuxin	4202	12166	689
Enugu	644	750	689
Tangier	3577	-580	688
Huangshi	3025	11505	688
Liaoyang	4127	12317	688
Sheffield	5338	-147	685
Seattle	4761	-12233	684
Denver	3974	-10498	683
El Paso	3176	-10649	681
Kumamoto	3281	13069	680
Raipur	2123	8163	680
General Santos	611	12517	680
Dushanbe	3854	6878	679
Osasco	-2353	-4679	678
Detroit	4233	-8305	677
Culiacán	2479	-10739	676
Matola	-2596	3246	675
Zaragoza	4166	-88	674
Gorakhpur	2677	8337	674
Xiangtan	2785	11290	674
Guadalupe	2568	-10026	674
Acapulco de Juárez	1685	-9991	673
Ipoh	458	10108	673
Mississauga	4358	-7966	669
Boston	4236	-7106	667
Puyang Chengguanzhen	3571	11501	666
Nantong	3203	12087	666
Mudanjiang	4458	12960	666
Athens	3798	2373	664
Santo André	-2366	-4654	662
Nouakchott	1809	-1598	661
Pointe-Noire	-478	1186	659
Memphis	3515	-9005	656
Tlalnepantla	1954	-9920	653
Kryvyi Rih	4791	3338	652
João Pessoa	-712	-3486	651
Ansan-si	3732	12682	651
Benghazi	3211	2007	651
Frankfurt am Main	5012	868	650
Krasnodar	4504	3898	650
Guilin	2528	11029	649
Palermo	3813	1334	648
Colombo	694	7985	648
Lilongwe	-1397	3379	647
Oran	3570	-64	646
Diyarbakır	3791	4022	645
Taguig	1452	12108	644
Ulyanovsk	5433	4839	641
Kotli	3352	7390	640
Okayama	3465	13393	640
Zhanjiang	2128	11034	638
Al Aḩmadī	2908	4808	637
Yogyakarta	-780	11036	637
North York	4377	-7942	636
Chisinau	4701	2886	636
Wrocław	5110	1703	635
Cheongju-si	3664	12749	635
Anyang-si	3739	12693	634
Tébessa	3540	812	634
Zhenjiang	3221	11946	633
Portland	4552	-12268	632
Winnipeg	4988	-9715	632
Dandong	4013	12439	632
Oklahoma City	3547	-9752	631
Izhevsk	5685	5320	631
Jaboatão dos Guararapes	-811	-3501	630
Shaoguan	2480	11358	629
Yancheng	3336	12016	628
Cancún	2117	-8685	628
Contagem	-1993	-4405	627
Santiago de Querétaro	2059	-10039	626
Bhilai	2121	8143	625
Panshan	4119	12205	625
Djibouti	1159	4315	624
Las Vegas	3617	-11514	624
Baltimore	3929	-7661	622
Kermanshah	3431	4706	621
Coyoacán	1935	-9916	620
Ribeirão Preto	-2118	-4781	620
Al Ḩudaydah	1480	4295	618
Pasig City	1459	12106	617
Bristol	5146	-260	617
Jamshedpur	2280	8619	616
Haikou	2005	11034	616
Ta‘izz	1358	4402	615
São José dos Campos	-2318	-4589	614
Santa María Chimalhuacán	1942	-9895	612
Taizhou	3249	11991	612
Xingtai	3706	11449	612
Borivli	1923	7286	610
Torreón	2554	-10342	609
Yaroslavl	5763	3987	607
Benoni	-2619	2832	605
Hamamatsu	3470	13773	605
Cochin	994	7626	605
Jinzhou	4111	12114	604
Amrāvati	2093	7775	604
Abu Dhabi	2445	5440	603
Haiphong	2086	10668	603
Washington, D.C.	3890	-7704	602
Islamabad	3372	7304	602
Kirkuk	3547	4439	601
Sāngli	1685	7456	601
Milwaukee	4304	-8791	600
Vancouver	4925	-12312	600
Scarborough	4377	-7926	600
Shuangyashan	4664	13115	600
Situbondo	-771	11401	600
Barnaul	5336	8376	600
Rotterdam	5192	448	598
Morelia	1970	-10118	598
Luancheng	3788	11465	597
Rasht	3728	4959	595
Abeokuta	716	335	593
Essen	5146	701	593
Kayseri	3873	3549	593
Glasgow	5587	-426	592
Gold Coast	-2800	15343	591
Yingkou	4066	12223	591
Abuja	906	750	590
Las Piñas	1445	12098	590
Zhangzhou	2451	11766	590
Stuttgart	4878	918	590
Reynosa	2608	-9829	589
Dortmund	5151	747	588
Vladivostok	4311	13187	587
Irkutsk	5230	10430	587
Blantyre	-1578	3501	585
Üsküdar	4102	2901	583
Genoa	4440	894	580
Cuttack	2046	8588	580
Oslo	5991	1075	580
Hachiōji	3566	13932	579
Khabarovsk	4848	13508	579
Libreville	39	945	578
Kerman	3028	5708	578
Chiclayo	-677	-7984	577
Orūmīyeh	3755	4508	577
Bahçelievler	4100	2886	577
Bengbu	3294	11736	577
Bīkaner	2802	7331	576
Tlaquepaque	2064	-10329	576
Tlalpan	1930	-9916	575
Umraniye	4102	2912	573
Düsseldorf	5122	678	573
Banjarmasin	-332	11459	573
Göteborg	5771	1197	573
Shihezi	4430	8604	573
Bucaramanga	713	-7312	572
Kuching	155	11033	570
Poznań	5241	1693	570
Málaga	3672	-442	568
Bouaké	769	-503	567
Nyala	1205	2488	566
Asmara	1534	3893	564
Sokoto	1306	524	564
Uberlândia	-1892	-4828	564
Onitsha	615	679	561
Albuquerque	3508	-10665	559
Hamhŭng	3992	12754	559
Sorocaba	-2350	-4746	559
Helsinki	6017	2494	558
Warangal	1800	7958	558
Santiago de Cuba	2002	-7583	556
Siping	4316	12438	556
Kagoshima	3157	13055	555
Surakarta	-756	11083	555
Huai'an	3359	11902	555
Bhavnagar	2176	7215	555
Mar del Plata	-3800	-5756	554
Bahawalpur	2940	7168	553
Zahedan	2950	6086	552
Aden	1278	4504	551
Nanded	1916	7731	551
Orenburg	5177	5510	550
Changwon	3523	12868	550
Pristina	4267	2117	550
Jiamusi	4680	13032	550
Antipolo	1463	12112	550
Neijiang	2958	10506	547
Bremen	5308	881	547
Meknès	3389	-555	546
Banqiao	2501	12147	543
Sargodha	3209	7267	543
Bangui	436	1855	542
Vilnius	5469	2528	542
Yangzhou	3240	11944	540
Novokuznetsk	5376	8711	540
Kisangani	52	2519	539
Port Said	3127	3230	538
Mersin	3681	3464	538
Tuxtla	1676	-9311	537
Raurkela	2222	8486	536
Warri	552	575	536
Guli	2888	12003	536
Ebute Ikorodu	660	349	536
Tanggu	3902	11765	535
Jiangmen	2258	11308	532
Cuauhtémoc	1945	-9915	532
Tucson	3222	-11093	532
Nashville	3617	-8678	531
Ta’if	2127	4042	531
Beira	-1984	3484	531
Guntur	1630	8046	531
Touba	1485	-1588	529
Québec	4681	-7121	529
Hamadān	3480	4851	528
Cangzhou	3832	11687	528
San Salvador	1369	-8919	526
Dehra Dūn	3032	7803	522
Cuiabá	-1560	-5610	522
Petaling Jaya	311	10161	521
Macau	2220	11355	520
Bhayandar	1930	7285	520
Esenler	4104	2888	520
Ryazan’	5463	3969	520
Fresno	3675	-11977	520
Hamilton	4325	-7985	520
Tyumen	5715	6553	519
Durgapur	2352	8731	519
Victoria de Durango	2402	-10466	519
Ajmer	2645	7464	518
Lisbon	3872	-913	518
Changde	2903	11170	518
Jiaozuo	3524	11323	518
Ulhasnagar	1922	7315	517
Kolhāpur	1670	7423	516
Lipetsk	5260	3957	516
Siliguri	2671	8843	516
Hannover	5237	973	515
Eskişehir	3978	3052	515
Āzādshahr	3479	4857	514
Salta	-2479	-6541	513
Penza	5320	4500	513
Tembisa	-2600	2823	512
Bilimora	2077	7296	511
Mykolayiv	4697	3200	511
Aparecida de Goiânia	-1682	-4924	511
Puente Alto	-3361	-7058	510
Makati City	1455	12103	510
Tonghua	4172	12593	510
Naberezhnyye Chelny	5573	5241	510
Leicester	5264	-113	509
Wuhu	3134	11837	508
Niigata	3789	13901	505
Leipzig	5134	1237	505
Duisburg	5143	677	504
Āsansol	2368	8698	504
Arāk	3409	4970	504
Astrakhan	4635	4804	503
Zhuhai	2228	11357	501
Pohang	3603	12936	500
Nürnberg	4945	1108	499
Shashi	3031	11224	499
Makhachkala	4298	4750	498
Cimahi	-687	10754	494
Wuwei	3793	10263	493
Jamnagar	2247	7007	492
Sacramento	3858	-12149	491
Aracaju	-1091	-3707	490
Ajman City	2540	5548	490
Jianshui	2428	10122	490
Port Sudan	1962	3722	490
Santa Fe	-3165	-6071	490
San Pedro Sula	1550	-8803	489
Toluca	1929	-9965	489
Ciudad López Mateos	1956	-9926	489
Suez	2997	3253	488
Dresden	5105	1374	487
Tomsk	5650	8497	486
Masina	-438	1539	485
Sahāranpur	2997	7755	485
Cuautitlán Izcalli	1964	-9922	485
Gulbarga	1734	7684	484
Bhātpāra	2287	8840	483
Najaf	3203	4435	483
Feira de Santana	-1227	-3897	482
Shah Alam	309	10153	482
Mariupol	4710	3754	482
Himeji	3482	13470	481
Homyel'	5243	3098	481
Qionghai	1924	11046	480
Okene	755	624	479
Uijeongbu-si	3774	12705	479
East London	-3302	2791	479
Yazd	3190	5437	478
Hargeysa	956	4406	478
Sialkot	3249	7453	477
Kemerovo	5533	8608	477
Yichang	3071	11128	477
Hwaseong-si	3721	12682	476
Kansas City	3910	-9458	475
Yinchuan	3847	10627	475
Skopje	4200	2143	475
Vereeniging	-2667	2793	475
The Hague	5208	430	474
Long Beach	3377	-11819	474
Mixco	1463	-9061	473
Lyon	4575	485	472
Londrina	-2331	-5116	472
Mesa	3342	-11182	472
Matsudo	3578	13990	470
Juiz de Fora	-2176	-4335	470
Nishinomiya-hama	3472	13533	469
Tula	5420	3762	469
Staten Island	4056	-7414	469
Kawaguchi	3581	13971	469
Ciudad Apodaca	2578	-10019	467
Zunyi	2769	10691	466
Jiaxing	3075	12075	466
Belford Roxo	-2276	-4340	466
Jammu	3274	7487	466
Liaoyuan	4290	12514	465
Edinburgh	5595	-320	465
Atlanta	3375	-8439	464
Kananga	-590	2242	464
Bloemfontein	-2912	2621	463
Xiangyang	3204	11214	463
Gdańsk	5435	1865	462
Calabar	496	833	462
Dadukou	2655	10171	462
Joinville	-2630	-4885	461
Ḩamāh	3513	3676	461
Kurnool	1583	7804	460
Antwerpen	5122	440	460
Kanazawa	3660	13662	459
Karabağlar	3837	2714	458
Zamboanga	691	12207	458
Kirov	5860	4966	457
Ujjain	2318	7578	457
Kota Kinabalu	597	11607	457
Colorado Springs	3883	-10482	457
Niterói	-2288	-4310	456
Hengshui	3773	11570	456
Tabuk	2840	3657	455
Pontianak	-3	10933	455
Leeds	5380	-155	455
Namp’o	3874	12541	455
Bacolod City	1067	12295	455
São João de Meriti	-2280	-4337	455
Mansilingan	1063	12298	454
Virginia Beach	3685	-7598	453
Rāmgundam	1880	7945	452
Luhansk	4857	3932	452
Manado	148	12485	452
Karagandy	4980	7310	452
Raleigh	3577	-7864	451
Jining	3541	11658	450
Constantine	3637	661	450
Wenshan City	2336	10425	450
Juba	485	3158	450
Muratpaşa	3689	3076	450
Utsunomiya	3657	13988	450
Heroica Matamoros	2588	-9750	450
Şanlıurfa	3717	3879	450
Chengde	4095	11796	449
Ōita	3323	13160	449
Cardiff	5148	-318	447
San Juan	-3154	-6854	447
Cheboksary	5613	4725	447
Boksburg	-2621	2826	445
Cagayan de Oro	848	12465	445
Omaha	4126	-9594	444
Matsuyama	3384	13277	443
San Nicolás de los Garza	2574	-10030	443
Amagasaki	3472	13542	442
Shyamnagar	2283	8837	442
Dasmariñas	1433	12094	442
Malatya	3835	3832	442
Miami	2577	-8019	441
Nangi	2251	8822	441
Pereira	481	-7570	440
Kozhikode	1125	7578	440
Mawlamyine	1649	9763	439
Iquitos	-375	-7325	438
Kurashiki	3458	13377	438
Sunch’ŏn	3943	12593	437
Sultangazi	4111	2887	437
Garoua	930	1340	437
Murcia	3799	-113	437
Mwanza	-252	3290	437
Uyo	505	793	437
Bei’an	4827	12660	436
Kousséri	1208	1503	436
Mālegaon	2055	7453	435
Davangere	1447	7593	435
Kaliningrad	5471	2051	435
Karbala	3262	4402	434
Masan	3513	12683	434
Ananindeua	-137	-4837	434
Balikpapan	-127	11683	434
Brampton	4368	-7977	434
Toulouse	4360	144	433
Tel Aviv	3208	3478	433
Namangan	4100	7167	432
Katsina	1299	760	432
Welkom	-2798	2674	432
Santa Marta	1124	-7420	432
Al Maḩallah al Kubrá	3097	3117	431
Jalgaon	2100	7557	429
Yokosuka	3528	13967	429
Akola	2071	7700	429
Belgaum	1585	7450	429
Veracruz	1918	-9614	428
Luqiao	2858	12137	428
Bryansk	5325	3437	427
Maltepe	4094	2916	427
Al Kharj	2416	4733	425
Barcelona	1014	-6469	425
Chaozhou	2365	11662	425
Xalapa de Enríquez	1953	-9692	425
Ado-Ekiti	762	522	424
Bratislava	4815	1711	424
Gaya	2480	8500	424
Udaipur	2459	7371	423
Likasi	-1098	2674	422
Luxor	2570	3264	422
Ibagué	444	-7523	422
Shaoxing	3000	12058	421
Ivanovo	5700	4097	421
Erzurum	3991	4128	421
Akure	725	519	421
Asyūţ	2718	3118	421
Jambi City	-160	10362	420
Al Manşūrah	3104	3138	420
Oakland	3780	-12227	419
Korba	2235	8270	419
Bokāro	2379	8596	419
San Juan	1847	-6611	418
Kolwezi	-1071	2547	418
Auckland	-3685	17476	418
Sukkur	2770	6886	418
Mangalore	1292	7486	417
Luohe	3356	11404	417
Pasay	1454	12100	417
Sevastopol	4461	3352	416
Azcapotzalco	1949	-9919	415
Shymkent	4230	6960	414
Yangquan	3786	11356	413
Magnitogorsk	5342	5905	413
Jhānsi	2546	7858	413
Florianópolis	-2760	-4855	413
Santos	-2396	-4633	411
Maturín	975	-6318	411
Minneapolis	4498	-9326	411
Thoothukudi	877	7813	411
Ardabīl	3825	4829	411
Nagasaki	3275	12988	410
Chaoyang	4157	12046	410
Gaza	3150	3447	410
Kursk	5174	3619	409
Tonalá	2062	-10323	409
Jeju City	3351	12652	408
Panamá	899	-7952	408
Xochimilco	1925	-9910	408
Szczecin	5343	1455	408
Biên Hòa	1094	10682	407
Villa Nueva	1453	-9059	407
Ribeirão das Neves	-1977	-4409	407
Hirakata	3481	13565	406
Oujda-Angad	3468	-191	405
Tanda	3079	3100	405
Newcastle	-2776	2993	405
Nellore	1445	7999	404
Hsinchu	2480	12097	404
Jixi	4530	13096	404
Zanzibar	-616	3920	404
Tulsa	3615	-9599	404
Taoyuan City	2499	12130	402
Kassala	1545	3640	401
Lekki	641	409	401
Palma	3957	265	401
Kitwe	-1280	2821	401
Nasiriyah	3106	4626	400
Tver	5686	3590	400
Machida	3554	13945	400
Yangjiang	2186	11196	400
Khmelnytskyi	4942	2700	398
Gifu-shi	3542	13676	398
Tiruppur	1112	7735	398
Keelung	2513	12174	398
Al Hoceïma	3525	-394	396
Manchester	5348	-224	396
Surrey	4911	-12283	395
Vila Velha	-2033	-4029	395
Weifang	3671	11910	395
Fujisawa	3535	13948	395
Ndola	-1296	2864	395
Kollam	888	7658	394
Serra	-2013	-4031	394
Samsun	4128	3634	394
Tallinn	5944	2475	394
Bamenda	596	1015	394
El Obeid	1318	3022	393
Bello	634	-7556	393
Xinpu	3460	11916	392
Sandakan	584	11812	392
Buraydah	2633	4397	391
Kandahār	3161	6571	391
Diadema	-2369	-4662	391
Wichita	3769	-9734	390
New Orleans	2995	-9008	390
Comilla	2346	9119	389
Samut Prakan	1360	10060	389
Nampula	-1512	3927	389
Arlington	3274	-9711	388
Cleveland	4150	-8170	388
Bissau	1186	-1560	388
Iloilo	1070	12256	388
Khamis Mushait	1830	4273	388
Campos dos Goytacazes	-2175	-4133	387
Resistencia	-2746	-5898	387
Mişrātah	3238	1509	386
Mauá	-2367	-4646	386
Abomey-Calavi	645	236	386
Bochum	5148	722	386
Toyonaka	3478	13547	384
Iztacalco	1940	-9910	384
Betim	-1997	-4420	384
Fukuyama	3448	13337	383
N’dalatando	-930	1491	383
Delmas 73	1854	-7230	383
Pasto	121	-7728	382
Batman	3789	4113	382
Wellington	-4129	17478	382
Las Palmas de Gran Canaria	2810	-1541	382
Mazatlán	2323	-10641	382
Caxias do Sul	-2917	-5118	381
Nizhny Tagil	5792	5997	381
Irapuato	2068	-10136	381
Dezhou	3745	11631	380
Krugersdorp	-2609	2778	379
Pānihāti	2269	8837	379
Shibganj	2500	8932	379
Toyohashi	3477	13738	378
Zhoukou	3363	11463	377
Laval	4557	-7369	377
Huancayo	-1207	-7520	377
Makiyivka	4805	3793	377
Putian	2544	11901	377
Kahramanmaraş	3758	3693	376
Minato	3422	13515	375
Tirana	4133	1982	375
São José do Rio Preto	-2082	-4938	375
Kaunas	5490	2391	375
Nuevo Laredo	2748	-9952	374
Bakersfield	3537	-11902	374
Zhangjiakou Shi Xuanhua Qu	4061	11504	373
Seremban	273	10194	373
Miguel Hidalgo	1943	-9920	373
Stoke-on-Trent	5300	-219	373
Pingxiang	2762	11385	372
Van	3849	4338	372
Honolulu	2131	-15786	372
Abadan	3034	4830	370
Fenghuang	2794	10960	370
Puerto La Cruz	1021	-6463	370
Brno	4920	1661	370
Mahilyow	5392	3034	369
Natore	2441	8899	369
Tampa	2795	-8246	369
Canberra	-3528	14913	368
Nara-shi	3469	13580	367
Ahmadnagar	1909	7474	367
Dhūlia	2090	7478	367
Olinda	-801	-3486	367
Kenitra	3426	-658	367
Bydgoszcz	5312	1801	366
Kuantan	381	10333	366
Bologna	4449	1134	366
Cheonan	3681	12715	365
Petare	1048	-6681	365
Larkana	2756	6821	364
Al Qadarif	1403	3538	364
Christchurch	-4353	17263	364
Stavropol’	4504	4197	363
Toyota	3508	13715	362
Manukau City	-3699	17488	362
Zhaoqing	2305	11246	362
Ataşehir	4098	2912	362
Bhāgalpur	2524	8697	362
Shekhupura	3171	7399	361
Carapicuíba	-2352	-4684	361
Wuppertal	5126	715	361
Tamale	940	-84	361
Ulan-Ude	5183	10761	360
Nagano	3665	13818	360
Bobo-Dioulasso	1118	-430	360
Lublin	5125	2257	360
Huocheng	4405	8087	360
Aurora	3973	-10483	359
Coventry	5241	-151	359
Halifax	4465	-6357	359
Anqing	3051	11705	359
Taraz	4290	7137	358
San Jose del Monte	1481	12105	358
Manizales	507	-7552	358
Kwangmyŏng	3748	12687	358
Zanjān	3668	4850	357
Iwaki	3705	14088	357
Bacoor	1446	12094	357
Asahikawa	4377	14236	357
Xico	1927	-9895	356
Kimhae	3523	12888	356
Arkhangel’sk	6454	4054	356
Ambon	-370	12818	356
Samarinda	-49	11715	355
Benito Juarez	1940	-9916	355
Bilbao	4326	-293	355
Santiago del Estero	-2780	-6426	355
Takatsuki	3485	13562	354
Thessaloníki	4064	2293	354
Villahermosa	1799	-9293	354
Barinas	862	-7021	353
Neiva	293	-7528	353
Ciudad General Escobedo	2580	-10032	352
Okazaki	3495	13717	352
Bandar Abbas	2719	5628	352
Vinnytsia	4923	2848	352
Ras Al Khaimah City	2579	5594	352
Anshun	2625	10593	352
Suita	3476	13552	352
Wakayama	3423	13517	351
Anaheim	3384	-11791	351
Hualien City	2398	12160	350
Lapu-Lapu City	1031	12395	350
Punāsa	2224	7639	350
Muzaffarnagar	2947	7770	350
Florence	4378	1125	349
Sanandaj	3531	4700	349
Latur	1840	7657	349
Campina Grande	-723	-3588	349
Etobicoke	4365	-7957	348
Camagüey	2138	-7792	348
London	4298	-8123	347
Chifeng	4227	11896	347
Hŭngnam	3983	12762	346
Nur-Sultan	5118	7145	346
Belgorod	5061	3658	345
Kosti	1316	3266	345
Taihecun	4576	13085	345
Doha	2529	5153	345
Turmero	1023	-6747	345
Kurgan	5545	6533	343
Rangpur	2575	8925	343
Bhimbar	3297	7408	343
Vitebsk	5519	3020	343
Iligan	823	12424	343
Soledad	1092	-7476	343
Shiqi	2252	11339	342
Piracicaba	-2273	-4765	342
Zürich	4737	855	342
Kūkatpalli	1748	7841	342
Jhang Sadr	3127	7232	341
Arusha	-337	3668	341
Ambattūr	1310	8016	341
Kōriyama	3740	14038	341
Plovdiv	4215	2475	340
Celaya	2052	-10082	340
Chitungwiza	-1801	3108	340
Kashiwa	3586	13998	340
Latakia	3553	3579	340
Aksu	4118	8028	340
Serekunda	1344	-1668	340
Tokorozawa	3580	13947	339
Corrientes	-2747	-5883	339
Kaluga	5453	3628	339
Macapá	4	-5107	339
Cuernavaca	1893	-9923	339
Nice	4370	727	339
Kaesŏng	3797	12655	338
Ciudad Bolívar	813	-6354	338
Kawagoe	3591	13949	338
Tungi	2389	9040	338
Randburg	-2609	2800	337
Bellary	1514	7692	337
Itaquaquecetuba	-2349	-4635	337
Simferopol	4496	3411	336
Kochi	3355	13353	336
Sunderland	5490	-138	335
Santa Ana	3375	-11787	335
Bauru	-2231	-4906	335
San José	993	-8408	335
Alicante	3835	-48	335
Takamatsu	3433	13405	334
Tieling	4229	12384	334
Qazvin	3627	5000	334
Muzaffarpur	2612	8539	333
Kāmārhāti	2267	8837	333
Tepic	2151	-10490	333
Wad Medani	1440	3352	333
Jincheng	3550	11283	333
Montes Claros	-1673	-4386	332
Bielefeld	5203	853	332
Bujumbura	-338	2936	332
Mandaue City	1032	12392	331
Khorramshahr	3044	4818	331
Mathura	2750	7767	331
Khorramabad	3349	4836	330
Soyapango	1371	-8914	330
Patiāla	3034	7639	329
Wŏnsan	3915	12744	329
Pavlodar	5228	7697	329
Córdoba	3789	-477	328
Chānda	1995	7930	328
Canoas	-2992	-5118	328
Sochi	4360	3973	328
Chongjin	4180	12978	327
Yanji	4291	12951	327
Bhīlwāra	2535	7464	326
Tétouan	3558	-537	326
Mogi das Cruzes	-2352	-4619	326
Toyama	3670	13722	326
Piura	-519	-8063	325
Birkenhead	5339	-301	325
Thrissur	1052	7622	325
Brahmapur	1931	8479	325
São Vicente	-2396	-4639	324
Orël	5297	3608	324
Corpus Christi	2780	-9740	324
Suizhou	3171	11336	324
Posadas	-2737	-5590	324
Al ‘Amārah	3184	4714	323
Volzhskiy	4879	4478	323
Riverside	3395	-11740	322
Ixtapaluca	1932	-9888	322
Villavicencio	414	-7363	322
Jundiaí	-2319	-4688	322
San Miguelito	905	-7947	322
Smolensk	5478	3204	321
Ciudad del Este	-2551	-5461	321
Pelotas	-3177	-5234	321
Kherson	4666	3262	320
Shāhjānpur	2788	7991	320
Akita	3972	14012	320
Thiès	1479	-1693	320
Maroua	1059	1432	320
Morón	-3465	-5862	320
Anápolis	-1633	-4895	320
Shimoga	1393	7557	320
Samarkand	3965	6696	319
Murmansk	6898	3309	319
Islington	5154	-10	319
Holguín	2089	-7626	319
Ust-Kamenogorsk	4997	8261	319
Ad Dīwānīyah	3199	4493	319
Shangrao	2845	11794	319
Mataram	-858	11612	319
Andijon	4078	7234	318
Reading	5146	-97	318
Iaşi	4717	2760	318
Valladolid	4166	-472	318
Poltava	4959	3454	318
New Delhi	2864	7722	318
Koshigaya	3589	13979	317
Vladikavkaz	4304	4467	317
Hrodna	5369	2383	317
Katowice	5026	1903	317
Rohtak	2889	7659	317
Baicheng	4561	12282	317
Chimbote	-909	-7858	317
Cluj-Napoca	4677	2360	317
Calamba	1421	12117	317
Bauchi	1031	984	316
Cherepovets	5913	3790	316
St. Louis	3863	-9020	316
Armenia	453	-7568	315
Al Kūt	3251	4582	315
Timişoara	4575	2123	315
Vologda	5922	3988	315
Şişli	4106	2899	315
Lexington-Fayette	3805	-8446	314
Kingston upon Hull	5374	-34	314
Soacha	458	-7422	314
Temara	3393	-691	314
Preston	5376	-270	313
Ganja	4068	4636	313
Lianshan	4076	12085	313
Denizli	3777	2909	313
Ikeja	660	334	313
Bonn	5073	710	313
Ostrava	4983	1828	313
Varna	4322	2792	313
Vitória	-2032	-4034	313
Wusong	3095	11778	313
Iligan City	825	12440	312
Cusco	-1352	-7197	312
Maringá	-2343	-5194	312
Miyazaki	3192	13142	311
Percut	363	9886	311
Pucallpa	-838	-7455	311
Jingdezhen	2929	11721	311
Guarujá	-2399	-4626	310
Sariwŏn	3851	12576	310
Vladimir	5614	4040	310
Antofagasta	-2365	-7040	310
Botshabelo	-2927	2673	310
Bengkulu	-380	10227	310
Butuan	895	12554	310
Tampico	2229	-9788	309
Oshawa	4390	-7885	309
Cabuyao	1427	12113	309
Chita	5203	11350	309
Newcastle	-3293	15178	308
Valledupar	1046	-7325	308
Biskra	3485	573	308
Mannheim	4949	847	308
Chernihiv	5151	3128	308
Irbid	3256	3585	307
Tumkūr	1334	7710	307
Chinju	3519	12808	307
Newport	5159	-300	307
Tawau	424	11789	306
Shengli	3746	11849	306
Fīrozābād	2715	7840	306
Al Fayyūm	2931	3084	306
Porto Velho	-876	-6390	306
San Salvador de Jujuy	-2419	-6530	306
Brakpan	-2624	2837	306
Stockton	3796	-12129	306
Mandaluyong City	1458	12104	306
Nizāmābād	1867	7810	305
Kulti	2373	8684	305
Ciudad Victoria	2374	-9915	305
Tláhuac	1929	-9901	305
Franca	-2054	-4740	305
Rājahmundry	1701	8178	305
Pittsburgh	4044	-8000	304
Craiova	4432	2380	304
Constanţa	4418	2863	303
Saransk	5418	4517	303
Mazār-e Sharīf	3671	6711	303
Barddhamān	2326	8786	302
Malmö	5561	1300	302
Gujrat	3257	7408	302
Naha	2622	12768	301
Brest	5210	2369	301
Mardan	3420	7205	300
Surgut	6125	7342	300
Swansea	5162	-394	300
Xinyuan	4343	8325	300
Yangshuo	2478	11049	300
Kyzylorda	4485	6551	300
George Town	541	10034	300
Biñan	1434	12108	300
Winejok	901	2757	300
Mérida	859	-7116	300
Angeles City	1515	12058	299
Bradford	5379	-175	299
Santol	1516	12057	299
Anchorage	6122	-14990	299
Ciudad Obregón	2749	-10994	299
Kasugai	3525	13697	299
Jember	-817	11370	299
Aomori	4082	14073	298
Ōtsu	3500	13587	298
Bārāsat	2272	8848	298
Elazığ	3867	3922	298
Okanagan	5036	-11935	298
Cherkasy	4943	3206	298
Vigo	4223	-872	297
Akashi	3466	13501	297
Bāli	2265	8834	297
Cincinnati	3913	-8451	297
Hisar	2915	7572	296
Rāmpur	2881	7903	296
Yokkaichi	3497	13662	296
Yeosu	3476	12766	296
Southend-on-Sea	5154	71	295
Morioka	3970	14115	295
Viña del Mar	-3302	-7155	295
Sumy	5092	3480	294
Fukushima	3775	14047	294
Galaţi	4544	2805	294
Blumenau	-2692	-4907	294
Greater Noida	2850	7754	294
Noida	2858	7733	294
Foz do Iguaçu	-2555	-5459	294
Al Hufūf	2536	4959	293
Kākināda	1696	8224	293
Pānīpat	2939	7697	293
Semey	5043	8027	293
Makurdi	773	852	293
Wollongong	-3442	15089	292
Ponta Grossa	-2509	-5016	292
Minna	962	655	292
Białystok	5313	2316	292
Mbeya	-890	3345	292
Mueang Nonthaburi	1386	10051	292
Gumi	3611	12834	291
Tambov	5273	4144	291
Catania	3749	1507	291
Al Mubarraz	2541	4959	291
Bafoussam	548	1042	291
Kasur	3112	7445	291
Utrecht	5209	512	291
Xiuying	2000	11029	290
Paulista	-794	-3487	290
Al Ḩillah	3246	4442	290
Limeira	-2256	-4740	290
Parbhani	1927	7677	290
Victoria	4844	-12335	290
Beihai	2148	10910	290
Huizhou	2311	11442	289
Zeytinburnu	4099	2890	289
Tsuen Wan	2237	11411	289
Ironville	3846	-8269	289
Meads	3841	-8271	289
Sétif	3619	541	288
Safi	3230	-924	288
Sinŭiju	4010	12440	288
Huế	1646	10760	287
Darbhanga	2615	8590	287
Adapazarı	4078	3040	287
Sultanbeyli	4096	2927	287
Henderson	3604	-11498	286
Greensboro	3607	-7979	285
Viamão	-3008	-5102	285
Zagazig	3059	3150	285
Saint Paul	4494	-9309	285
Kuala Terengganu	533	10314	285
Ismailia	3060	3227	285
Alto Barinas	859	-7023	284
Dihok	3687	4299	284
Karlsruhe	4901	840	284
Port Moresby	-948	14715	284
Plano	3302	-9670	284
Ichihara	3552	14008	284
Iksan	3594	12695	284
Nha Trang	1225	10919	283
Suzano	-2354	-4631	283
Alwar	2756	7663	283
Cainta	1458	12112	283
Pétionville	1851	-7229	283
Maebashi	3640	13908	283
Bilāspur	2208	8216	283
Logan City	-2764	15311	283
Valparaíso	-3304	-7163	282
Palu	-91	11987	282
Kupang	-1017	12361	282
Zhytomyr	5026	2868	282
Newark	4074	-7417	282
Itagüí	618	-7560	282
Nicolás Romero	1964	-9931	282
Gebze	4080	2943	281
Narsingdi	2392	9072	281
Batna	3556	617	281
Chuzhou	3232	11830	281
Merkezefendi	3781	2904	280
Ichinomiya	3530	13680	280
Tacna	-1801	-7025	280
Mingora	3478	7236	280
Toledo	4166	-8356	280
Ensenada	3187	-11660	280
Efon-Alaaye	766	492	279
Yoshkar-Ola	5664	4789	279
Taganrog	4724	3890	279
Santa Teresa del Tuy	1023	-6666	279
Horlivka	4834	3805	279
Windsor	4230	-8302	278
Coacalco	1963	-9911	278
Ilesa	763	474	278
Kostroma	5777	4093	278
Gijón	4354	-566	278
Bari	4112	1687	277
Lincoln	4080	-9667	277
Khomeynī Shahr	3269	5154	277
Sfax	3474	1076	277
Nantes	4722	-155	277
Cuenca	-290	-7900	277
Owo	720	559	277
Bahía Blanca	-3872	-6227	277
Sukabumi	-692	10693	276
Braşov	4565	2561	276
Komsomolsk-on-Amur	5055	13701	276
Hakodate	4178	14074	276
Bab Ezzouar	3673	318	276
Mokolo	1074	1380	275
Caucaia	-374	-3865	275
Strasbourg	4858	775	275
Belfast	5460	-593	275
Kashgar	3947	7599	275
Ramadi	3342	4331	275
Ichalkaranji	1669	7446	274
Ibaraki	3482	13557	274
Yao	3462	13560	273
Herāt	3435	6220	273
Guantánamo	2014	-7521	273
Nal’chik	4350	4362	273
Baguio	1642	12059	273
Petrópolis	-2250	-4318	273
Ar Rayyān	2529	5142	272
Wiesbaden	5008	825	272
Montería	875	-7588	272
Ljubljana	4605	1451	272
Hafar Al-Batin	2843	4597	272
Kakogawachō-honmachi	3477	13483	272
Tasikmalaya	-733	10822	271
Bijapur	1682	7572	271
Orlando	2854	-8138	271
Linyi	3506	11834	271
Derby	5292	-148	270
San Pedro	1436	12105	270
Münster	5196	763	270
Gelsenkirchen	5151	710	270
Mokpo	3481	12639	268
Santa Catarina	2567	-10046	268
Russeifa	3202	3605	268
Windhoek	-2256	1708	268
Tshikapa	-642	2080	267
Kafr ad Dawwār	3113	3013	267
Tokushima	3407	13457	267
Haifa	3282	3499	267
Sterlitamak	5362	5595	267
Ha'il	2752	4169	267
Bagerhat	2266	8979	266
Chengzhong	3094	11355	266
Wuzhou	2348	11132	266
Chula Vista	3264	-11708	266
Hulan Ergi	4720	12363	265
Aizawl	2373	9272	265
Aachen	5078	608	265
Sumqayıt	4059	4967	265
Mantampay	817	12422	265
Petrozavodsk	6178	3435	265
El Daein	1146	2613	265
Umuahia	552	749	265
Uruapan	1941	-10206	264
Jersey City	4073	-7408	264
Mianyang	3147	10468	264
Sivas	3975	3702	264
Witbank	-2587	2923	262
Aktobe	5028	5721	262
Paraná	-3173	-6053	262
Jālna	1984	7589	262
Lal Bahadur Nagar	1735	7856	262
Mönchengladbach	5119	644	262
Markham	4387	-7927	262
Dewas	2297	7606	261
Sincelejo	930	-7540	261
Tongliao	4361	12227	261
Uberaba	-1975	-4793	261
Chandler	3331	-11184	261
Fort Wayne	4113	-8513	260
Plymouth	5037	-414	260
Karamay	4558	8489	260
Aral	4054	8127	260
Nakuru	-31	3607	260
Cần Thơ	1004	10579	260
Augsburg	4837	1090	259
Hiratsuka	3533	13934	259
Gajuwaka	1770	8322	259
Jiujiang	2970	11600	259
Jining	4103	11311	259
Popayán	244	-7661	259
Najrān	1749	4413	259
Mukalla	1454	4912	258
Buffalo	4289	-7888	258
Luton	5188	-42	258
Pekalongan	-689	10968	258
Cumaná	1045	-6418	258
Satna	2458	8083	258
Rio Branco	-997	-6781	258
Durham	3599	-7890	258
Etāwah	2678	7902	257
Gómez Palacio	2557	-10350	257
Cascavel	-2496	-5346	257
St. Petersburg	2777	-8268	257
L'Hospitalet de Llobregat	4136	210	257
Ondo	709	484	257
Chimoio	-1912	3348	257
Irvine	3367	-11782	257
Espoo	6021	2465	257
Los Mochis	2579	-10900	257
Bratsk	5613	10161	257
Pachuca de Soto	2012	-9873	257
Tarsus	3692	3489	256
Laredo	2751	-9951	255
Sari	3656	5306	255
Durg	2119	8128	255
Rivne	5062	2623	255
Oaxaca	1707	-9672	255
Soledad de Graciano Sánchez	2219	-10094	255
Turpan	4295	8918	255
Ikot Ekpene	518	771	255
Heze	3524	11547	255
Yamagata	3823	14037	255
Cirebon	-671	10856	254
Novo Hamburgo	-2968	-5113	254
Cox’s Bāzār	2144	9201	254
Gdynia	5452	1853	254
Naihāti	2289	8842	253
Vitória da Conquista	-1487	-4084	253
Laohekou	3239	11167	253
Talcahuano	-3672	-7312	253
Richards Bay	-2878	3204	253
Wolverhampton	5259	-212	253
El Fasher	1363	2535	253
Woodlands	144	10379	253
Thiès Nones	1478	-1697	252
Dire Dawa	959	4187	252
Floridablanca	706	-7309	252
Suihua	4664	12700	252
Barueri	-2351	-4688	252
Borūjerd	3390	4875	252
Liupanshui	2659	10483	252
Qarchak	3543	5158	252
Taubaté	-2303	-4556	252
Nanyang	3299	11253	252
San Fernando	1503	12068	251
Morogoro	-682	3766	251
Governador Valadares	-1885	-4195	251
Tirupati	1364	7942	251
Banda Aceh	554	9533	251
Wafangdian	3962	12201	251
Sonīpat	2899	7702	251
Santa Clara	2241	-7996	251
Iwo	764	418	250
Libertad	894	12550	250
Gombe	1029	1117	250
Āvadi	1311	8011	250
Praia Grande	-2401	-4640	250
Port-de-Paix	1994	-7283	250
Niš	4332	2190	250
Singa	1315	3393	250
San Bernardo	-3359	-7070	250
Várzea Grande	-1565	-5613	250
Porto	4115	-861	250
Volta Redonda	-2252	-4410	250
Navotas	1467	12095	249
Kropyvnytskyi	4851	3226	249
Santa Maria	-2968	-5381	249
Lubbock	3358	-10186	249
Madison	4307	-8940	249
Tehuacán	1846	-9740	249
Fukui-shi	3606	13622	249
Kamianske	4851	3460	249
Montpellier	4361	388	248
Jimeta	928	1246	248
Częstochowa	5080	1912	248
Tiruvottiyūr	1316	8030	248
Palmira	354	-7630	248
Bukhara	3977	6443	248
City of Westminster	5150	-14	248
Gilbert	3335	-11179	248
Saugor	2384	7874	247
Udon Thani	1742	10279	247
Chemnitz	5084	1293	247
Ica	-1407	-7573	247
Orsk	5120	5857	247
Vanderbijlpark	-2671	2784	247
San Cristóbal	777	-7222	247
Mito	3635	14045	247
Norfolk	3685	-7629	246
Rizhao	3543	11946	246
Southampton	5090	-140	246
Kyain Seikgyi Township	1582	9825	246
A Coruña	4337	-840	246
Mau	2594	8356	246
Shimonoseki	3395	13095	246
Juliaca	-1550	-7013	246
Ji’an	2712	11498	245
Gorgān	3684	5444	245
Nizhnevartovsk	6093	7655	245
Braunschweig	5227	1053	245
Hebi	3590	11419	245
Bago	1734	9648	244
Bihār Sharīf	2520	8552	244
Baruta	1043	-6688	244
Merlo	-3467	-5873	244
Trabzon	4101	3973	244
Jessore	2317	8921	244
Manisa	3861	2743	244
Louisville	3825	-8576	244
Santa Luzia	-1977	-4385	244
Gunsan	3598	12671	243
Wŏnju	3735	12795	243
Musaffah	2436	5448	243
Angarsk	5254	10389	243
Hāpur	2873	7778	243
Bathinda	3021	7494	243
Deir ez-Zor	3534	4014	243
Huayin	3457	11007	242
Berbera	1044	4501	242
Ojo de Agua	1968	-9901	242
Gatineau	4548	-7570	242
Yibin	2876	10464	242
Neuquén	-3895	-6806	242
Tacloban	1124	12500	242
Novorossiysk	4472	3777	242
Reno	3953	-11981	241
Aswan	2409	3290	241
Winston-Salem	3610	-8024	241
Farrukhābād	2739	7958	241
Sancaktepe	4100	2923	241
Takasaki	3633	13902	241
Anantapur	1468	7761	240
Buenaventura	388	-7703	240
Lankaran	3875	4885	240
Glendale	3354	-11219	240
Fuji	3517	13868	240
Khimki	5590	3743	240
Blackpool	5382	-305	239
Xiantao	3037	11344	239
Hachinohe	4050	14150	239
Vaughan	4384	-7950	239
Gravataí	-2994	-5099	239
Neyagawa	3477	13563	239
Magdalena Contreras	1933	-9921	238
Nāgarpur	2406	8988	238
Kurume	3332	13052	238
Balıkesir	3965	2789	238
Temuco	-3874	-7260	238
Krefeld	5134	655	238
Seeb	2367	5819	238
Bārāsat	2223	8845	238
Århus	5616	1021	238
Sasebo	3317	12973	237
Batangas	1376	12106	237
Al Jubayl	2702	4962	237
Pathein	1678	9473	237
Tegal	-687	10914	237
Hialeah	2586	-8028	237
Djougou	971	167	237
Sylhet	2490	9187	237
Garland	3291	-9664	237
Ratlām	2333	7504	237
Scottsdale	3351	-11190	237
Irving	3281	-9695	237
Košice	4871	2126	237
Chernivtsi	4829	2594	236
Dera Ghazi Khan	3005	7064	236
Coatzacoalcos	1815	-9444	236
Yuci	3768	11273	236
Sant Martí	4142	220	236
Sahiwal	3067	7310	236
Ternopil	4955	2559	236
Gasteiz / Vitoria	4285	-267	236
Yakutsk	6203	12973	236
Chesapeake	3682	-7627	235
Caruaru	-828	-3598	235
Qinā	2616	3273	235
Boa Vista	282	-6067	235
Kediri	-782	11202	235
Georgetown	680	-5816	235
Ramagundam	1875	7947	235
Kismayo	-36	4255	235
Ibb	1397	4418	235
Türkmenabat	3907	6358	235
North Las Vegas	3620	-11512	235
Granada	3719	-361	234
Nizhnekamsk	5564	5182	234
Porto-Novo	650	260	234
Halle (Saale)	5148	1198	234
Kitchener	4343	-8051	234
Centurion	-2586	2819	233
Magugpo Poblacion	745	12580	233
Dzerzhinsk	5624	4346	233
Takoradi	490	-176	233
Kiel	5432	1013	233
Linfen	3609	11152	233
Fremont	3755	-12199	232
Beni	49	2947	232
Bordeaux	4484	-58	232
Gangānagar	2992	7387	232
Chigasaki	3534	13940	232
Gent	5105	372	231
Taytay	1456	12113	231
Sōka	3584	13980	231
Ngaoundéré	733	1358	231
Suncheon	3495	12749	231
Sejong	3659	12729	230
José C. Paz	-3452	-5877	230
Syktyvkar	6166	5081	230
Elche	3826	-70	230
Marka	172	4477	230
Nukus	4245	5961	230
Quilmes	-3473	-5826	230
Ḩalwān	2984	3130	230
Atani	601	675	230
Milton Keynes	5204	-76	230
Magdeburg	5213	1163	230
Rio Verde	-1780	-5093	230
Nawabshah	2624	6840	230
Tripoli	3443	3584	229
Bharatpur	2722	7749	229
Longueuil	4553	-7352	229
Atsugi	3544	13937	229
Croix-des-Bouquets	1858	-7223	229
Uitenhage	-3376	2540	229
Ploieşti	4495	2602	229
Sungai Petani	565	10049	229
Binjai	360	9849	229
Lucena	1393	12162	229
Ipatinga	-1947	-4254	229
Karīmnagar	1844	7913	229
Baton Rouge	3044	-9119	229
Rạch Giá	1001	10508	228
Lille	5063	306	228
Miri	440	11399	228
Ciudad Lineal	4045	-365	228
Bexley	5144	15	228
Sumaré	-2282	-4727	228
Damanhūr	3103	3047	228
Nassau	2506	-7734	228
San Lorenzo	-2534	-5751	228
Iquique	-2021	-7015	227
Kremenchuk	4907	3342	227
Puducherry	1193	7983	227
Sosnowiec	5029	1910	227
Al Minyā	2809	3076	227
Staryy Oskol	5130	3784	227
Liaocheng	3646	11598	227
Gusau	1217	666	227
Radom	5140	2115	227
Pilar	-3446	-5891	227
Shrīrāmpur	2275	8834	226
Sabzevar	3621	5768	226
Huambo	-1278	1574	226
Groznyy	4331	4569	226
Geelong	-3815	14436	226
Rāichūr	1621	7736	226
Huanggang	2368	11700	226
Quthbullapur	1750	7846	226
Mubi	1027	1327	226
Bukavu	-249	2884	225
Lexington	3799	-8448	225
Juazeiro do Norte	-721	-3932	225
Mymensingh	2476	9041	225
Karnāl	2969	7698	225
Roodepoort	-2616	2787	225
Tanga	-507	3910	225
Jingling	3065	11310	225
Sucre	-1903	-6526	225
Nacala	-1456	4069	225
Ashdod	3179	3465	225
Minamirinkan	3550	13944	224
Oviedo	4336	-584	224
Paramaribo	587	-5517	224
Adıyaman	3776	3828	224
Arrah	2556	8466	224
Okara	3081	7345	224
Nārāyanganj	2361	9050	224
Tongchuanshi	3507	10908	224
Imphal	2481	9394	224
Najafābād	3263	5137	223
Paradise	3610	-11515	223
Qarshi	3886	6579	223
Gosāba	2217	8880	223
Puerto Princesa	974	11874	223
Xintai	3590	11775	222
Santa Cruz de Tenerife	2847	-1625	222
Haeju	3804	12571	222
Graz	4707	1545	222
Ikire	737	419	222
Embu	-2365	-4685	222
Formosa	-2618	-5817	221
Shakhty	4771	4021	221
Blagoveshchensk	5028	12754	221
Olongapo	1483	12028	221
Banja Luka	4478	1719	221
Neyshābūr	3621	5880	221
Wuxue	2985	11555	221
Babruysk	5314	2922	221
Rishon LeẔiyyon	3197	3479	220
Campeche	1984	-9053	220
Richmond	3755	-7746	220
Cabanatuan City	1549	12097	220
Mirzāpur	2514	8257	220
Messina	3819	1555	220
Dehiwala-Mount Lavinia	684	7987	220
Takarazuka	3480	13536	220
Kharagpur	2234	8733	220
Dhanbād	2380	8644	220
Tanjore	1079	7914	220
Badalona	4145	225	220
Ageoshimo	3597	13961	219
Binangonan	1446	12119	219
Oberhausen	5148	686	219
Chon Buri	1336	10098	219
Verona	4543	1098	219
Prokop’yevsk	5391	8672	219
Eldoret	52	3527	218
Wuhai	3968	10682	218
Bertoua	458	1368	218
Imperatriz	-553	-4749	218
San Pedro de Macorís	1845	-6931	218
Amarnāth	1920	7317	218
Taiping	485	10073	218
Alor Setar	612	10036	217
Purwokerto	-742	10923	217
Colombo	-2529	-4922	217
Jamaica	4069	-7381	217
Rybinsk	5804	3884	217
Hobart	-4288	14733	217
Santa Rosa	1431	12111	217
Kisumu	-10	3476	216
San Bernardino	3411	-11729	216
Imus	1443	12094	216
Freiburg	4800	785	216
Northampton	5225	-88	216
Purwakarta	-656	10744	216
Zelenograd	5598	3718	216
Archway	5157	-13	216
Mirpur Khas	2553	6901	216
Daloa	688	-645	216
Mek'ele	1350	3948	216
Biysk	5254	8521	215
Concepción	-3683	-7305	215
Novi Sad	4525	1984	215
Jinzhou	3910	12172	215
Monclova	2691	-10142	215
Mucumpiz	842	-7113	215
La Paz	2414	-11030	215
Velikiy Novgorod	5852	3127	215
Owerri	548	703	215
Shagamu	685	365	215
Taboão da Serra	-2363	-4679	215
Nazrēt	855	3927	214
Nāgercoil	818	7743	214
Lutsk	5076	2534	214
Bergen	6039	532	214
Brăila	4527	2797	214
Naz̧arābād	3595	5061	213
Guangyuan	3244	10582	213
Būkān	3652	4621	213
Spokane	4766	-11743	213
Norwich	5263	130	213
Jacareí	-2331	-4597	213
Chōfu	3566	13955	213
Loa Janan	-58	11710	213
Rancagua	-3417	-7074	213
Mokotów	5219	2103	213
Nogales	3131	-11094	213
Birmingham	3352	-8680	212
Bukit Mertajam	536	10047	212
Lipa City	1394	12116	212
Marília	-2221	-4995	212
Lübeck	5387	1069	212
Sepang	269	10175	212
Cartagena	3761	-99	212
Esenyurt	4103	2868	211
Modesto	3764	-12100	211
Kırıkkale	3985	3351	211
Hailar	4920	11970	211
Terrassa	4157	202	211
Abha	1822	4251	211
Tarhuna	3244	1363	211
Idkū	3131	3030	211
Matsumoto	3623	13797	211
Daliang	2284	11325	210
Qui Nhon	1378	10922	210
Des Moines	4160	-9361	210
Pāli	2577	7332	210
Arroyo Naranjo	2304	-8238	210
Bogra	2485	8937	210
Kostanay	5321	6362	210
Antakya	3621	3616	210
Rochester	4315	-7762	210
Chuncheon	3787	12773	210
Vũng Tàu	1035	10708	210
Eindhoven	5144	548	210
Pematangsiantar	296	9907	210
Kanggye	4097	12659	210
Presidente Prudente	-2213	-5139	210
Sanming	2625	11762	209
Sohag	2656	3169	209
Rennes	4811	-167	209
São Leopoldo	-2976	-5115	209
Ijebu-Ode	682	392	209
Yamunānagar	3013	7728	209
Nakhon Ratchasima	1497	10210	209
Toruń	5301	1860	209
Oruro	-1798	-6715	209
Kielce	5087	2063	209
Rewa	2453	8129	208
La Romana	1843	-6897	208
Gaborone	-2465	2591	208
Hangu	3925	11779	208
Maryvale	3350	-11218	208
Tacoma	4725	-12244	208
Lobito	-1236	1354	208
Ciputat	-624	10670	208
Sirjan	2945	5568	208
Arlington	3888	-7710	208
San Pablo	1407	12133	208
Jerez de la Frontera	3669	-614	208
Fontana	3409	-11744	207
Oxnard	3420	-11918	207
Ciampea	-655	10670	207
Kasukabe	3598	13975	207
Oradea	4705	2192	207
Annaba	3690	777	207
Sabadell	4154	211	206
Móstoles	4032	-386	206
Toamasina	-1815	4940	206
Dinājpur	2563	8864	206
Buenavista	1961	-9917	206
Itabuna	-1479	-3928	206
Kishiwada	3447	13537	206
Suzhou	3364	11698	205
São Carlos	-2202	-4789	205
Linz	4831	1429	205
Alcalá de Henares	4048	-336	205
Gaoping	3078	10610	204
Numazu	3510	13887	204
Ivano-Frankivsk	4892	2471	204
Moreno Valley	3394	-11723	204
Secunderabad	1750	7854	204
Jōetsu	3715	13824	204
Debrecen	4753	2162	204
Bīdar	1791	7752	204
Padova	4541	1189	204
Las Tunas	2096	-7695	204
Sa Dec	1029	10576	204
Hortolândia	-2286	-4722	204
Bayamón	1840	-6616	203
Daqing	4658	12500	203
Puerto Vallarta	2062	-10523	203
Agartala	2384	9128	203
Erfurt	5098	1103	203
Monghyr	2537	8647	203
Edéa	380	1013	203
Odawara	3526	13916	203
Atsiaman	570	-33	203
Osmaniye	3707	3625	203
Burnaby	4927	-12295	203
Bābol	3655	5268	203
Burhānpur	2131	7623	203
Tampere	6150	2379	203
Tapachula	1490	-9226	203
Yiyang	2859	11233	203
Çorlu	4116	2780	203
Linxia Chengguanzhen	3560	10321	202
Barisāl	2270	9037	202
Cileungsir	-639	10696	202
Nadiād	2269	7286	202
Mossoró	-519	-3734	202
Pskov	5781	2835	202
Fayetteville	3505	-7888	202
Yuncheng	3502	11099	202
Al Khums	3265	1426	202
Huntington Beach	3366	-11800	202
Chiniot	3172	7298	202
Itapevi	-2355	-4693	202
Chāpra	2578	8475	202
Rengasdengklok	-616	10730	201
Sete Lagoas	-1947	-4425	201
La Pintana	-3358	-7063	201
Yonkers	4093	-7390	201
Glendale	3414	-11826	201
Chiang Mai	1879	9898	201
Petropavl	5487	6915	201
Cabimas	1040	-7145	201
Dindigul	1037	7798	201
Aurora	4176	-8832	201
Montgomery	3237	-8630	201
Columbus	3246	-8499	201
Nicosia	3518	3336	200
Santo Domingo de los Colorados	-25	-7918	200
Jalālābād	3443	7045	200
Ugep	581	808	200
Yanbu	2409	3806	200
Charleroi	5041	444	200
São José	-2821	-4916	200
Ladner	4909	-12308	200
New Cairo	3003	3147	200
Sumedang	-686	10792	200
Petaẖ Tiqwa	3209	3489	200
Panchkula	3069	7685	200
Thika	-103	3707	200
Osh	4053	7280	200
Oral	5123	5137	200
Az Zāwīyah	3276	1273	200
Salé Al Jadida	3400	-674	200
Chakwama	1156	966	200
Pokhara	2827	8397	200
Shahkot	3157	7349	200
Sīkar	2761	7514	200
Tilburg	5156	509	200
Balakovo	5203	4780	200
Armavir	4499	4112	200
Kamoke	3198	7422	200
Saidpur	2578	8889	199
Āmol	3647	5235	199
Bila Tserkva	4981	3011	199
Dudley	5250	-208	199
Hagen	5136	747	199
Saskatoon	5213	-10667	199
Gliwice	5030	1868	199
Changji	4401	8730	199
Malolos	1484	12081	199
Amarillo	3522	-10183	199
Bulandshahr	2840	7786	199
Capiatá	-2536	-5745	199
Pamplona	4282	-164	198
Purnia	2578	8747	198
Kaiyuan	2370	10330	198
Rostock	5409	1214	198
Sibu	230	11182	198
Arnavutköy	4118	2874	198
Machala	-326	-7996	198
Little Rock	3475	-9229	198
Hospet	1527	7639	198
Fuenlabrada	4028	-379	198
Mentougou	3994	11609	198
Akron	4108	-8152	198
Talca	-3543	-7166	197
Gurgaon	2846	7703	197
Ciudad Madero	2227	-9784	197
Shreveport	3253	-9375	197
Ðà Lạt	1195	10844	197
Bīrjand	3287	5922	197
San-Pédro	475	-664	197
Vientiane	1797	10260	197
Aberdeen	5714	-210	197
Kure	3423	13257	197
İzmit	4076	2993	197
Reims	4927	403	197
Laayoune	2714	-1319	196
Palmas	-1017	-4833	196
Parauapebas	-607	-4990	196
Icheon-si	3728	12744	196
Townsville	-1927	14681	196
Sambhal	2858	7857	196
Americana	-2274	-4733	196
Engel’s	5148	4611	196
Gandhinagar	2322	7268	196
Burgas	4251	2747	196
Murwāra	2384	8039	196
Nagaoka	3745	13885	195
Guri-si	3760	12714	195
Coro	1140	-6967	195
Nishi-Tokyo-shi	3573	13954	195
Xinhui	2246	11305	195
Grand Rapids	4296	-8567	195
Kendari	-398	12252	195
Petrolina	-940	-4050	195
Yamoussoukro	682	-528	195
Kassel	5132	950	195
Nāngloi Jāt	2868	7707	194
Severodvinsk	6456	3983	194
Mobile	3069	-8804	194
Portsmouth	5080	-109	194
Nnewi	602	692	194
Parung	-642	10673	194
Divinópolis	-2014	-4489	194
Başakşehir	4109	2880	194
Ezhou	3040	11483	194
Maracanaú	-388	-3863	194
Itami	3478	13540	194
Nam Định	2043	10618	193
Uji	3489	13580	193
Machilīpatnam	1619	8114	193
Hyesan	4140	12818	193
Salt Lake City	4076	-11189	193
Bayamo	2037	-7664	193
Katihar	2554	8757	193
Tanjung Pinang	92	10446	192
Pār Naogaon	2480	8895	192
Newcastle upon Tyne	5497	-161	192
Klaipėda	5571	2114	192
Zabrze	5032	1879	192
Bojnūrd	3747	5733	192
Guatire	1047	-6654	192
Humen	2282	11367	192
Sidi Bel Abbès	3519	-63	192
Hat Yai	701	10048	192
Haicheng	4085	12275	192
Suzuka	3488	13658	191
Zinder	1381	899	191
Curug	-627	10656	191
Barrancabermeja	707	-7385	191
Zlatoust	5517	5965	191
Ormoc	1101	12461	191
Bhiwāni	2879	7614	191
Huntsville	3473	-8659	191
Zoucheng	3540	11697	191
Cork	5190	-847	190
Al Fallūjah	3335	4379	190
Ise-Ekiti	746	542	190
Vantaa	6029	2504	190
Kōfu	3567	13857	190
Paarl	-3373	1898	190
Tallahassee	3044	-8428	190
Saddiqabad	2831	7013	190
Banī Suwayf	2907	3110	190
Planaltina	-1562	-4765	189
Sunrise Manor	3621	-11507	189
Syzran’	5316	4847	189
Bytom	5035	1893	189
Mwene-Ditu	-701	2345	189
Panalanoy	1125	12501	189
Izumi	3448	13543	189
Santarém	-244	-5471	189
Wanxian	3082	10837	189
Kabwe	-1445	2845	189
Quelimane	-1788	3689	189
San Fernando del Valle de Catamarca	-2847	-6579	189
Almería	3684	-246	189
Camaçari	-1270	-3832	189
Labuan Bajo	-850	11989	189
Cibinong	-648	10685	189
Donghai	2295	11564	189
Baiyin	3655	10417	189
Mabalacat City	1522	12057	188
Santa Bárbara d'Oeste	-2275	-4741	188
Laizhou	3718	11994	188
Kultali	2190	8840	188
Praga Południe	5224	2109	188
Rio Grande	-3203	-5210	188
Grand Prairie	3275	-9700	188
Mohammedia	3369	-738	188
Sutton	5135	-20	188
Qo‘qon	4053	7094	187
Petropavlovsk-Kamchatsky	5304	15865	187
Chilpancingo	1755	-9951	187
Trieste	4565	1378	187
Cachoeiro de Itapemirim	-2085	-4111	187
Kikwit	-504	1882	187
Pinar del Río	2242	-8370	187
Pagadian	783	12344	187
Pābna	2401	8924	187
Cienfuegos	2215	-8045	187
Beersheba	3125	3479	187
Overland Park	3898	-9467	187
Raebareli	2623	8123	186
Shibīn al Kawm	3055	3101	186
Hitachi	3660	14065	186
Antsirabe	-1987	4703	186
Zawiya	3275	1273	186
Madiun	-763	11152	186
Haridwar	2995	7816	186
Leganés	4033	-376	186
Ad-Damazin	1179	3436	186
Arica	-1847	-7030	186
Le Havre	4949	11	186
Swindon	5156	-178	186
Singrauli	2420	8268	186
Richmond Hill	4387	-7944	186
Donostia / San Sebastián	4331	-197	185
Hamm	5168	782	185
Knoxville	3596	-8392	185
Jamaame	7	4274	185
Poza Rica de Hidalgo	2053	-9746	185
Moratuwa	677	7988	185
Kütahya	3942	2998	185
Mainz	4998	828	185
Meycauayan	1474	12096	185
Brescia	4554	1021	185
Worcester	4226	-7180	185
Zaoyang	3213	11275	185
Paltan	2374	9041	184
Jūnāgadh	2152	7046	184
Mutare	-1897	3267	184
Mbandaka	5	1826	184
Pemalang	-689	10938	184
Quanzhou	2491	11859	184
San Luis	-3330	-6634	184
Genève	4620	615	184
Tarlac City	1548	12060	184
Būrewāla	3017	7265	184
Brownsville	2590	-9750	184
Baishan	4194	12642	184
Sūjāngarh	2770	7447	184
Zaozhuang	3486	11755	184
Kushiro	4298	14437	184
Cergy-Pontoise	4904	208	183
Çorum	4055	3495	183
Ellore	1671	8110	183
Pātan	2768	8531	183
Manta	-96	-8071	183
Lembang	-681	10762	183
Bhusāval	2104	7579	183
Pak Kret	1391	10050	183
Khandwa	2182	7635	183
Santander	4346	-380	183
Liège	5063	557	183
Cúa	1016	-6688	183
Sakura	3572	14023	183
Kamensk-Ural’skiy	5642	6193	183
Itaboraí	-2274	-4286	182
Blida	3647	283	182
Newport News	3708	-7647	182
Santa Clarita	3439	-11854	182
Biratnagar	2646	8727	182
Carletonville	-2636	2740	182
Bahraigh	2757	8159	182
Barrie	4440	-7967	182
Monywa	2211	9514	182
Richmond	4917	-12314	182
Prato	4388	1110	182
Probolinggo	-775	11322	182
Sirsa	2953	7503	182
Guarenas	1047	-6662	182
Anda	4640	12531	181
Saarbrücken	4923	701	181
Shangqiu	3445	11565	181
Wādī as Sīr	3195	3582	181
Groningen	5322	657	181
Taranto	4046	1725	181
Malacca	220	10224	181
Chandannagar	2286	8837	181
Gangneung	3775	12887	181
Baharampur	2410	8825	181
Dodoma	-617	3574	181
Crawley	5111	-18	181
Rio Claro	-2241	-4756	180
Tāngāil	2425	8992	180
Matadi	-584	1346	180
Castelló de la Plana	3999	-5	180
Nepean	4534	-7572	180
Atyrau	4712	5188	180
Yangju	3783	12706	180
Indaiatuba	-2309	-4721	180
Surendranagar	2273	7165	180
Varāmīn	3532	5165	180
Dosquebradas	484	-7567	180
Passo Fundo	-2826	-5241	180
Xianning	2984	11432	179
Legaspi	1314	12374	179
Korla	4176	8615	179
Cotabato	722	12425	179
Podolsk	5542	3755	179
Vizianagaram	1812	8341	179
Providence	4182	-7141	179
Ila Orangun	802	490	179
Qianjiang	3042	11289	179
Chenzhou	2580	11303	179
Burgos	4234	-370	179
Klerksdorp	-2685	2667	179
Si Racha	1317	10093	179
Tiaret	3537	132	179
Amadora	3875	-923	179
Ipswich	5206	116	179
Saki	867	339	179
Chlef	3617	133	179
Fort Lauderdale	2612	-8014	179
East Flatbush	4065	-7393	178
Anjō	3496	13708	178
Spring Valley	3611	-11525	178
Kutaisi	4227	4269	178
Jingzhou	3035	11219	178
Proddatūr	1475	7855	178
Sittwe	2015	9290	178
Ar Raqqah	3595	3901	178
Meiktila	2088	9586	177
Loum	472	974	177
Vellore	1292	7913	177
Hugli	2291	8840	177
Alappuzha	949	7633	177
Santa Ana	1399	-8956	177
Chattanooga	3505	-8531	177
Malāyer	3430	4882	177
Bielsko-Biala	4982	1905	177
Yuzhno-Sakhalinsk	4695	14274	176
Almere Stad	5237	521	176
Split	4351	1644	176
Saint-Étienne	4543	439	176
Amroha	2890	7847	176
Regina	5045	-10462	176
Zhenzhou	3228	11917	176
Saint-Louis	1602	-1649	176
Turku	6045	2227	176
Tempe	3341	-11191	176
Xindi	2982	11347	176
Oceanside	3320	-11738	176
Tsukuba	3620	14010	176
Sāveh	3502	5036	176
Wigan	5354	-264	175
Garden Grove	3377	-11794	175
Khowy	3855	4495	175
Mzuzu	-1147	3402	175
Siverek	3776	3932	175
Rancho Cucamonga	3411	-11759	175
Cape Coral	2656	-8195	175
Jiutai	4415	12583	175
Hirosaki	4059	14047	175
Santa Rosa	3844	-12271	175
Naga	1362	12318	175
Cotia	-2360	-4692	175
Tomakomai	4264	14160	175
Tambaram	1292	8013	175
Pamulang	-634	10674	175
Bo	796	-1174	174
Pathānkot	3227	7565	174
Hadano	3537	13922	174
Bozhou	3388	11577	174
Cikupa	-624	10651	174
Bhind	2657	7879	174
Puerto Cabello	1047	-6801	174
Obihiro	4292	14320	174
Ube	3394	13125	174
Kramators’k	4872	3756	174
Shimla	3110	7717	174
Croydon	5138	-10	173
Myeik	1244	9860	173
Khān Yūnis	3134	3431	173
Bata	186	977	173
Midrand	-2599	2813	173
Chicoloapan	1942	-9890	173
Ongole	1550	8004	173
Vancouver	4564	-12266	173
Gadag-Betageri	1542	7562	173
Licheng	2330	11382	173
Salatiga	-733	11049	173
Miskolc	4810	2078	173
Isparta	3776	3055	172
Weinan	3450	10951	172
Kaolack	1415	-1607	172
Walsall	5259	-198	172
Herne	5154	723	172
Mansfield	5313	-120	172
Olsztyn	5378	2049	172
Francisco Morato	-2328	-4675	172
Hino	3567	13940	172
Netanya	3233	3486	172
Nanping	2664	11817	172
Bida	908	601	172
Sioux Falls	4355	-9670	172
Prizren	4221	2074	171
Dongling	4181	12358	171
Bacău	4657	2691	171
Oxford	5175	-126	171
Phra Pradaeng	1366	10053	171
Dagupan	1604	12033	171
Peoria	3358	-11224	171
Ontario	3406	-11765	171
Navsāri	2094	7292	171
Mülheim	5143	688	171
Kulim	536	10056	171
Puri	1980	8582	171
Haldia	2206	8811	171
Jackson	3230	-9018	171
Temirtau	5005	7296	171
Jacobabad	2828	6844	171
Khammam	1725	8014	171
Carolina	1838	-6596	170
Uvira	-340	2914	170
Portoviejo	-105	-8045	170
Rāiganj	2561	8812	170
Takaoka	3675	13702	170
Ingrāj Bāzār	2500	8815	170
Araçatuba	-2121	-5043	170
Fuyang	3290	11582	170
Kluang	203	10332	170
Albacete	3899	-186	170
Laiyang	3698	12071	170
Jaunpur	2575	8269	170
Ciudad del Carmen	1865	-9183	169
Reggio Calabria	3811	1566	169
Jaffna	967	8001	169
Arad	4618	2132	169
Bahir Dar	1159	3739	169
Baranovichi	5313	2601	169
Chalco	1926	-9890	169
Toulon	4312	593	169
Jabālyā	3153	3448	169
Araraquara	-2179	-4818	168
Bordj Bou Arreridj	3607	476	168
Angers	4747	-55	168
Pátra	3824	2173	168
Alcorcón	4035	-382	168
Ech Chettia	3620	126	168
Jamālpur	2492	8995	168
Ferraz de Vasconcelos	-2354	-4637	168
Chirchiq	4147	6958	168
Eloy Alfaro	-218	-7986	168
Jingmen	3103	11220	168
Berezniki	5941	5682	168
Awka	621	707	168
Volgodonsk	4751	4215	168
Khouribga	3288	-691	168
Breda	5159	478	168
Piteşti	4485	2487	168
Ijero-Ekiti	782	507	168
Miass	5505	6011	168
Berazategui	-3477	-5821	167
Korhogo	946	-563	167
Abakan	5372	9143	167
Fianarantsoa	-2145	4709	167
Getafe	4031	-373	167
Plumbon	-671	10847	167
Banhā	3046	3118	167
Novocherkassk	4742	4009	167
Elk Grove	3841	-12137	167
Springfield	3722	-9330	167
Pembroke Pines	2600	-8022	167
Arapiraca	-975	-3666	167
Fuling	2971	10740	167
Daşoguz	4184	5997	167
Fatehpur	2593	8081	166
Osnabrück	5227	805	166
Beni Mellal	3234	-635	166
Gāndhīdhām	2308	7013	166
Ocumare del Tuy	1012	-6678	166
Gaozhou	2194	11085	166
Kamakura	3531	13955	166
Ulanhot	4608	12208	166
Khobar	2628	5021	166
H̱olon	3201	3478	166
Shanwei	2278	11535	166
Oakville	4345	-7968	166
Deer Valley	3368	-11213	166
Tuluá	408	-7620	166
Warrington	5339	-258	165
Bushehr	2897	5084	165
Nandyāl	1548	7848	165
Saga	3323	13030	165
Esmeraldas	96	-7965	165
Muzaffargarh	3007	7119	165
Jiaozhou	3628	12000	165
Udupi	1333	7475	165
Banjaran	-705	10759	165
Szeged	4625	2015	165
Fendou	4521	13090	165
Loni	2875	7729	165
Serang	-612	10615	165
Lages	-2782	-5033	165
Port Saint Lucie	2729	-8035	165
Salem	4494	-12304	165
Basel	4756	757	164
Sītāpur	2756	8068	164
Zenica	4420	1790	164
Burlington	4339	-7984	164
Solingen	5117	708	164
Fergana	4038	7178	164
Kigoma	-488	2963	164
Muridke	3180	7426	164
Corona	3388	-11757	164
Shivpuri	2542	7766	164
Ḩawallī	2933	4803	164
Pilsen	4975	1338	164
Inisa	785	433	164
Nazran’	4323	4477	164
Sousse	3583	1064	164
Bejaïa	3676	508	164
Barra Mansa	-2254	-4417	164
Nossa Senhora do Socorro	-1086	-3713	164
Bhadrāvati	1385	7571	164
Slough	5151	-60	164
Vinh	1867	10569	164
Parakou	934	263	164
Piraeus	3794	2365	164
Ādoni	1563	7727	164
Bournemouth	5072	-188	164
Sidon	3356	3537	164
Maradi	1350	710	163
Tsu	3473	13652	163
Eugene	4405	-12309	163
Peterborough	5257	-25	163
Tongzhou	3990	11666	163
Verāval	2091	7037	163
Ludwigshafen am Rhein	4948	845	163
Şalālah	1702	5409	163
Büyükçekmece	4102	2859	163
Aydın	3785	2784	163
Envigado	618	-7559	163
Geneina	1345	2245	163
Anbu	2345	11668	163
McKinney	3320	-9662	163
Sambalpur	2147	8398	163
Leverkusen	5103	698	163
Skikda	3688	691	163
La Rioja	-2941	-6685	163
Gadag	1543	7563	163
Boma	-585	1305	163
Mahābād	3676	4572	162
Jiutepec	1888	-9918	162
Dourados	-2222	-5481	162
Suleja	918	718	162
Criciúma	-2868	-4937	162
Kunduz	3673	6886	162
San Miguel	1348	-8818	162
Sapele	589	568	162
Unnāo	2655	8049	162
Budaun	2804	7913	162
Coquimbo	-2995	-7134	161
Jīnd	2932	7632	161
Đưc Trọng	1174	10837	161
Fort Collins	4059	-10508	161
Madhyamgram	2269	8845	161
Lancaster	3470	-11814	161
Rubtsovsk	5151	8121	161
Sayama	3585	13941	161
Sullana	-490	-8069	161
Malakal	953	3166	161
Phan Thiết	1093	10810	161
La Gi	1066	10777	161
Mytishchi	5591	3773	161
Kawanishi	3482	13542	161
Delegación Cuajimalpa de Morelos	1937	-9929	160
Hebron	3153	3509	160
Xiaogan	3093	11392	160
Mejicanos	1372	-8919	160
Jāmuria	2370	8708	160
Salamanca	2057	-10119	160
Chapecó	-2710	-5262	160
Taunggyi	2079	9704	160
Dhamār	1454	4441	160
Puerto Montt	-4147	-7294	160
Qapqal	4380	8109	160
İskenderun	3659	3617	160
Oyama	3630	13980	160
Salavat	5338	5591	160
Ziguinchor	1257	-1627	160
Cary	3579	-7878	160
Ashikaga	3633	13945	160
Bawshar	2358	5840	159
Puthia	2437	8883	159
Zhicheng	3030	11150	159
Lawang	-784	11269	159
San Miguel del Padrón	2310	-8233	159
Tarija	-2154	-6473	159
Oldenburg	5314	821	159
Osan	3715	12707	159
Modena	4465	1093	159
Nijmegen	5184	585	159
Jaigaon	2685	8938	159
Pasuruan	-765	11291	159
Cuddalore	1176	7977	159
Grenoble	4518	571	159
Sāmarrā’	3420	4389	159
Cambridge	5220	12	158
Rzeszów	5004	2200	158
Tempe Junction	3341	-11194	158
Palmdale	3458	-11812	158
El Achir	3606	463	158
Huzhou	3087	12009	158
Barreiras	-1215	-4499	158
Hayward	3767	-12208	158
Orai	2599	7945	158
Long Xuyên	1039	10544	158
Hoshiārpur	3154	7591	158
Doncaster	5352	-113	158
San Luis Río Colorado	3246	-11477	158
San Cristóbal de las Casas	1673	-9264	158
Melitopol	4685	3537	158
Sobral	-369	-4035	158
Sunggal	358	9862	158
Greater Sudbury	4649	-8099	158
Ţalkhā	3105	3138	158
San Miguel	-3454	-5871	158
Salinas	3668	-12166	157
Perbaungan	357	9896	157
Pallāvaram	1297	8015	157
Ussuriysk	4380	13195	157
Nanpiao	4110	12075	157
Tiraspol	4684	2963	157
Moshi	-335	3733	157
Toledo	1038	12364	157
Shikarpur	2796	6864	157
Westonaria	-2632	2765	157
Matsue	3548	13305	157
Hitachi-Naka	3640	14053	157
Souk Ahras	3629	795	157
Osogbo	777	456	157
Sihanoukville	1061	10353	157
Pécs	4607	1823	157
Ruse	4385	2595	156
Batu Pahat	185	10293	156
San Pablo de las Salinas	1967	-9909	156
Lampang	1829	9949	156
Nagareyama	3586	13990	156
Katsuta	3638	14053	156
Malabo	376	878	156
Kumagaya	3613	13939	156
Tema	567	-2	156
Yichun	4772	12888	156
Itajaí	-2691	-4866	156
Seogwipo	3325	12656	156
Hanumāngarh	2958	7433	156
Salamanca	4097	-566	156
Zemun	4485	2040	156
Kisi	908	385	156
Ilhéus	-1479	-3904	155
Guyong	1484	12098	155
Gyeongju	3584	12921	155
Port Louis	-2016	5750	155
Kanchipuram	1284	7970	155
Lianghu	2999	12090	155
Beipiao	4179	12078	155
Guangshui	3162	11400	155
Middelburg	-2578	2946	155
Mahajanga	-1572	4632	155
Lyubertsy	5568	3789	155
Butembo	14	2929	155
La Serena	-2990	-7125	155
Leshan	2956	10376	154
Gandajika	-675	2395	154
Frisco	3315	-9682	154
Zhaodong	4607	12598	154
Bnei Brak	3208	3483	154
Ambato	-125	-7862	154
Cuautla	1881	-9894	154
Springfield	4210	-7259	154
Djelfa	3467	326	154
Pasarkemis	-617	10653	154
Kovrov	5636	4132	154
Viranşehir	3722	3976	154
Tottori	3550	13423	154
San Cristóbal	1842	-7010	154
East Chattanooga	3507	-8525	154
Xinzhou	3841	11273	154
Limassol	3468	3304	154
Gondar	1260	3747	154
Pasadena	2969	-9521	154
Livorno	4354	1033	154
Río Cuarto	-3313	-6435	154
York	5396	-108	154
Sanshui	2315	11289	154
Guna	2465	7731	154
Hafizabad	3207	7369	154
Enschede	5222	690	154
Angra dos Reis	-2301	-4432	154
Bahādurgarh	2869	7694	154
Boshan	3648	11783	154
Yangchun	2217	11178	154
Bharūch	2169	7298	154
Alexandria	3880	-7705	154
Salzburg	4780	1304	153
Nova Friburgo	-2228	-4253	153
Medinīpur	2242	8732	153
Pomona	3406	-11775	153
Chincha Alta	-1341	-7613	153
Cairns	-1692	14577	153
Fyzābād	2678	8215	153
Dinapore	2564	8505	153
Linhai	2886	12114	153
Dingzhou	3851	11500	153
Rondonópolis	-1647	-5464	153
As Samawah	3133	4529	153
Uşak	3867	2941	153
Jizzax	4012	6783	153
Hamilton	-3778	17528	153
Ponce	1801	-6662	153
Washington Heights	4085	-7394	153
Lakewood	3970	-10508	153
Weihai	3751	12211	153
Baqubah	3375	4461	153
Neuss	5120	669	152
Chenghua	2346	11677	152
Songnim	3875	12564	152
Silchar	2483	9280	152
Bānda	2548	8033	152
Aksaray	3837	3403	152
Cần Giuộc	1061	10667	152
Deyang	3113	10438	152
Yichun	2783	11440	152
Logroño	4247	-245	152
Ōta	3630	13937	152
Longfeng	4653	12510	152
Morena	2650	7800	152
Bảo Lộc	1155	10781	152
Sibiu	4580	2415	152
Ciudad Benito Juárez	2565	-10010	152
Sunnyvale	3737	-12204	152
Guacara	1023	-6788	152
Abbotsford	4906	-12225	152
Bintulu	317	11303	152
Itapecerica da Serra	-2372	-4685	152
Escondido	3312	-11709	151
Kohat	3358	7145	151
Tonk	2617	7579	151
Kansas City	3911	-9463	151
Qingyuan	2370	11303	151
Chetumal	1851	-8830	151
Saqqez	3625	4627	151
Benguela	-1258	1341	151
Komaki	3528	13692	151
El Tigre	889	-6425	151
Soreang	-703	10752	151
Guarapuava	-2539	-5147	151
Gaomi	3638	11975	151
Rāj-Nāndgaon	2110	8103	151
Loudi	2773	11199	151
La Laguna	2849	-1632	151
Ōgaki	3535	13662	151
Higashimurayama	3575	13947	151
Serilingampalle	1749	7830	151
Huangyan	2865	12127	150
Battambang	1310	10320	150
Chillán	-3661	-7210	150
Virār	1946	7281	150
Parnamirim	-592	-3526	150
Bago City	1053	12283	150
Purwodadi	-709	11092	150
Piedras Negras	2870	-10052	150
Kızıltepe	3719	4058	150
Astoria	4077	-7393	150
Urganch	4155	6063	150
Balashikha	5581	3796	150
Poole	5071	-198	150
Gloucester	5187	-224	150
Vryheid	-2777	3079	150
Mascara	3540	14	150
Malkajgiri	1745	7853	150
Gimcheon	3612	12812	150
Tordher	3399	7229	150
Dili	-856	12557	150
Shāntipur	2325	8843	150
Playa del Carmen	2063	-8708	150
Dijon	4732	502	150
Hollywood	2601	-8015	150
Metro	-511	10531	150
Burnley	5380	-223	149
Ōme	3578	13924	149
Cagliari	3923	912	149
Borough Park	4063	-7400	149
Uppsala	5986	1764	149
Clarksville	3653	-8736	149
Huddersfield	5365	-178	149
Kerch	4536	3648	149
Marvdasht	2987	5280	149
Dunhua	4337	12824	149
Huelva	3727	-694	149
Chingola	-1253	2788	149
Arar	3098	4104	149
Yulin	2263	11015	148
Torrance	3384	-11834	148
Valencia	3444	-11861	148
Gyumri	4079	4385	148
Chizhou	3066	11748	148
Moriguchi	3473	13557	148
Badajoz	3888	-697	148
Rockford	4227	-8909	148
El Limón	1031	-6763	148
Lubuklinggau	-329	10286	148
Nîmes	4383	436	148
Bārākpur	2277	8836	148
Palangkaraya	-221	11392	148
Sujiatun	4166	12334	148
Caxias	-486	-4336	148
Hạ Long	2095	10707	148
Astanajapura	-680	10863	148
Jijel	3682	576	148
East Hampton	3704	-7633	148
Telford	5268	-245	148
Honggang	4640	12488	148
Huánuco	-993	-7624	148
Joliet	4153	-8808	148
Paterson	4092	-7417	148
Dundee	5647	-297	148
Médéa	3626	275	148
Kolomna	5508	3878	148
Rafsanjān	3041	5599	148
Ursynów	5215	2105	148
Mestre	4549	1225	148
Bridgeport	4118	-7319	148
Haarlem	5238	464	148
Khon Kaen	1645	10283	148
El Jadid	3326	-851	148
Kragujevac	4402	2092	147
Aktau	4365	5117	147
Nilópolis	-2281	-4341	147
Erode	1134	7773	147
Trondheim	6343	1040	147
Naperville	4179	-8815	147
Manama	2623	5059	147
Buôn Ma Thuột	1267	10804	147
Kalemie	-595	2919	147
Nakhodka	4281	13287	147
Târgu-Mureş	4654	2456	147
Gulu	277	3230	147
Aix-en-Provence	4353	545	147
Ambāla	3036	7680	147
Cam Ranh	1192	10916	147
Matanzas	2304	-8158	147
Saint-Quentin-en-Yvelines	4877	202	147
Poços de Caldas	-2179	-4656	147
Blackburn	5375	-248	147
Parma	4480	1033	146
Ruda Śląska	5026	1886	146
Afyonkarahisar	3876	3054	146
Gweru	-1945	2982	146
Qujing	2548	10378	146
Puerto Plata	1979	-7069	146
Boise	4361	-11620	146
Hanzhong	3308	10702	146
Odense	5540	1039	146
Krishnanagar	2341	8849	146
Xinji	3790	11520	146
Marabá	-538	-4913	146
Orkney	-2698	2667	146
Saharsa	2587	8660	146
Savannah	3208	-8110	146
Kampung Pasir Gudang Baru	147	10388	146
Cikampek	-642	10746	146
Yamaguchi	3418	13147	146
Batāla	3181	7520	145
Taishan	2225	11278	145
Potsdam	5240	1307	145
Tabora	-502	3283	145
Concordia	-3139	-5802	145
Spanish Town	1799	-7696	145
Jhelum	3293	7373	145
Brest	4839	-449	145
Khujand	4028	6962	145
Basildon	5157	46	145
Mesquite	3277	-9660	145
Sikasso	1132	-567	145
Sanya	1824	10950	145
Acheng	4555	12698	145
Lárisa	3964	2242	145
León	1244	-8688	145
Le Mans	4800	20	145
Kumba	464	945	144
Elektrostal’	5579	3845	144
Jinchang	3850	10219	144
Meizhou	2429	11612	144
Gorontalo	54	12306	144
Syracuse	4305	-7615	144
Goma	-167	2923	144
Maykop	4461	4011	144
Tizi Ouzou	3671	405	144
Wola	5224	2099	144
Kafr ash Shaykh	3111	3094	144
Barysaw	5423	2850	144
Otaru	4319	14100	144
Dumai	167	10144	144
Urayasu	3567	13989	144
Acarigua	955	-6920	144
Saguenay	4842	-7107	144
Marawi City	800	12428	144
Luziânia	-1625	-4795	144
Stara Zagora	4243	2564	143
Béchar	3162	-222	143
Heidelberg	4941	869	143
Kenema	788	-1119	143
Cabo	-828	-3503	143
Amiens	4990	230	143
Calama	-2246	-6892	143
Macaé	-2238	-4178	143
Cape Coast	511	-125	143
Bhīmavaram	1654	8152	143
Pyatigorsk	4405	4306	143
Middlesbrough	5458	-123	143
Rybnik	5010	1854	143
Tanjungbalai	297	9980	143
Mallawī	2773	3084	143
Metairie Terrace	2998	-9016	142
Tuzla	4454	1867	142
Khanpur	2865	7066	142
Nawābganj	2459	8827	142
Pasadena	3415	-11814	142
Jinhua	2911	11964	142
Paderborn	5172	875	142
Kimberley	-2873	2476	142
Ciego de Ávila	2184	-7876	142
Jieshou	3326	11536	142
Yuen Long Kau Hui	2245	11403	142
Taza	3421	-401	142
eMbalenhle	-2653	2907	142
Myingyan	2146	9539	142
Arnhem	5198	591	142
Zheleznodorozhnyy	5574	3802	142
Zamora	1999	-10228	142
Tours	4739	70	142
Petapa	1450	-9056	141
Bālurghāt	2522	8878	141
Ibirité	-2002	-4406	141
Yonago	3543	13333	141
Bolton	5358	-243	141
Lauro de Freitas	-1289	-3833	141
Potosí	-1958	-6575	141
Khuzdar	2781	6661	141
Limoges	4583	125	141
Rijeka	4533	1444	141
Paranaguá	-2552	-4853	141
Ghazni	3355	6842	141
Orange	3379	-11785	141
Īlām	3364	4642	141
Gongzhuling	4350	12482	141
Córdoba	1888	-9693	141
Comodoro Rivadavia	-4586	-6750	141
Kampung Sungai Ara	533	10027	141
Fullerton	3387	-11793	141
Killeen	3112	-9773	141
Norilsk	6935	8820	141
Nigel	-2643	2848	141
Los Teques	1034	-6704	141
Kaithal	2980	7640	141
Dayton	3976	-8419	141
Al’met’yevsk	5490	5232	140
Darmstadt	4987	865	140
Tirmiz	3722	6728	140
Tarragona	4112	125	140
McAllen	2620	-9823	140
Lakhīmpur	2795	8078	140
Mpumalanga	-2981	3064	140
Zaanstad	5245	481	140
Hazāribāgh	2399	8536	140
Kuwana	3505	13667	140
Vidisha	2353	7781	140
Ayacucho	-1316	-7422	140
Coquitlam	4928	-12278	140
Shanhaiguan	4000	11975	140
Tutamandahostel	-20	-7850	140
Chamartín	4046	-368	140
Parepare	-401	11963	140
Peristéri	3802	2369	140
Amersfoort	5216	539	140
Jeongeup	3560	12692	140
Bellevue	4761	-12220	140
Korolev	5591	3783	140
Dadu	2673	6778	140
Gojra	3115	7268	140
Sollentuna	5943	1795	140
Haldwani	2922	7953	139
Gbongan	748	435	139
Siem Reap	1336	10386	139
Man	741	-755	139
Altay	4785	8813	139
Hābra	2284	8866	139
Kumbakonam	1096	7939	139
Sidoarjo	-745	11272	139
Şabāḩ as Sālim	2926	4806	139
Kariya	3498	13698	139
Choloma	1561	-8795	139
Stockport	5341	-216	139
Huadian	4296	12675	139
Weru	-671	10850	139
Brighton	5083	-14	139
Kolpino	5975	3059	139
San Juan del Río	2039	-10000	139
Sekondi-Takoradi	493	-176	139
Porbandar	2164	6961	139
Fuyu	4518	12482	139
Clermont-Ferrand	4578	309	139
Chitradurga	1422	7640	139
Metairie	2998	-9015	138
Chaohu	3160	11787	138
Ejigbo	790	431	138
Thānesar	2997	7683	138
Tiruvannāmalai	1223	7907	138
Anand	2255	7296	138
Parnaíba	-290	-4178	138
Jacmel	1823	-7254	138
Obuase	620	-167	138
Itu	-2326	-4730	138
Dikirnis	3109	3159	138
Musashino	3571	13956	137
Jieshi	2281	11583	137
Castanhal	-129	-4793	137
Colima	1925	-10373	137
Bhisho	-3285	2744	137
Negombo	721	7984	137
Saint-Denis	-2088	5545	137
Irákleion	3533	2514	137
Miramar	2599	-8023	137
Hami	4283	9351	137
Odintsovo	5568	3728	137
Foggia	4146	1555	137
Kānchrāpāra	2296	8843	137
San Juan Sacatepéquez	1472	-9064	137
Funtua	1152	731	137
Dawei	1408	9819	137
Igboho	884	376	137
Apeldoorn	5221	597	137
Shizuishan	3923	10677	137
Baia Mare	4766	2357	137
Kabankalan	998	12281	136
Podgorica	4244	1926	136
Hampton	3703	-7635	136
São Caetano do Sul	-2362	-4655	136
West Valley City	4069	-11200	136
Gejiu	2336	10315	136
Mahbūbnagar	1674	7799	136
Desē	1113	3963	136
Lleida	4162	62	136
Dimāpur	2591	9372	136
Tasek Glugor	548	10050	136
Osorno	-4057	-7313	136
Jiagedaqi	5042	12412	136
Queimados	-2272	-4356	136
Kushtia	2390	8912	136
Kindu	-294	2592	136
Baliuag	1495	12090	136
West Bromwich	5252	-199	136
Cẩm Phả Mines	2102	10730	135
Buguma	474	686	135
Shiqiao	2295	11336	135
Pyay	1882	9522	135
Rabak	1318	3274	135
Robertsonpet	1296	7828	135
Tyre	3327	3519	135
Moundou	857	1608	135
Cajamarca	-716	-7850	135
Hinthada	1765	9546	135
Hanam	3754	12721	135
Jayapura	-253	14072	135
Bielany	5229	2094	135
Chhindwāra	2206	7894	135
Mandya	1252	7690	135
Cartago	475	-7591	135
Okap	1976	-7220	135
Baturaja	-413	10417	135
El Oued	3336	686	135
Zama	3549	13939	135
Marbella	3652	-489	135
's-Hertogenbosch	5170	530	135
Rodriguez	1476	12120	134
Ajdabiya	3076	2023	134
Nevinnomyssk	4463	4194	134
San Mateo	1470	12112	134
Śródmieście	5223	2102	134
León	4260	-557	134
Olathe	3888	-9482	134
Seto	3523	13710	134
Ikirun	791	467	134
Ciudad Acuña	2932	-10095	134
Léogâne	1851	-7263	134
Adiwerna	-694	10913	134
Grimsby	5357	-8	134
Abakaliki	632	811	134
Warren	4249	-8301	134
Dali	2558	10021	134
Bānkura	2323	8707	134
İnegol	4008	2951	134
Ebetsu	4311	14155	134
Thái Nguyên	2159	10585	134
Columbia	3400	-8103	134
Singaraja	-811	11509	134
Würzburg	4979	995	134
Randfontein	-2618	2770	134
Hājīpur	2569	8521	134
Pervoural’sk	5691	5994	134
Gondā City	2713	8195	134
Milagro	-213	-7959	134
Marg‘ilon	4047	7172	133
Bhuj	2325	6967	133
Thornton	3987	-10497	133
Hastings	5086	57	133
Valdivia	-3981	-7325	133
Hindupur	1383	7749	133
Reggio nell'Emilia	4470	1063	133
Okrika	474	708	133
Birgañj	2702	8488	133
High Wycombe	5163	-75	133
Carrollton	3295	-9689	133
Talisay	1024	12385	133
Hawassa	706	3848	133
Idfū	2498	3288	133
Ibarra	35	-7812	133
Midland	3200	-10208	133
Puqi	2972	11388	133
Tondabayashichō	3450	13560	133
Fujieda	3487	13827	133
Sandachō	3488	13523	133
Shillong	2557	9188	133
Mīāndoāb	3697	4611	133
Kislovodsk	4391	4272	133
Hoofddorp	5230	469	133
Nzérékoré	776	-882	133
Pālghāt	1077	7665	133
Reẖovot	3189	3481	133
Ankang	3268	10902	133
Charleston	3278	-7993	133
Innsbruck	4726	1139	132
Blitar	-810	11217	132
Waco	3155	-9715	132
Cerro	2311	-8239	132
Tlemcen	3488	-131	132
Kakamigahara	3542	13687	132
Quetzaltenango	1483	-9152	132
Dimitrovgrad	5421	4962	132
Zhalantun	4801	12274	132
Pindamonhangaba	-2292	-4546	132
Muricay	783	12348	132
Sterling Heights	4258	-8303	132
St. Catharines	4317	-7924	132
Ōmuta	3303	13045	132
Godhra	2278	7361	132
Shahrud	3642	5498	132
Dawukou	3904	10640	132
Bulaon	1508	12066	132
Punto Fijo	1169	-7020	132
Abiko	3587	14002	132
Kishangarh	2659	7485	132
Kadoma	3474	13557	132
Majie	2503	10264	132
Martapura	-341	11486	131
Villeurbanne	4577	488	131
Gonbad-e Kāvūs	3725	5517	131
Rānīganj	2362	8713	131
Toowoomba	-2756	15195	131
Hepo	2343	11583	131
Iranshahr	2720	6068	131
Denton	3321	-9713	131
Lashio	2294	9775	131
Pīlibhīt	2863	7980	131
Miyakonojō	3173	13107	131
Novomoskovsk	5401	3828	131
Buzău	4515	2683	131
Sapucaia	-2983	-5115	131
Matsubara	3457	13555	131
Pinsk	5212	2610	131
Beāwar	2610	7432	131
Dazhou	3122	10750	131
Al Bāb	3637	3752	131
Shuangcheng	4535	12628	131
Isesaki	3632	13920	131
Abohar	3014	7420	131
Dąbrowa Górnicza	5033	1920	131
Šiauliai	5593	2332	131
Moga	3081	7517	131
Al Ajaylat	3276	1238	131
Nikopol	4757	3440	131
Cedar Rapids	4201	-9164	130
Dongyang	2927	12023	130
Maicao	1138	-7224	130
Florencia	161	-7561	130
Nablus	3222	3525	130
New Haven	4131	-7293	130
Jiazi	2288	11607	130
Girardot City	430	-7481	130
Roseville	3875	-12129	130
Quilpué	-3305	-7144	130
Songjiang	3104	12121	130
La Ceiba	1576	-8678	130
Jaraguá do Sul	-2649	-4907	130
Gainesville	2965	-8232	130
Sinnar	1357	3357	130
Masaya	1197	-8609	130
Visalia	3633	-11929	130
Relizane	3574	56	130
Manzanillo	1912	-10434	130
Sonārgaon	2365	9062	130
Shangri-La	2783	9971	130
Mostaganem	3593	9	130
Sabhā	2704	1443	130
Tychy	5014	1897	130
Syevyerodonets’k	4895	3849	130
Dehri	2490	8418	130
Wuda	3950	10671	130
Kisaran	298	9962	130
Gyeongsan-si	3582	12874	130
Baidoa	311	4365	130
Mandi Bahauddin	3259	7349	130
Navoiy	4008	6538	130
Tokat	4031	3655	130
Bimbo	426	1842	130
Deoria	2650	8378	130
Daitōchō	3471	13562	130
Coral Springs	2627	-8027	129
Sherbrooke	4540	-7190	129
Ouargla	3195	533	129
Acilia-Castel Fusano-Ostia Antica	4176	1233	129
Thousand Oaks	3417	-11884	129
Andong	3657	12872	129
Tete	-1616	3359	129
Copiapó	-2737	-7033	129
Palopo	-299	12020	129
Nador	3517	-293	129
Bilbays	3042	3156	129
Charallave	1024	-6686	129
Shahr-e Kord	3233	5086	129
Regensburg	4902	1210	129
Mino	3483	13547	129
Leiyang	2640	11286	129
Darwin	-1246	13084	129
Cadiz	1095	12329	129
Zacatecas	2277	-10258	129
Elizabeth	4066	-7421	129
Bat Yam	3202	3475	129
Sātkhira	2271	8907	129
Palo Negro	1017	-6754	129
Stamford	4105	-7354	129
Mogi Guaçu	-2237	-4695	129
Arish	3113	3380	129
Idlib	3593	3663	129
Sīnah	3681	4304	129
Concord	3798	-12203	129
Kamyshin	5010	4542	129
Oulu	6501	2547	129
Hassan	1301	7610	129
Novocheboksarsk	5611	4748	128
Besançon	4725	602	128
Surprise	3363	-11233	128
El Eulma	3615	569	128
Khardah	2272	8838	128
Sakakah	2997	4021	128
Jimma	767	3683	128
Al Manāqil	1425	3299	128
Teluknaga	-610	10664	128
Győr	4768	1764	128
Jirjā	2634	3189	128
Manzanillo	2034	-7712	128
Yavatmāl	2039	7813	128
Hālīsahar	2293	8842	128
Serpukhov	5492	3741	128
Sirte	3121	1659	128
Ramat Gan	3208	3481	128
Asaka	3580	13960	128
Panvel	1899	7311	128
Muar	204	10257	128
Divo	584	-536	128
Ungaran	-714	11041	128
Alhambra	3350	-11213	128
Xuanzhou	3095	11876	128
Titāgarh	2274	8837	128
San Nicolás de los Arroyos	-3333	-6021	128
Kusatsu	3502	13597	128
Opole	5067	1793	128
Lafayette	3022	-9202	128
Worcester	-3365	1945	128
Elbląg	5415	1941	128
Saïda	3483	15	127
Sirajganj	2446	8971	127
Jequié	-1386	-4009	127
Płock	5255	1971	127
Wałbrzych	5077	1628	127
Yevlakh	4062	4715	127
Wau	770	2799	127
Xai-Xai	-2505	3364	127
Huaihua	2756	11000	127
Amaigbo	579	784	127
Topeka	3905	-9568	127
Lafia	849	852	127
Jiangyou	3177	10472	127
Tando Allahyar	2546	6872	127
Surat Thani	914	9933	127
Isiro	277	2762	127
Sancti Spíritus	2193	-7944	127
Cuddapah	1448	7882	127
Bettiah	2680	8450	127
Angren	4102	7014	127
Kent	4738	-12223	127
Pakokku	2133	9508	127
Murom	5558	4204	127
Rangkasbitung	-636	10625	127
Hāthras	2760	7805	127
Klaten	-771	11061	127
Khasavyurt	4325	4659	127
Neftekamsk	5609	5427	127
Simi Valley	3427	-11878	127
Xichang	2790	10226	127
Cadiz	3653	-629	127
Pakpattan	3034	7339	127
Danshui	2280	11447	127
Bahawalnagar	3055	7339	127
Bahawalnagar	3000	7325	127
Ueda	3640	13828	127
Sogamoso	571	-7293	127
East Los Angeles	3402	-11817	126
Lalitpur	2469	7842	126
Edirne	4168	2656	126
Jombang	-755	11223	126
Songea	-1068	3565	126
Kolār	1314	7813	126
Lévis	4680	-7118	126
Chinandega	1263	-8713	126
Al Jadīd	2705	1440	126
Lambaré	-2535	-5761	126
Macheng	3118	11502	126
Rafaḩ	3130	3424	126
Ampang	315	10177	126
Itapetininga	-2359	-4805	126
Patos de Minas	-1858	-4652	126
Santa Clara	3735	-12196	126
Paseh	-710	10776	126
Murfreesboro	3585	-8639	126
Pangkalpinang	-213	10611	126
Huicheng	2304	11629	126
Gashua	1287	1104	126
Les Cayes	1819	-7375	126
Salerno	4068	1479	126
Watford	5166	-40	126
Xiazhen	3480	11711	126
Torbat-e Ḩeydarīyeh	3527	5922	126
Tando Adam	2577	6866	126
‘Ajlūn	3233	3575	126
Sorong	-88	13126	126
Koronadal	650	12485	126
Derince	4076	2981	125
Okinawa	2634	12780	125
Los Ángeles	-3747	-7235	125
Haimen	2319	11661	125
Saint Peters	5137	142	125
Orsha	5451	3042	125
Shahecheng	3694	11451	125
Kelowna	4988	-11949	125
Bragança Paulista	-2295	-4654	125
Bohicon	718	207	125
Beppu	3328	13150	125
Willemstad	1211	-6893	125
Soran	3665	4454	125
Bălţi	4776	2793	125
Mandsaur	2407	7507	125
Padalarang	-684	10747	125
Suining	3051	10557	125
Gondiā	2146	8019	125
Huixquilucan	1936	-9935	125
Semnan	3558	5339	125
Sloviansk	4887	3762	125
San Francisco de Macorís	1930	-7025	125
Yushu	4480	12653	125
Yuanlin	2396	12058	125
Santa Tecla	1368	-8928	125
Ciudad Valles	2200	-9901	125
Guadalupe	2275	-10252	125
Khairpur Mir’s	2753	6876	125
Kashihara-shi	3451	13579	125
Riobamba	-167	-7865	124
Kokshetau	5328	6940	124
Gorzów Wielkopolski	5274	1523	124
Timon	-509	-4284	124
New Mirpur	3315	7375	124
Agadez	1697	799	124
Targówek	5229	2105	124
Lecheng	2513	11335	124
São José dos Pinhais	-2553	-4921	124
Marand	3843	4577	124
Rajapalaiyam	945	7755	124
Orléans	4790	190	124
Laiwu	3619	11766	124
Rustenburg	-2567	2724	124
Hartford	4176	-7269	124
Rudnyy	5297	6312	124
Teresópolis	-2242	-4298	124
Metz	4912	617	124
Jiupu	4107	12295	124
Dārjiling	2703	8827	124
Baoshan	4656	13142	124
Salvaleón de Higüey	1862	-6871	124
Polokwane	-2390	2947	124
Thaton	1692	9737	124
Potchefstroom	-2672	2710	124
Ciamis	-733	10835	124
Lumajang	-813	11322	124
Guelma	3646	743	124
Hagonoy	1483	12073	124
Mohali	3068	7672	123
Uruguaiana	-2975	-5709	123
Pālanpur	2417	7244	123
Indramayu	-633	10832	123
Bordj el Kiffan	3675	319	123
Gagnoa	613	-595	123
Porto Seguro	-1645	-3906	123
Luoyang	2316	11427	123
Wolfsburg	5242	1078	123
Niihama	3396	13331	123
Minzhu	4372	12733	123
Dos Hermanas	3728	-592	123
Pati	-676	11104	123
Dam Dam	2263	8842	123
Alagoinhas	-1214	-3842	123
Az Zubayr	3039	4770	123
Hardoī	2739	8013	123
San Pedro Garza García	2566	-10041	123
Huangzhou	3045	11480	123
Sheepshead Bay	4059	-7394	123
Puruliya	2333	8636	123
Ubon Ratchathani	1524	10485	123
Kisarazu	3538	13993	123
Virginia	-2810	2687	123
Brits	-2563	2778	122
Beylikdüzü	4098	2864	122
Recklinghausen	5161	720	122
Palhoça	-2765	-4867	122
Xiulin	2972	11240	122
Zhoucun	3682	11782	122
Jiayuguan	3981	9829	122
Maastricht	5085	569	122
Amherst	4298	-7880	122
Mỹ Tho	1036	10636	122
Tekirdağ	4098	2751	122
Victorville	3454	-11729	122
Aalborg	5705	992	122
Barbacena	-2123	-4377	122
Burton upon Trent	5281	-164	122
Chishtian	2980	7286	122
Villa Canales	1448	-9053	122
Dibrugarh	2748	9491	122
Göttingen	5153	993	122
Durrës	4132	1945	122
San Pedro Garza Garcia	2566	-10040	122
Zābol	3103	6149	122
Palwal	2814	7733	122
Nobeoka	3258	13167	122
Colchester	5189	90	122
Nalgonda	1705	7927	122
Batumi	4164	4163	122
Mataró	4154	244	122
Abilene	3245	-9973	122
Bhadreswar	2282	8834	122
Bern	4695	745	122
Vejalpur	2269	7356	122
Stavanger	5897	573	122
Payakumbuh	-22	10063	122
Alberton	-2627	2812	122
Fujinomiya	3522	13862	122
Chikmagalūr	1332	7577	121
Ekibastuz	5172	7532	121
San Juan	1460	12103	121
Noda	3595	13987	121
Braga	4155	-842	121
Lianhe	4713	12927	121
Raigarh	2190	8340	121
Vallejo	3810	-12226	121
North Stamford	4114	-7354	121
Olmaliq	4084	6960	121
Musoma	-150	3380	121
Cachoeirinha	-2995	-5109	121
Yaizu	3487	13832	121
Tobruk	3209	2395	121
Berkeley	3787	-12227	121
Xilin Hot	4397	11603	121
Guntakal Junction	1517	7736	121
Fresnillo	2318	-10287	121
Orizaba	1885	-9710	121
Nakhon Si Thammarat	843	9997	121
Heilbronn	4914	922	121
Ingolstadt	4877	1142	121
Toyokawa	3482	13740	121
Fengcheng	4045	12407	121
Mufulira	-1255	2824	121
Ulm	4840	999	120
Rawang	332	10158	120
Karaman	3718	3322	120
Cambridge	4336	-8031	120
Włocławek	5265	1907	120
Norman	3522	-9744	120
Allentown	4061	-7549	120
Fernando de la Mora	-2534	-5752	120
Perugia	4311	1239	120
Gangāpur	2647	7672	120
Zhaoyuan	3736	12041	120
Bangil	-760	11282	120
Deoli	2850	7723	120
Nabatîyé et Tahta	3338	3548	120
Abbottabad	3415	7321	120
Orekhovo-Zuyevo	5581	3896	120
Gereida	1128	2514	120
Evansville	3797	-8756	120
Bottrop	5152	693	120
Santa Rita	-711	-3498	120
Maxixe	-2386	3535	120
Kairouan	3568	1010	120
Jaranwala	3133	7342	120
Santa Coloma de Gramenet	4145	221	120
Leiden	5216	449	120
Trois-Rivières	4635	-7255	120
Monza	4558	927	120
Modakeke	738	426	120
Silang	1422	12097	119
Quevedo	-103	-7946	119
Nazilli	3792	2832	119
Lira	225	3290	119
Toledo	-2471	-5374	119
Pforzheim	4888	870	119
Dordrecht	5181	467	119
Jaú	-2230	-4856	119
Offenbach	5010	877	119
Siwān	2622	8436	119
Columbia	3895	-9233	119
Settat	3300	-762	119
Cagua	1019	-6746	119
Odessa	3185	-10237	119
Mandimba	-1435	3565	119
Reykjavík	6414	-2190	119
San Jose	1235	12107	119
Damoh	2383	7944	119
Shimotoda	3581	13969	119
Lhasa	2965	9110	119
Aïn Oussera	3545	291	119
Kokubunji	3570	13948	119
Pleven	4342	2462	119
Rimini	4406	1257	119
Miramar	2236	-9790	119
Khlong Luang	1406	10065	119
Ādilābād	1967	7854	119
Fargo	4688	-9679	119
Iguala de la Independencia	1835	-9954	118
Sepatan	-612	10658	118
Zielona Góra	5194	1551	118
Cubatão	-2389	-4643	118
Maseru	-2932	2748	118
Srikakulam	1830	8390	118
Berdyansk	4677	3680	118
Malindi	-322	4012	118
Uppal Kalan	1741	7856	118
Eastbourne	5077	28	118
Bandundu	-332	1738	118
Pita Kotte	689	7990	118
Torrejón de Ardoz	4046	-347	118
Beaumont	3009	-9410	118
Bama	1152	1369	118
Ilobu	784	449	118
Ciudad Delicias	2819	-10547	118
Jetpur	2175	7062	118
Puning	2331	11617	118
Morbi	2282	7084	118
Guadalajara de Buga	390	-7630	118
Troparëvo	5566	3748	118
Nakhon Pathom	1382	10004	118
Uzhgorod	4862	2230	118
Pātan	2385	7213	118
Sokodé	898	113	118
Tarnów	5001	2099	118
Loja	-399	-7920	118
Exeter	5072	-353	118
Jalingo	889	1136	118
Västerås	5962	1655	118
Gemena	326	1977	118
Achinsk	5627	9050	118
Shunyi	4012	11665	118
Rotherham	5343	-136	118
Ikoma	3468	13570	118
Ciudad de Villa de Álvarez	1927	-10374	118
Anaco	943	-6446	118
Tebingtinggi	333	9916	118
Tigwav	1843	-7287	118
Tunja	554	-7337	117
Bremerhaven	5354	859	117
Punta Arenas	-5315	-7091	117
Panevėžys	5573	2435	117
Pyin Oo Lwin	2204	9646	117
Independence	3909	-9442	117
Kedungwuni	-697	10965	117
Ishinomaki	3842	14130	117
Longjing	4277	12942	117
Khanna	3071	7622	117
Calabozo	892	-6743	117
Remscheid	5118	719	117
Setúbal	3852	-889	117
Čačak	4389	2035	117
Ann Arbor	4228	-8374	117
Nkongsamba	495	994	117
Kindia	1006	-1287	117
Qingzhou	3670	11848	117
Botād	2217	7167	117
Rishra	2272	8835	117
Pinhais	-2544	-4919	117
Khenchela	3544	714	117
Hōfu	3405	13157	117
Ordu	4098	3789	117
Manp’o	4115	12629	117
Lausanne	4652	663	117
El Monte	3407	-11803	117
Athens	3396	-8338	117
Brugge	5121	322	117
Simões Filho	-1278	-3840	117
Azamgarh	2607	8318	117
Pescara	4246	1420	117
Ahmadpur East	2914	7126	117
Varginha	-2155	-4543	117
Springfield	3980	-8964	117
Taldykorgan	4502	7837	117
Jaén	3777	-379	117
Puno	-1584	-7002	117
Cheltenham	5190	-208	116
Yelahanka	1310	7760	116
Dasha	2311	11344	116
Nyíregyháza	4796	2172	116
Yakeshi	4928	12073	116
Cherkessk	4422	4206	116
Algeciras	3613	-545	116
Gudivāda	1644	8100	116
Digos	675	12536	116
Handa	3488	13693	116
Sinop	-1186	-5550	116
Alchevs’k	4847	3882	116
Round Rock	3051	-9768	116
Noginsk	5587	3844	116
Wilmington	3423	-7794	116
Cavite City	1448	12090	116
Pavlohrad	4853	3587	116
East Harlem	4079	-7394	116
Binzhou	3737	11802	116
Zoetermeer	5206	449	116
Sri Jayewardenepura Kotte	688	7991	116
Örebro	5927	1521	116
Guelph	4355	-8026	116
Yelets	5262	3850	116
Parla	4024	-377	116
Batang	-648	11071	116
Novo-Peredelkino	5565	3734	116
Baidyabāti	2278	8833	116
Okigwe	583	735	115
Lengshuijiang	2769	11143	115
Tianfu	3726	12205	115
Arvada	3980	-10509	115
East York	4369	-7933	115
Toliara	-2335	4367	115
Bizerte	3727	987	115
Provo	4023	-11166	115
Pouso Alegre	-2223	-4594	115
Bastī	2679	8272	115
Tuguegarao	1762	12172	115
Peoria	4069	-8959	115
Lansing	4273	-8456	115
Wenchang	1962	11075	115
Balkh	3676	6690	115
Lincoln	5323	-54	115
Mingshui	3672	11750	115
Botoşani	4775	2667	115
Mary	3759	6183	115
Sóc Trăng	960	10597	114
Dunedin	-4587	17050	114
Balasore	2149	8693	114
Pamanukan	-628	10781	114
Eunápolis	-1638	-3958	114
Pleiku	1398	10800	114
Downey	3394	-11813	114
Kingston	4423	-7648	114
Yuyao	3005	12115	114
Bergamo	4570	967	114
Sawangan	-640	10677	114
Dharmavaram	1441	7772	114
Siirt	3793	4194	114
Erzincan	3974	3949	114
Kankan	1039	-931	114
Cuauhtémoc	2841	-10686	114
Hotan	3711	7994	114
Laghouat	3380	287	114
Botucatu	-2289	-4845	114
Māler Kotla	3053	7588	114
Navojoa	2707	-10944	114
Offa	815	472	114
Tobol’sk	5820	6825	114
Wardha	2074	7860	114
Pingshan	2299	11471	114
Cuito	-1238	1693	114
Songyuan	4513	12483	114
Maba	2468	11360	114
Jandira	-2353	-4690	114
Dumaguete	931	12330	114
Mishima	3512	13892	113
Carlsbad	3316	-11735	113
Chorzów	5031	1897	113
Luanshya	-1314	2842	113
Praia	1493	-2351	113
Elmhurst	4074	-7388	113
Costa Mesa	3364	-11792	113
Jhunjhunūn	2813	7540	113
Miami Gardens	2594	-8025	113
Kitami	4380	14389	113
Westminster	3984	-10504	113
Heroica Guaymas	2792	-11090	113
Chesterfield	5325	-142	113
North Peoria	4072	-8958	113
Clearwater	2797	-8280	113
Shchelkovo	5592	3797	113
Fairfield	3825	-12204	113
Alanya	3654	3200	113
Guanabacoa	2313	-8230	113
Vihari	3004	7236	113
Guangming	4533	12278	113
Satara	1769	7399	113
Rouen	4944	110	113
Haikou	2478	10258	113
Chanduasi	2845	7878	113
Nefteyugansk	6110	7260	113
Reutlingen	4849	920	113
Bushwick	4069	-7392	113
Shaowu	2734	11748	113
Mojokerto	-747	11243	113
Satu Mare	4780	2286	112
Thanh Hóa	1980	10577	112
Kaiyuan	4253	12404	112
Kamalia	3073	7265	112
Guanare	904	-6974	112
Gravesend	4060	-7397	112
Rochester	4402	-9247	112
Farīdpur	2361	8984	112
Apopa	1381	-8918	112
Mothīhāri	2665	8492	112
Chās	2364	8617	112
Mazyr	5205	2925	112
Pudukkottai	1038	7882	112
Elgin	4204	-8828	112
Carúpano	1067	-6325	112
Rewāri	2820	7662	112
Port Blair	1167	9275	112
Minatitlán	1800	-9456	112
Esuk Oron	480	825	112
Fürth	4948	1099	112
Beibei	2983	10644	112
Temecula	3349	-11715	112
West Jordan	4061	-11194	112
Cà Mau	918	10515	112
Ribeirão Pires	-2371	-4641	112
Douma	3357	3640	112
Iringa	-777	3570	112
Zwolle	5251	609	112
Novokuybyshevsk	5310	4995	112
Qūchān	3711	5851	112
Suriāpet	1714	7962	112
Kandy	729	8063	112
Bangaon	2305	8883	112
Inglewood	3396	-11835	112
Lysychans’k	4890	3844	112
Conselheiro Lafaiete	-2066	-4379	112
Chhatarpur	2492	7959	112
Daugavpils	5588	2653	112
Resende	-2247	-4445	112
Chelmsford	5174	47	112
Masjed Soleymān	3194	4930	112
Cileunyi	-694	10775	111
Ashoknagar Kalyangarh	2286	8864	111
Magelang	-747	11022	111
Mulhouse	4775	733	111
Santa Rosa	-3662	-6428	111
Beau Bassin-Rose Hill	-2023	5747	111
Mbouda	563	1025	111
Araucária	-2559	-4941	111
Achalpur	2126	7751	111
Navadwīp	2341	8837	111
Nsukka	686	740	111
Nguru	1288	1046	111
Dongtai	3285	12031	111
Bārsi	1823	7569	111
Atibaia	-2312	-4655	111
Várzea Paulista	-2321	-4683	111
Hikone	3525	13625	111
Encheng	2219	11230	111
Turhal	4039	3608	111
Bandar-e Anzalī	3747	4946	111
Richardson	3295	-9673	111
Hadejia	1245	1004	111
Zhuji	2972	12024	111
Perpignan	4270	290	111
Lowell	4263	-7132	111
East Independence	3910	-9436	111
Caen	4919	-36	111
Yenangyaung	2047	9487	111
Gresham	4550	-12243	111
Antioch	3800	-12181	111
Manzini	-2650	3138	111
Cambridge	4238	-7111	110
Sultānpur	2626	8207	110
Tauranga	-3769	17617	110
High Point	3596	-8001	110
Billings	4578	-10850	110
Manchester	4300	-7145	110
Kiryū	3640	13933	110
Kresek	-613	10638	110
Bender	4683	2948	110
Nelspruit	-2547	3097	110
Citeureup	-649	10688	110
Garanhuns	-888	-3650	110
Gabès	3388	1010	110
Qingnian	3684	11571	110
Kufa	3205	4444	110
Vacoas	-2030	5748	110
Ressano Garcia	-2544	3200	110
Noyabrsk	6319	7544	110
Zliten	3247	1457	110
Mizhou	3599	11940	110
Bataysk	4714	3975	110
Linshui	3642	11420	110
Hailun	4746	12695	110
Ambur	1279	7872	110
Kecskemét	4691	1969	110
Seversk	5660	8489	110
Lichinga	-1331	3524	110
Murrieta	3355	-11721	110
Centennial	3958	-10488	110
Shilong	2311	11385	110
Richmond	3794	-12235	110
Kandi	1113	294	110
Corona	4075	-7386	110
Araruama	-2287	-4234	110
Tieli	4698	12804	110
Catanduva	-2114	-4897	110
Taitung City	2276	12114	110
Dongxing	4536	13079	110
Arzamas	5539	4384	109
Phalaborwa	-2394	3114	109
Heihe	5024	12749	109
Pueblo	3825	-10461	109
Zhaotong	2732	10372	109
Hoshangābād	2275	7773	109
Larache	3519	-616	109
Ijebu-Igbo	697	400	109
Sergiyev Posad	5630	3813	109
Tumbes	-357	-8045	109
Livingstone	-1784	2585	109
San Rafael	-3462	-6833	109
Port-Gentil	-72	878	109
Hulan	4598	12660	109
Matagalpa	1293	-8592	109
Komatsu	3640	13645	109
Leninsk-Kuznetsky	5466	8617	109
Zhongxiang	3117	11258	109
Franco da Rocha	-2332	-4673	109
Iwatsuki	3596	13970	109
Pearland	2956	-9529	109
Dehui	4453	12570	109
Waterbury	4156	-7305	109
Boulogne-Billancourt	4884	224	109
Kalisz	5176	1809	109
Ksar El Kebir	3500	-590	109
Pemba	-1297	4052	109
Moncton	4609	-6480	109
Sawāi Mādhopur	2602	7634	109
Uromi	670	633	109
Dharān	2681	8728	109
Madanapalle	1355	7850	109
Katumba	-923	3362	109
West Covina	3407	-11794	108
Enterprise	3603	-11524	108
Bānsbāria	2295	8840	108
Girón	707	-7317	108
Mopti	1448	-418	108
Baghlān	3613	6871	108
Cuautitlán	1967	-9918	108
Trincomalee	858	8123	108
Santiago	1669	12155	108
Dagenham	5155	17	108
North Charleston	3285	-7997	108
Sohar	2435	5671	108
Nehe	4848	12483	108
Kyzyl	5171	9445	108
Cabo Frio	-2289	-4203	108
Oktyabr’skiy	5448	5347	108
Tādepallegūdem	1681	8153	108
Banyuwangi	-823	11436	108
Birnin Kebbi	1245	420	108
Pingliang	3554	10669	108
Santa Cruz	1428	12142	108
Rockingham	-3228	11573	108
Everett	4798	-12220	108
An Nuhūd	1270	2843	108
Atbara	1770	3399	108
Jiangyin	3191	12026	108
Bạc Liêu	929	10573	108
College Station	3063	-9633	108
Palm Bay	2803	-8059	108
Jalpāiguri	2652	8873	108
Jalai Nur	4945	11770	108
Tajimi	3532	13713	108
Moers	5145	663	108
Pompano Beach	2624	-8012	108
Ourense	4234	-786	108
Ji Paraná	-1089	-6195	108
Basingstoke	5126	-109	108
Bandırma	4035	2798	108
Sacaba	-1740	-6604	108
Maidstone	5127	52	108
Umm Qaşr	3004	4792	108
Butterworth	540	10036	108
Shaping	2277	11296	108
Râmnicu Vâlcea	4510	2437	108
Alcobendas	4055	-364	108
Araras	-2236	-4738	107
Koszalin	5419	1617	107
Poá	-2353	-4634	107
Sherpur	2502	9002	107
Obninsk	5510	3661	107
Vitória de Santo Antão	-812	-3529	107
Shinyanga	-366	3342	107
Boulder	4001	-10527	107
Umuarama	-2377	-5333	107
Koblenz	5035	758	107
Siegen	5087	802	107
Bharatpur	2768	8444	107
As Suwayq	2385	5744	107
Norwalk	3390	-11808	107
Vicenza	4555	1155	107
Reus	4116	111	107
Iida	3552	13782	107
Ilebo	-433	2059	107
Apucarana	-2355	-5146	107
Yên Vinh	1867	10567	107
Mitrovicë	4288	2087	107
Sutton Coldfield	5257	-182	107
Khemisset	3382	-607	107
Elista	4631	4426	107
Taungoo	1894	9643	107
Bedford	5213	-47	107
Ejido	855	-7124	107
Al Ḩawāmidīyah	2990	3125	107
Catia La Mar	1061	-6703	107
Lianran	2492	10248	107
West Palm Beach	2672	-8005	107
Rayong	1268	10126	107
Chittaurgarh	2489	7462	107
Fukayachō	3620	13928	107
Cherëmushki	5566	3756	107
Coimbra	4021	-842	107
Broken Arrow	3605	-9579	107
Daly City	3771	-12246	107
Linköping	5841	1562	107
Cikarang	-626	10715	106
Longjiang	4733	12318	106
Hwado	3765	12731	106
Buhe	3029	11223	106
Pindiga	998	1095	106
Namur	5047	487	106
Gangāwati	1543	7653	106
Yevpatoriya	4520	3337	106
Novotroitsk	5120	5833	106
Bergisch Gladbach	5099	713	106
Launceston	-4144	14713	106
Santa Cruz do Sul	-2972	-5243	106
Legnica	5121	1616	106
Ashkelon	3167	3457	106
Sydney	4614	-6018	106
Derbent	4207	4829	106
Xinghua	3294	11983	106
Khurja	2825	7786	106
Mati	696	12622	106
Guaratinguetá	-2282	-4519	106
Arjawinangun	-665	10841	106
Suceava	4763	2625	106
Aïn Beïda	3580	739	106
Azare	1167	1019	106
Nantou	2392	12066	106
Anqiu	3643	11919	106
Lahad Datu	502	11833	106
Ponnāni	1077	7593	106
Tanza	1468	12094	106
Mariara	1030	-6772	105
Bhairab Bāzār	2405	9098	105
Chengtangcun	3508	11719	105
Baraki	3667	310	105
Nancy	4868	618	105
Sandy Springs	3392	-8438	105
Burbank	3418	-11831	105
Queenstown	-3190	2688	105
Hòa Bình	2082	10534	105
Green Bay	4452	-8802	105
Jizan	1689	4255	105
Texcoco de Mora	1951	-9888	105
Santa Maria	3495	-12044	105
Linhares	-1939	-4007	105
Araguaína	-719	-4821	105
Barnāla	3037	7555	105
Daxing	3974	11633	105
Parral	2693	-10567	105
Bāneh	3600	4589	105
Oldham	5354	-212	105
Douliu	2371	12054	105
Jena	5093	1159	105
Wichita Falls	3391	-9849	105
Gera	5088	1208	105
Badlapur	1916	7327	105
Al Fāw	2997	4847	105
Depok	-776	11043	105
Mostar	4334	1781	105
Lakeland	2804	-8195	104
Zhezqazghan	4778	6777	104
Honmachi	3250	13060	104
Tandil	-3732	-5913	104
Lo Prado	-3344	-7073	104
Pulandian	3940	12197	104
Helsingborg	5605	1269	104
Kot Addu	3047	7097	104
Bishoftu	875	3898	104
Kara	955	119	104
Clovis	3683	-11970	104
Wuchuan	2146	11077	104
Yenakiyeve	4823	3821	104
Lewisville	3305	-9699	104
Abengourou	673	-350	104
Iwakuni	3416	13222	104
Soyībug	3408	7471	104
Kiselëvsk	5399	8666	104
Kroonstad	-2765	2723	104
Jishu	4432	12680	104
Enfield Town	5165	-8	104
Ed Damer	1760	3397	104
Woking	5132	-56	104
Dolisie	-420	1267	104
Roorkee	2987	7789	104
Bagaha	2710	8409	104
Yuxi	2436	10254	104
Nkpor	615	683	104
Hosūr	1274	7783	104
Tyler	3235	-9530	104
Male	418	7351	104
El Cajon	3279	-11696	104
Gardez	3360	6923	104
Zhanaozen	4334	5286	104
Bilqās	3121	3136	104
San Mateo	3756	-12233	104
Chūru	2830	7497	104
Nagda	2346	7542	104
Brandon	2794	-8229	103
Prabumulih	-343	10423	103
Phitsanulok	1682	10026	103
Isehara	3540	13931	103
Queluz	3876	-925	103
Nishio	3487	13705	103
Vĩnh Long	1025	10597	103
Turgutlu	3850	2770	103
Esmeraldas	-1976	-4431	103
Escuintla	1430	-9079	103
Velikiye Luki	5634	3055	103
Kashipur	2921	7896	103
Rialto	3411	-11737	103
Ghazīpur	2558	8359	103
Begusarai	2542	8613	103
Ikere-Ekiti	750	523	103
Hildesheim	5215	995	103
Rantauprapat	210	9983	103
Oleksandriya	4867	3312	103
Qurayyat	3133	3734	103
Portmore	1795	-7688	103
Palma Soriano	2021	-7599	103
Pushkino	5602	3787	103
Khushāb	3230	7235	103
Lafiagi	885	542	103
Belawan	378	9868	103
Roxas City	1159	12275	103
Piatra Neamţ	4692	2633	103
Erlangen	4959	1101	103
Tepexpan	1961	-9894	103
Davenport	4152	-9058	103
St Helens	5345	-273	103
Edison	4052	-7441	103
Lubango	-1492	1349	103
Sarh	914	1839	103
Dhaulpur	2669	7788	102
Wazirabad	3244	7412	102
Curicó	-3498	-7124	102
Concepción de La Vega	1922	-7053	102
Shāhzādpur	2418	8960	102
Tulancingo	2008	-9836	102
Bemowo	5225	2091	102
Hillsboro	4552	-12299	102
Drobeta-Turnu Severin	4463	2265	102
Mormugao	1539	7381	102
Qianzhou	2832	10973	102
Artëm	4336	13219	102
Birigui	-2129	-5034	102
Ukhta	6357	5368	102
Ferozepore	3093	7461	102
Inazawa	3525	13678	102
Laoag	1820	12060	102
Şabrātah	3279	1249	102
Disūq	3113	3065	102
Bethal	-2646	2947	102
Pulong Santa Cruz	1427	12108	102
Singkawang	91	10898	102
Tuxtepec	1809	-9613	102
Gondal	2196	7080	102
Torrevieja	3798	-68	102
Ternate	79	12738	102
Milton	4352	-7988	102
Bontang	13	11749	102
Delta	4914	-12291	102
Pārsābād	3965	4792	102
Worcester	5219	-222	102
Las Cruces	3231	-10678	102
‘Ibrī	2323	5652	102
Dera Ismail Khan	3183	7090	102
Salihorsk	5279	2754	102
Székesfehérvár	4719	1841	102
Assis	-2266	-5041	102
Malambo	1086	-7477	102
South Bend	4168	-8625	102
Kansk	5620	9572	102
Argenteuil	4895	225	101
Mustafakemalpaşa	4004	2841	101
Seoni	2209	7955	101
Dartmouth	4467	-6358	101
Maladzyechna	5432	2685	101
Jagādhri	3017	7730	101
Olomouc	4960	1725	101
Witten	5144	735	101
Miriālgūda	1687	7956	101
Barretos	-2056	-4857	101
Medina Estates	567	-16	101
Chakwal	3293	7285	101
Lower Hutt	-4122	17492	101
Colatina	-1954	-4063	101
Gillingham	5139	55	101
Teófilo Otoni	-1786	-4151	101
Tokuyama	3405	13182	101
Tonghae	3754	12911	101
Vanadzor	4080	4449	101
Tartu	5838	2673	101
Mokopane	-2419	2901	101
Salzgitter	5216	1042	101
Udgīr	1839	7712	101
Urdaneta	1598	12057	101
Mezhdurechensk	5369	8806	101
Guaíba	-3011	-5133	101
Jolo	605	12100	101
Qinzhou	2197	10863	101
Guarapari	-2067	-4050	101
Coronel Fabriciano	-1952	-4263	101
Elbasan	4111	2008	101
Vista	3320	-11724	101
Navapolatsk	5553	2860	101
Greeley	4042	-10471	101
Davie	2606	-8023	101
Funchal	3267	-1693	101
Oum el Bouaghi	3588	711	101
Solikamsk	5963	5677	101
El Progreso	1540	-8780	101
Jamālpur	2531	8649	101
Itaguaí	-2285	-4378	101
Nandurbar	2137	7424	101
Abū Kabīr	3073	3167	101
Glazov	5814	5266	101
Anyama	549	-405	101
Kallithéa	3795	2370	101
Narita	3578	14032	101
Juan Díaz	905	-7945	101
Bendigo	-3676	14428	101
Grogol	-760	11082	101
Izumisano	3442	13532	101
Itārsi	2261	7776	101
Padangsidempuan	138	9927	101
Qalyūb	3018	3121	100
Vasco da Gama	1540	7382	100
San Angelo	3146	-10044	100
Sakata	3892	13985	100
Kōnan	3533	13687	100
Chikushino-shi	3350	13052	100
Lianjiang	2165	11028	100
Linxi	3971	11845	100
Magangué	924	-7475	100
Tiébo	1463	-1623	100
Ust’-Ilimsk	5800	10266	100
Renton	4748	-12222	100
Zonguldak	4145	3179	100
Kūhdasht	3353	4761	100
Kalmunai	741	8183	100
Phagwāra	3122	7577	100
Trier	4976	664	100
Punta Cana	1858	-6840	100
Telde	2799	-1542	100
Rio das Ostras	-2253	-4195	100
Zhangye	3893	10045	100
Kangding	3000	10196	100
M’Sila	3571	454	100
Airoli	1915	7300	100
P’yŏngsŏng	3925	12587	100
Tagiura	3288	1335	100
Subotica	4610	1967	100
Kamianets-Podilskyi	4868	2659	100
Roanoke	3727	-7994	100
Kenosha	4258	-8782	100
Salto	-3138	-5797	100
Tsuruoka	3872	13982	100
Chanthaburi	1261	10210	100
Dongsheng	3982	10998	100
Clinton Township	4259	-8292	100
Amreli	2160	7121	100
Shikohābād	2711	7859	100
Columbia	3924	-7684	100
Zelenodolsk	5584	4852	100
Dhahran	2629	5011	100
Manbij	3653	3795	99
Itabira	-1962	-4323	99
Grudziądz	5348	1875	99
Messaad	3415	350	99
Novoshakhtinsk	4776	3993	99
Ikeda	3482	13543	99
Erie	4213	-8009	99
Kāsganj	2781	7865	99
Akhmīm	2656	3175	99
Meihekou	4253	12568	99
Votorantim	-2355	-4744	99
Al Maţarīyah	3118	3203	99
Koutiala	1239	-546	99
Acharnés	3808	2373	99
Thunder Bay	4838	-8925	99
Saint-Paul	-2101	5527	99
Sehore	2320	7708	99
Burao	952	4553	99
Bam	2911	5836	99
Manavgat	3679	3144	99
Sertãozinho	-2114	-4799	99
St. John's	4756	-5271	99
Kwekwe	-1893	2981	99
Worthing	5082	-38	99
Rānībennur	1462	7563	99
Bhola	2269	9064	99
Talara	-458	-8127	99
Bolzano	4649	1134	99
Portsmouth Heights	3682	-7637	99
Jagtiāl	1879	7892	99
Apatzingán	1909	-10236	99
Santana de Parnaíba	-2344	-4692	99
Richmond Hill	4070	-7383	99
Xingcheng	4062	12072	99
Lishui	2846	11991	99
Bagé	-3133	-5411	99
Giresun	4092	3839	99
Barika	3539	537	99
Sarapul	5648	5380	99
Lahti	6098	2566	99
Zwickau	5073	1249	99
Kontagora	1040	547	99
Passos	-2072	-4661	99
Bukittinggi	-31	10037	99
Kaiserslautern	4944	777	99
Alief	2971	-9560	99
Thimphu	2747	8964	99
Bocaue	1480	12093	99
Bhadrakh	2105	8652	99
Votkinsk	5705	5399	99
Spring Hill	2848	-8253	99
Słupsk	5446	1703	99
Renqiu	3870	11609	99
Būndi	2544	7564	99
Cárdenas	2304	-8121	99
Bridgetown	1311	-5962	99
Albany	4265	-7376	98
Compton	3390	-11822	98
Barakaldo	4330	-299	98
Serov	5960	6058	98
Habboûch	3341	3548	98
Xinshi	3105	11314	98
Salto	-2320	-4729	98
Akbarābād	2925	5278	98
Andria	4123	1630	98
Tuscaloosa	3321	-8757	98
League City	2951	-9509	98
Flint	4301	-8369	98
Xinyi	2237	11095	98
Al Qaţīf	2657	5001	98
Ooty	1141	7670	98
Guelmim	2899	-1006	98
Lagos de Moreno	2136	-10194	98
Chengzihe	4533	13107	98
Thayetmyo	1932	9518	98
Xishan	2767	11350	98
Allen	3310	-9667	98
Balashov	5155	4317	98
Dukuhturi	-690	10908	98
Fasā	2894	5365	98
Mughal Sarāi	2528	8312	98
Lida	5388	2530	98
Dar‘ā	3262	3610	98
Shāmli	2945	7731	98
Ballarat	-3757	14385	98
Iserlohn	5138	770	98
Zheleznogorsk	5233	3537	98
Ubá	-2112	-4294	98
Ourinhos	-2298	-4987	98
Hyesan-dong	4140	12819	98
Temixco	1885	-9923	98
Liberec	5077	1506	98
Udine	4607	1324	98
Ciudad Guzmán	1970	-10346	98
Asan	3678	12700	98
Ariana	3686	1019	98
Hechuan	2999	10626	98
Hinganghāt	2055	7884	98
Rochdale	5362	-216	98
Comitán	1625	-9214	98
Trindade	-1665	-4949	98
Arapongas	-2342	-5142	98
Jérémie	1865	-7412	98
Mbarara	-60	3065	98
Karabük	4120	3263	97
Xinyu	2780	11493	97
Tarakan	331	11759	97
Waterloo	4347	-8052	97
Siracusa	3708	1529	97
Al Muharraq	2626	5061	97
Mabopane	-2550	2810	97
Pyinmana	1974	9621	97
Villupuram	1194	7949	97
Isahaya	3284	13004	97
Amalner	2104	7506	97
Kuje	888	723	97
Swabi	3412	7247	97
Turkestan	4330	6825	97
Deventer	5226	616	97
Villa Alemana	-3304	-7137	97
Mobara	3543	14030	97
Ise	3448	13670	97
Pattaya	1293	10088	97
Bagalkot	1619	7570	97
Lodhran	2953	7163	97
Tellicherry	1175	7549	97
Zhukovskiy	5560	3812	97
Narasaraopet	1623	8005	97
Kameoka	3500	13558	97
Târgu Jiu	4505	2328	97
Chinautla	1470	-9050	97
Mission Viejo	3360	-11767	97
Terni	4256	1264	97
Fangshan	3969	11600	97
Magway	2015	9493	97
Nāgaur	2720	7373	97
Vacaville	3836	-12199	97
Yasuj	3067	5159	97
Villa Mercedes	-3368	-6546	97
Wabu	3759	12722	97
Ventura	3428	-11929	97
Nowshera Cantonment	3400	7200	97
Bunia	156	3025	97
Nawāda	2489	8554	97
Highlands Ranch	3955	-10497	97
Lugo	4301	-756	97
Sakado	3596	13939	97
Lawton	3461	-9839	97
Azimpur	2373	9039	97
Schwerin	5363	1141	97
Bolu	4074	3161	97
Mtwara	-1027	4018	97
Beaverton	4549	-12280	97
Araguari	-1865	-4819	97
Jaworzno	5021	1927	97
Yên Bái	2172	10491	97
Corumbá	-1901	-5765	97
Estelí	1309	-8635	96
South Gate	3395	-11821	96
Jahānābād	2521	8499	96
Chālisgaon	2046	7502	96
Sliven	4269	2633	96
San Fernando	3648	-620	96
Jounieh	3398	3562	96
Ceyhan	3702	3582	96
Solihull	5241	-178	96
Koforidua	609	-26	96
Portsmouth	3684	-7630	96
Muroran	4232	14099	96
Girona	4198	282	96
Gütersloh	5191	838	96
Kāshmar	3524	5847	96
Limpio	-2517	-5749	96
Saint-Denis	4894	235	96
Khōst	3334	6992	96
Buxar	2558	8398	96
Dschang	544	1005	96
Sparks	3953	-11975	96
Erechim	-2763	-5228	96
České Budějovice	4897	1447	96
General Trias	1439	12088	96
Yola	921	1248	96
Japekrom	758	-279	96
Ramenskoye	5557	3823	96
Aurangābād	2475	8437	96
Sungai Penuh	-206	10139	96
Sāhibganj	2524	8763	96
Lubu	2317	11228	96
Jastrzębie Zdrój	4996	1857	96
Los Baños	1417	12124	96
Roubaix	5069	317	96
Pandharpur	1768	7533	96
Jinsha	3209	12107	96
Ciudad Río Bravo	2599	-9809	96
Hurghada	2726	3381	96
Hindaun	2673	7704	96
Yicheng	3136	11982	96
Ducheng	2324	11153	96
Bumba	219	2247	96
Mingelchaur	4076	4706	95
Shenjiamen	2996	12230	95
San Carlos de Bariloche	-4115	-7131	95
Charsadda	3415	7174	95
Brockton	4208	-7102	95
Magadan	5956	15080	95
Boli	4575	13057	95
Xiaoshan	3017	12026	95
Enshi	3030	10948	95
Hradec Králové	5021	1583	95
Royal Leamington Spa	5229	-152	95
Maribor	4655	1565	95
Dearborn	4232	-8318	95
Federal Way	4732	-12231	95
Japeri	-2264	-4365	95
Lee's Summit	3891	-9438	95
Santiago de Compostela	4288	-855	95
Delft	5201	436	95
Zaxo	3715	4269	95
Ushirombo	-349	3196	95
Aqaba	2953	3501	95
Frederiksberg	5568	1253	95
Kutloanong	-2783	2675	95
Biu	1061	1219	95
Olupona	760	418	95
Romford	5158	19	95
Vostochnoe Degunino	5588	3756	95
Khargone	2182	7561	95
New Bedford	4164	-7093	95
Ōnojō	3354	13048	95
Spokane Valley	4767	-11724	95
Kanuma	3655	13973	95
As Salamīyah	3501	3705	95
Parli Vaijnāth	1885	7653	95
Alkmaar	5263	475	95
Iriga City	1343	12341	95
Dobrich	4357	2783	95
Kishanganj	2610	8796	95
Wuchang	4491	12715	95
Bath	5138	-236	95
Leskovac	4300	2195	95
Vespasiano	-1969	-4392	95
Prešov	4900	2123	95
Terrebonne	4570	-7365	95
Fordham	4086	-7390	95
Campo Largo	-2546	-4953	95
Nemby	-2539	-5754	95
Dogonbadan	3036	5080	95
Livonia	4237	-8335	95
Mainpuri	2723	7903	95
Facatativá	481	-7435	95
Khāmgaon	2071	7657	95
Kāzerūn	2962	5165	95
Roswell	3402	-8436	95
Yonezawa	3791	14012	94
Yongchuan	2935	10589	94
Orem	4030	-11169	94
Harlow	5178	11	94
Ahar	3848	4707	94
Kırşehir	3915	3416	94
Ximeicun	2499	11839	94
Stellenbosch	-3393	1887	94
Negapatam	1076	7984	94
Novyy Urengoy	6608	7663	94
Yilan	2476	12175	94
Gjakovë	4238	2043	94
Yuma	3273	-11462	94
Yishui	3578	11863	94
Ústí nad Labem	5066	1403	94
Sông Cầu	1346	10922	94
Chilakalūrupet	1609	8017	94
Cacém	3877	-930	94
Gudiyatham	1295	7887	94
Berrechid	3327	-759	94
Lawrence	3897	-9524	94
Makrāna	2704	7472	94
Jalalpur Jattan	3264	7421	94
Kitakami	3928	14112	94
Novoural’sk	5724	6008	94
The Woodlands	3016	-9549	94
Zheleznogorsk	5625	9353	94
Jönköping	5778	1416	94
West Albany	4268	-7378	94
Carora	1017	-7008	94
Janakpur	2673	8593	94
Norrköping	5859	1618	94
Valera	932	-7060	94
Heyuan	2373	11468	94
Yakima	4660	-12051	94
Baijiantan	4569	8514	94
Zhengjiatun	4351	12351	94
Bānswāra	2354	7444	94
García	2581	-10060	94
Forlì	4422	1204	94
Quincy	4225	-7100	94
Kombolcha	1108	3974	94
Tatuí	-2336	-4786	94
Yala	654	10128	94
Dipolog	857	12333	94
Baraut	2910	7726	94
Closepet	1272	7728	94
Behshahr	3669	5355	94
Michurinsk	5290	4049	93
Việt Trì	2132	10540	93
Trelew	-4325	-6531	93
Düren	5080	649	93
Ghardaïa	3249	367	93
Sumber	-676	10848	93
Flatbush	4065	-7396	93
Dalai	4550	12430	93
Novara	4545	862	93
Hesperia	3443	-11730	93
Lere	1039	857	93
Carson	3383	-11828	93
Barletta	4131	1628	93
Polatlı	3958	3214	93
Boca Raton	2636	-8008	93
Piacenza	4505	969	93
Santa Monica	3402	-11849	93
Ochota	5222	2099	93
Praga Północ	5225	2103	93
Kalyani	2298	8848	93
Changping	4022	11623	93
Cáceres	3948	-637	93
Galle	605	8021	93
Stilfontein	-2684	2677	93
Heerlen	5088	598	93
Ozamiz City	815	12384	93
Jinja	44	3320	93
Nouméa	-2227	16645	93
Tādpatri	1491	7801	93
Wonosobo	-736	10990	93
Kineshma	5744	4213	93
Bafra	4157	3591	93
Chitose	4282	14165	93
Coronel	-3703	-7314	93
Wukari	787	978	93
Krasnogorsk	5582	3733	93
San Marcos	3314	-11717	93
Leuven	5088	470	93
Pushkin	5971	3040	93
Moa	2066	-7495	93
Lianzhou	2478	11237	93
Ferrara	4484	1162	93
Rize	4102	4052	93
Beni Mered	3652	286	93
Igbo-Ora	743	329	93
Nuneaton	5252	-147	93
Foumban	573	1090	93
Zefta	3071	3124	93
Kapūrthala	3138	7538	93
Kaizuka	3445	13535	93
High Peak	5337	-185	93
Palimanan	-671	10842	93
Patos	-702	-3728	93
Plantation	2613	-8023	93
Ségou	1343	-622	93
Semenyih	295	10184	92
Tulcea	4518	2881	92
Maizuru	3545	13533	92
Lynn	4247	-7095	92
Villa María	-3241	-6324	92
Ratchaburi	1354	9982	92
Pamekasan	-716	11347	92
Riohacha	1154	-7291	92
Venlo	5137	617	92
Esslingen	4874	930	92
Errachidia	3193	-443	92
Darlington	5452	-155	92
Pandeglang	-631	10611	92
Miami Beach	2579	-8013	92
Dhangaḍhi̇̄	2870	8059	92
Dongcun	3678	12116	92
Dīsa	2426	7218	92
Arden-Arcade	3860	-12138	92
Pariaman	-62	10012	92
Kudus	-680	11084	92
Kimitsu	3535	13987	92
Ereğli	3751	3405	92
Westminster	3376	-11801	92
Kohima	2567	9411	92
Longmont	4017	-10510	92
Delmas	-2615	2868	92
Duitama	582	-7303	92
Ağrı	3972	4305	92
Danjiangkou	3254	11151	92
Tepatitlán de Morelos	2082	-10276	92
Betūl	2190	7790	92
Erciş	3903	4336	92
Winterthur	4751	872	92
Kāraikkudi	1007	7877	92
Lorca	3767	-170	92
Bugul’ma	5454	5280	92
Sassari	4073	856	92
Kilosa	-683	3698	92
Caringin	-671	10682	92
Santa Barbara	3442	-11970	92
Calumpit	1492	12077	92
Nakhon Sawan	1570	10014	92
Ginowan	2626	12776	92
Konotop	5124	3320	92
Zhongshu	2452	10377	92
Butwāl	2770	8345	92
Timóteo	-1958	-4265	92
Southport	5365	-301	92
Huazhou	2163	11058	92
Marīvān	3552	4618	92
Kalamariá	4058	2295	92
Ratingen	5130	685	92
Redding	4059	-12239	92
Tourcoing	5072	316	92
Cárdenas	1800	-9338	92
Grahamstown	-3330	2653	92
Longquan	2467	10216	92
Phan Rang-Tháp Chàm	1156	10899	92
Yatou	3716	12244	92
Leeuwarden	5320	581	91
Lingyuan	4124	11940	91
Marl	5166	709	91
Bagaha	2453	8506	91
Macon	3284	-8363	91
Mons	5045	395	91
Kostyantynivka	4853	3771	91
Balāngīr	2070	8349	91
Zipaquirá	502	-7400	91
Muriaé	-2113	-4237	91
Duyun	2627	10752	91
Cambé	-2328	-5128	91
Pingdu	3678	11995	91
Bayeux	-713	-3493	91
Kasama	-1021	3118	91
Alīgūdarz	3340	4969	91
Niğde	3797	3468	91
Lünen	5162	753	91
Thủ Dầu Một	1098	10665	91
Onomichi	3442	13320	91
Gaoyou	3279	11944	91
Lüleburgaz	4140	2736	91
Myitkyina	2538	9740	91
Yulinshi	3829	10974	91
Chauk	2090	9482	91
Bento Gonçalves	-2917	-5152	91
Caraguatatuba	-2362	-4541	91
Mogok	2292	9651	91
Namyangju	3764	12721	91
‘Amrān	1566	4394	91
Meridian	4361	-11639	91
Drammen	5974	1020	91
San Leandro	3772	-12216	91
Kishorganj	2444	9078	91
Montreuil	4886	244	91
Emure-Ekiti	744	546	91
Hanting	3677	11921	91
Datia	2567	7846	91
Klagenfurt am Wörthersee	4662	1431	91
Baise City	2390	10661	91
Greenville	3561	-7737	91
Tongren	2772	10919	91
Ţahţā	2677	3150	91
Körfez	4077	2978	91
Chester	5319	-289	91
Kuznetsk	5312	4660	90
Samālūţ	2831	3071	90
Xihe	3169	11347	90
Itanhaém	-2418	-4679	90
Valparai	1033	7695	90
Chico	3973	-12184	90
Kovilpatti	917	7787	90
Vaniyambadi	1268	7862	90
Coslada	4042	-356	90
Duobao	3067	11269	90
Kirovo-Chepetsk	5855	5004	90
Berdsk	5476	8310	90
Stevenage	5190	-20	90
Harar	931	4212	90
Warmbaths	-2488	2828	90
Reconquista	-2915	-5965	90
Bhandāra	2117	7965	90
Huddinge	5924	1798	90
Sishui	3565	11728	90
Ajax	4385	-7903	90
Marudi	418	11432	90
Edmond	3565	-9748	90
Luimneach	5266	-862	90
Wembley	5155	-30	90
Krasnyy Luch	4814	3894	90
Kanata	4530	-7592	90
Gantang	2744	11197	90
Roha	1844	7312	90
Alvand	3619	5006	90
Fort-de-France	1460	-6107	90
Ancona	4359	1350	90
Isieke	638	804	90
Francistown	-2117	2751	90
Huaidian	3343	11503	90
Ōmura	3292	12995	90
Nampa	4354	-11656	90
Muktsar	3047	7452	90
Point Pedro	982	8023	90
Avignon	4395	481	90
Gatchina	5958	3013	90
Grays	5148	33	90
Tsuyama	3505	13400	90
Santana do Livramento	-3089	-5553	90
Yaritagua	1008	-6912	90
Yiwu	2932	12008	90
Nyaunglebin	1795	9672	90
Jinjiang	2482	11857	90
Butare	-260	2974	90
Mianwali	3258	7153	90
Vlorë	4047	1948	90
Luckeesarai	2518	8609	90
Almirante Tamandaré	-2532	-4931	89
Bārmer	2575	7139	89
Murādnagar	2878	7750	89
Tartouss	3489	3589	89
Fujin	4726	13203	89
Granada	1193	-8596	89
Níkaia	3797	2365	89
Tinsukia	2749	9536	89
Şaḩam	2417	5689	89
Białołeka	5232	2097	89
Marseille 13	4332	541	89
Huaicheng	2392	11218	89
Shahdol	2329	8136	89
Izumo	3537	13277	89
Kwangyang	3498	12759	89
Miragoâne	1845	-7309	89
Manjeri	1112	7612	89
Port Dickson	254	10181	89
Hongseong	3660	12667	89
Mahobā	2529	7988	89
Sumbawanga	-797	3162	89
Mudon	1626	9772	89
Lucheng	3123	11728	89
Hede	3377	12026	89
Kuopio	6289	2768	89
Valle de La Pascua	922	-6601	89
Phuket	789	9840	89
Harrogate	5399	-154	89
Sokcho	3821	12859	89
Banjar	-819	11497	89
Bibir Hat	2268	9179	89
Nusaybin	3707	4121	89
Lhokseumawe	518	9715	89
Cicurug	-678	10678	89
Lengshuitan	2641	11160	89
Kartasura	-755	11074	89
Shwebo	2257	9570	89
Salihli	3848	2815	89
Talavera de la Reina	3996	-483	89
Hartlepool	5469	-121	89
Planaltina	-1545	-4761	89
Ereğli	4128	3142	89
Fusagasugá	434	-7436	89
Mangaldan	1607	12040	89
Newton	4234	-7121	89
Toms River	3995	-7420	89
Crato	-723	-3941	89
Zárate	-3410	-5903	89
Fall River	4170	-7116	89
Habiganj	2438	9141	89
Modi‘in Makkabbim Re‘ut	3189	3502	89
Pardubice	5004	1578	89
Wangqing	4332	12976	89
Rafaela	-3125	-6149	89
Carmel	3998	-8612	89
Contai	2178	8775	89
Hanau am Main	5013	891	89
Valinhos	-2297	-4700	89
Montero	-1734	-6325	89
Sangrūr	3025	7584	89
Chosica	-1194	-7671	89
Ashiya	3473	13530	89
Chaman	3092	6645	89
Alaghsas	1702	802	89
Asheville	3560	-8255	89
Iwata	3470	13785	89
Brovary	5052	3081	89
Kōnosu	3607	13952	88
La Spezia	4410	982	88
Norwalk	4112	-7341	88
Waukegan	4236	-8784	88
Deltona	2890	-8126	88
Kandhkot	2825	6918	88
Hawthorne	3392	-11835	88
Târgovişte	4493	2546	88
Al Bahah	2001	4147	88
São Lourenço da Mata	-800	-3502	88
Nova Lima	-1999	-4385	88
Mahendranagar	2896	8018	88
Klangenan	-671	10844	88
Pakse	1512	10580	88
Ciénaga	1101	-7425	88
Brusque	-2710	-4891	88
Ifo	681	320	88
Shkodër	4207	1951	88
Pollachi	1066	7701	88
Fort Smith	3539	-9440	88
Deoband	2970	7768	88
Suffolk	3673	-7658	88
Sugar Land	2962	-9563	88
Osijek	4555	1869	88
Nabari	3462	13608	88
Livermore	3768	-12177	88
Kozan	3746	3582	88
Neyyāttinkara	840	7709	88
Tāndā	2655	8266	88
Hasilpur	2969	7255	88
Sarov	5494	4332	88
Koidu	864	-1097	88
Arayat	1515	12077	88
Nashua	4277	-7147	88
Yingchuan	3416	11346	88
Qorveh	3517	4781	88
Cholula	1906	-9830	88
Yozgat	3982	3480	88
Ath Thawrah	3584	3855	88
Reading	4034	-7593	88
Ébolowa	290	1115	88
Saint John	4527	-6606	88
Pickering	4390	-7913	88
Surigao	979	12550	88
Balkanabat	3951	5437	88
Yeysk	4671	3827	88
Çanakkale	4016	2641	88
Brantford	4313	-8027	88
San Juan de los Morros	991	-6735	88
Hanchuan	3065	11377	88
Majalengka	-684	10823	88
Buzuluk	5278	5226	88
El Puerto de Santa María	3659	-623	88
Concord	3541	-8058	88
Makeni	889	-1204	88
Velbert	5134	704	88
Barra do Piraí	-2247	-4383	88
Kadugli	1101	2972	88
Uman	4875	3022	88
Qiongshan	2001	11035	88
Pergamino	-3389	-6057	88
Gitarama	-207	2976	88
Ludwigsburg	4890	919	88
Xiangxiang	2773	11253	88
Deqing	3054	11996	88
Indio	3372	-11622	88
Rio Rancho	3523	-10666	88
Enchanted Hills	3534	-10659	88
Bārān	2510	7652	87
Sandy	4059	-11188	87
Patnos	3922	4286	87
Whittier	3398	-11803	87
Yanjiang	3012	10465	87
Canarsie	4064	-7390	87
Arifwala	3029	7307	87
Koudougou	1225	-236	87
Jelenia Góra	5090	1573	87
Quillacollo	-1739	-6628	87
Glyfáda	3786	2376	87
Shumen	4327	2692	87
Igede-Ekiti	767	513	87
Kirkland	4768	-12221	87
Mishan	4555	13188	87
Lund	5571	1319	87
Alegrete	-2978	-5579	87
Nenjiang	4917	12522	87
Angono	1453	12115	87
Caieiras	-2336	-4674	87
Menifee	3373	-11715	87
Dhamtari	2071	8155	87
Newport Beach	3362	-11793	87
Tiruchengode	1138	7789	87
Porlamar	1096	-6387	87
Tracy	3774	-12143	87
Ad Douiem	1400	3231	87
Citrus Heights	3871	-12128	87
Malanje	-954	1634	87
La Victoria	1023	-6733	87
Bend	4406	-12132	87
Chīrāla	1582	8035	87
Saatlı	3993	4837	87
Gao	1627	-4	87
Gubkin	5128	3755	87
Lokossa	664	172	87
Effium	663	806	87
Jharia	2374	8641	87
Hacienda Santa Fe	2052	-10338	87
Huaraz	-953	-7753	87
Akot	2110	7706	87
Mianke Mor	3120	7395	87
Ban Mai	720	10055	87
Louis Trichardt	-2304	2990	87
Canton	4231	-8348	87
Rājpura	3048	7659	87
Madgaon	1528	7396	87
Caguas	1823	-6605	87
Lehigh Acres	2663	-8162	87
Greenburgh	4103	-7384	87
Shizilu	3517	11883	87
Asnières-sur-Seine	4892	228	87
Batticaloa	771	8169	87
Nanterre	4889	221	87
Tumaco	179	-7879	87
Chaykovskiy	5677	5411	87
Yotsukaidō	3565	14017	87
Atlixco	1891	-9844	87
Musanze	-150	2963	87
Sardārshahr	2844	7449	87
Barra do Corda	-551	-4524	87
Mayiladuthurai	1110	7966	87
Būsh	2915	3113	87
Bojonegoro	-715	11188	87
Zhaogezhuang	3977	11841	87
Bitola	4103	2133	87
Al Farwānīyah	2928	4796	87
Cornellà de Llobregat	4135	208	87
Al Fujairah City	2512	5634	87
Victorias	1090	12307	87
Hamakita	3480	13778	87
Tulcán	81	-7772	86
Idanre	711	512	86
Igarassu	-783	-3491	86
Apartadó	788	-7663	86
Bloomington	4484	-9330	86
Tagbilaran City	966	12385	86
Puli	2397	12097	86
Germantown	3917	-7727	86
Piedecuesta	699	-7305	86
Mbanza-Ngungu	-526	1486	86
Gyōda	3614	13946	86
Las Rozas de Madrid	4049	-387	86
Clifton	4086	-7416	86
Nitra	4831	1808	86
Olavarría	-3689	-6032	86
Qamdo	3113	9718	86
Hannō	3585	13932	86
Bekobod	4022	6927	86
Berdychiv	4990	2860	86
Kasihan	-783	11033	86
Kāmthi	2122	7920	86
Kashiwazaki	3737	13855	86
Orihuela	3808	-94	86
Nanfeng	2373	11180	86
Cannock	5269	-203	86
Duluth	4678	-9211	86
Champaign	4012	-8824	86
Zhangjiajie	2913	11048	86
Borāzjān	2927	5122	86
Sodo	686	3776	86
Volos	3936	2294	86
Potiskum	1171	1108	86
Novi Pazar	4314	2051	86
Žilina	4922	1874	86
Chipata	-1363	3265	86
Poitiers	4658	34	86
Keffi	885	787	86
Usol’ye-Sibirskoye	5275	10365	86
Torre del Greco	4079	1437	86
Shashemenē	720	3860	86
Parādīp Garh	2032	8661	86
Flensburg	5478	944	86
Ryūgasaki	3590	14018	86
Helong	4254	12900	86
Río Gallegos	-5162	-6922	86
Paramagudi	955	7859	86
Tecomán	1892	-10388	86
San Antonio	-3359	-7161	86
Hemel Hempstead	5175	-45	86
Chino	3401	-11769	86
Hailin	4457	12939	86
Alhambra	3410	-11813	86
Osmanabad	1818	7604	86
Nanding	3675	11806	85
Attock City	3377	7236	85
Ogden	4122	-11197	85
Shostka	5186	3347	85
Versailles	4880	213	85
Guozhen	3437	10736	85
Khalifah A City	2443	5460	85
Tārūt	2657	5004	85
Aruppukkottai	951	7810	85
Los Reyes Acaquilpan	1936	-9898	85
Ḩawsh ‘Īsá	3091	3029	85
Paulo Afonso	-941	-3821	85
Ituiutaba	-1897	-4946	85
Al Marj	3249	2083	85
Redwood City	3749	-12224	85
Dengzhou	3781	12076	85
Gharyan	3217	1302	85
Yegor’yevsk	5538	3903	85
Courbevoie	4890	226	85
Bellingham	4876	-12249	85
Qufu	3560	11699	85
Liepāja	5650	2101	85
Iwamizawa	4320	14176	85
O'Fallon	3881	-9070	85
Jyväskylä	6224	2572	85
Junín	-3458	-6094	85
Montelíbano	798	-7542	85
Rukban	3331	3870	85
Thakhèk	1741	10483	85
Gonaïves	1945	-7269	85
Oued Zem	3286	-657	85
Nanaimo	4917	-12394	85
Esteio	-2986	-5118	85
Bāruni	2548	8597	85
Hoover	3341	-8681	85
Créteil	4879	247	85
Ílion	3803	2370	85
Mādārīpur	2317	9021	85
Ciudad Mante	2274	-9897	85
Hetauda	2743	8503	85
Laojunmiao	3983	9773	85
Cottbus	5176	1433	85
Túxpam de Rodríguez Cano	2096	-9741	85
Panabo	731	12568	85
Epe	658	398	85
Sarandi	-2344	-5187	85
Aflou	3411	210	85
Gamboru	1237	1421	85
Tlaxcala	1932	-9820	85
Akhisar	3892	2784	85
Danbury	4139	-7345	85
Sumenep	-702	11387	85
Guider	993	1395	85
Katunayaka	717	7989	85
Eisen	3682	12863	85
Bijnor	2937	7814	85
Mariveles	1443	12049	85
St Albans	5175	-33	85
Daxi	2488	12129	85
East Norwalk	4111	-7340	85
Edinburg	2630	-9816	84
Sunrise	2613	-8011	84
Itaperuna	-2120	-4189	84
Kadiyivka	4857	3864	84
Dundee	-2817	3023	84
Wilhelmshaven	5353	811	84
Zhoushan	2999	12220	84
Ambarawa	-726	11040	84
Nowy Sącz	4962	2070	84
Ogaminana	759	622	84
Anakāpalle	1769	8300	84
Piet Retief	-2701	3081	84
Dazhong	3320	12046	84
Heróica Zitácuaro	1944	-10036	84
Redditch	5231	-195	84
Songkhla	720	10060	84
Trinidad	-1483	-6490	84
Phuthaditjhaba	-2852	2882	84
Avilés	4355	-592	84
Çerkezköy	4129	2800	84
Jinxiang	2743	12061	84
El Ejido	3678	-281	84
Trenton	4022	-7474	84
Yurga	5572	8489	84
Curepipe	-2032	5753	84
Santa Fe	3569	-10594	84
Al Fqih Ben Çalah	3250	-669	84
Bloomington	3917	-8653	84
Foumbot	551	1063	84
Feni	2301	9140	84
Wanju	3585	12715	84
Najībābād	2961	7834	84
Kakegawa	3477	13802	84
Binonga	1077	12298	84
Dohad	2283	7426	84
Xiannü	3243	11956	84
Santana	-6	-5118	84
Cicero	4185	-8775	84
Hemet	3375	-11697	84
Rāmgarh	2363	8552	84
Gotenba	3532	13894	84
Ocotlán	2036	-10277	84
El Khroub	3626	669	84
South Shields	5500	-143	84
Bethlehem	-2823	2831	84
Derry	5500	-731	84
Munūf	3047	3093	84
Hilversum	5222	518	84
Lingdong	4657	13115	84
Gisenyi	-170	2926	84
Nanzhang Chengguanzhen	3178	11183	84
Herzliya	3217	3483	84
NIA Valencia	791	12509	84
Ocaña	824	-7336	84
Ouidah	636	209	84
Ahwatukee Foothills	3334	-11198	83
Tübingen	4852	905	83
Yangp'yŏng	3749	12749	83
Ungsang	3541	12917	83
Kāvali	1492	7999	83
Johns Creek	3403	-8420	83
La Piedad	2034	-10203	83
Yachimata	3565	14032	83
Mission	2622	-9833	83
Mandurah	-3253	11572	83
Codó	-446	-4389	83
Troy	4261	-8315	83
Marilao	1476	12095	83
Buena Park	3387	-11800	83
Xucheng	2033	11017	83
Ihiala	585	686	83
Umeå	6383	2026	83
Katori-shi	3590	14050	83
Fatehpur	2799	7496	83
Margahayukencana	-697	10757	83
Galesong	-532	11937	83
Guadalajara	4063	-316	83
Madhyapur Thimi	2768	8539	83
Hecun	3653	11411	83
San Fernando	1662	12032	83
Kamigyō-ku	3503	13576	83
Chervonohrad	5039	2424	83
Ningyang	3576	11679	83
Antsiranana	-1232	4929	83
Jinshi	2960	11187	83
Weston-super-Mare	5135	-298	83
Amasya	4065	3583	83
Sanjō	3762	13895	83
Palm Coast	2958	-8121	83
Yuanping	3872	11276	83
Minden	5229	891	83
Montego Bay	1847	-7792	83
Kraljevo	4373	2069	83
Fayetteville	3606	-9416	83
Sioux City	4250	-9640	83
Yacuiba	-2202	-6368	83
Shīrvān	3740	5793	83
Havířov	4978	1844	83
Chichawatni	3053	7269	83
Ash Shaţrah	3141	4617	83
Sorsogon	1297	12399	83
Pau	4331	-36	83
Roquetas de Mar	3676	-261	83
Palencia	4201	-452	83
Pizhou	3431	11795	83
Halifax	5372	-185	83
Changqing	3656	11673	83
Araxá	-1959	-4694	83
Sinhyeon	3488	12863	83
Xindian	3680	11829	83
San Martín	-3308	-6847	83
Jangipur	2447	8808	83
Chiguayante	-3693	-7303	83
Muş	3873	4148	83
Sano	3632	13958	83
Anzhero-Sudzhensk	5608	8603	83
Taourirt	3441	-290	83
Shache	3842	7724	83
Yima	3474	11188	83
Ashmūn	3030	3098	83
Lake Forest	3365	-11769	82
Pernik	4260	2303	82
Redenção	-803	-5003	82
Dhār	2259	7530	82
Merced	3730	-12048	82
Sant Boi de Llobregat	4134	204	82
Pozuelo de Alarcón	4043	-381	82
Bagamoyo	-644	3890	82
Cukai	425	10342	82
Shangzhi	4521	12797	82
Hānsi	2910	7596	82
Nangong	3736	11537	82
Chimaltenango	1466	-9082	82
Lüshun	3880	12127	82
Troitsk	5410	6158	82
Banská Bystrica	4874	1915	82
Mādabā	3172	3579	82
Kanoya	3138	13085	82
Reef Al Fujairah City	2514	5625	82
Nizip	3701	3779	82
Kilis	3672	3712	82
Colombes	4892	225	82
Toledo	3986	-402	82
Lākshām	2324	9112	82
Longview	3250	-9474	82
Polatsk	5549	2879	82
Quzhou	2896	11887	82
Fatsa	4103	3750	82
Abomey	718	199	82
Tinaquillo	992	-6830	82
Tochigi	3638	13973	82
Azov	4711	3942	82
Bryan	3067	-9637	82
Ipoti	787	508	82
Marugame	3428	13378	82
Shiwan	2300	11308	82
Niagara Falls	4310	-7907	82
Beckenham	5141	-3	82
Westland	4232	-8340	82
Ishurdi	2413	8907	82
Kasserine	3517	884	82
Como	4581	908	82
Tamworth	5263	-170	82
Phra Nakhon Si Ayutthaya	1435	10058	82
Abreu e Lima	-791	-3490	82
David	843	-8243	82
La Dorada	545	-7466	82
Bhakkar	3163	7106	82
Presidencia Roque Sáenz Peña	-2679	-6044	82
Itajubá	-2243	-4545	82
Qal‘at Bīshah	2000	4261	82
Gwangju	3741	12726	82
Agboville	593	-421	82
Villingen-Schwenningen	4806	849	82
Kaspiysk	4288	4764	82
Luján	-3457	-5910	82
Lucca	4384	1050	82
Tangping	2203	11194	82
Ar Rass	2587	4350	82
Warwick	4170	-7142	82
Mukacheve	4844	2272	82
Watampone	-454	12033	82
Campana	-3416	-5896	82
Lakewood	3385	-11813	82
Salmās	3820	4477	82
Pontevedra	4243	-864	82
Sokhumi	4301	4099	82
Al Ḩasakah	3650	4075	82
Mungyeong	3659	12820	82
Kadiri	1411	7816	81
Lavras	-2125	-4500	81
Dhorāji	2173	7045	81
Kharian	3282	7389	81
Rāyachoti	1406	7875	81
Yudong	2939	10652	81
Balqash	4685	7500	81
Guaynabo	1836	-6611	81
Yashio	3582	13984	81
Farmington Hills	4249	-8338	81
Khambhāt	2232	7262	81
Sarishābāri	2475	8983	81
San Tan Valley	3319	-11153	81
Bistriţa	4713	2450	81
Mount Pleasant	3279	-7986	81
Avaré	-2310	-4893	81
Konstanz	4766	918	81
Tatebayashi	3625	13953	81
Konin	5222	1825	81
Formosa	-1554	-4733	81
Gafsa	3442	878	81
Reşiţa	4530	2189	81
Leme	-2219	-4739	81
Lalupon	747	407	81
Worms	4963	836	81
Cranston	4178	-7144	81
Ozersk	5576	6070	81
Yessentuki	4404	4286	81
Vitry-sur-Seine	4879	240	81
Largo	2791	-8279	81
Cizre	3733	4218	81
Naesŏ	3525	12852	81
Nirmal	1910	7834	81
Quatre Bornes	-2026	5748	81
Emmiganūr	1577	7748	81
Zomba	-1539	3532	81
Feicheng	3526	11797	81
Natitingou	1030	138	81
Ravenna	4441	1220	81
Shanting	3508	11746	81
Jeypore	1886	8257	81
Hengelo	5227	679	81
Shibata	3795	13933	81
Gamagōri	3483	13723	81
Rouissat	3192	535	81
Klin	5633	3673	81
Kfar Saba	3217	3491	81
Izumiōtsu	3450	13540	81
Getxo	4336	-301	81
Kotkapura	3058	7483	81
Berkane	3492	-232	81
Toride	3590	14008	81
Lecce	4035	1817	81
South Suffolk	3672	-7659	81
Bafang	516	1018	81
Avondale	3344	-11235	81
Atakpamé	753	113	81
Aulnay-sous-Bois	4894	249	81
Tustin	3375	-11783	81
Berrouaghia	3614	291	81
Bingöl	3888	4049	81
Bakhmut	4859	3800	81
Bani Yas City	2431	5463	80
Necochea	-3855	-5874	80
Elbistan	3821	3720	80
Udhampur	3292	7514	80
Mountain View	3739	-12208	80
Napa	3830	-12229	80
Kairāna	2940	7721	80
Trento	4607	1112	80
Tahoua	1489	527	80
Mihara	3440	13308	80
Zhuanghe	3970	12299	80
Bālāghāt	2182	8019	80
Bonāb	3734	4606	80
Loushanguan	2814	10682	80
Somerville	4239	-7110	80
Baoying	3323	11931	80
Giugliano in Campania	4093	1420	80
Kedungwaru	-807	11192	80
Yagoua	1034	1523	80
Lawrence	4271	-7116	80
Dashiqiao	4064	12250	80
Mbalmayo	352	1150	80
Panshi	4294	12606	80
Serpong	-632	10666	80
As Salţ	3204	3573	80
Namibe	-1520	1215	80
Piotrków Trybunalski	5141	1970	80
Melbourne	2808	-8061	80
Yambol	4248	2650	80
Meïganga	652	1430	80
Vorkuta	6750	6405	80
Gandia	3897	-18	80
Ushiku	3597	14013	80
Mānsa	2999	7540	80
Rikaze	2925	8888	80
Ra'anana	3218	3487	80
Shahre Jadide Andisheh	3568	5102	80
Cung Kiệm	2119	10616	80
Ughelli	549	600	80
Dorsten	5166	697	80
Scunthorpe	5358	-65	80
Stockton-on-Tees	5457	-132	80
Parma	4140	-8172	80
New Rochelle	4091	-7378	80
Anantnag	3373	7515	80
Cruzeiro do Sul	-763	-7268	80
Lynchburg	3741	-7914	80
Medford	4233	-12288	80
La Goulette	3682	1031	80
Zrenjanin	4538	2038	80
Deerfield Beach	2632	-8010	80
Chichicastenango	1494	-9111	80
Sibolga	174	9878	80
Haskovo	4193	2556	80
Ciudad Lerdo	2554	-10352	80
Taixing	3217	12001	80
Kāraikāl	1092	7983	80
Genteng	-837	11415	80
Kidapawan	701	12509	80
Erdenet	4903	10408	80
Amstelveen	5230	486	80
Bende	556	763	80
Kropotkin	4544	4058	80
Itumbiara	-1842	-4922	80
Oke Mesi	782	492	80
Maricá	-2292	-4282	80
Ar Rifā‘	2613	5055	80
Szombathely	4723	1662	80
Kafanchan	958	829	80
Busto Arsizio	4561	885	80
Pleasanton	3766	-12187	80
Norzagaray	1491	12105	80
Jharsuguda	2186	8401	79
Tangjiazhuang	3974	11845	79
Shadrinsk	5609	6363	79
Willowdale	4377	-7940	79
Sidi Slimane	3426	-593	79
Huehuetenango	1532	-9147	79
Brājarājnagar	2182	8392	79
Drohobych	4935	2351	79
Lido di Ostia	4173	1228	79
Cesena	4414	1224	79
Lüdenscheid	5122	763	79
Rustaq	2339	5742	79
Behbahān	3060	5024	79
Zarzis	3350	1111	79
Sant Cugat del Vallès	4147	209	79
Kottagūdem	1755	8062	79
Nawābganj	2693	8120	79
Gedangan	-739	11273	79
Shouguang	3688	11874	79
Ciudad Lázaro Cárdenas	1797	-10222	79
Yanta	3624	11567	79
Kadoma	-1833	2992	79
Bwizibwera	-59	3063	79
Brooklyn Park	4509	-9336	79
Gueckedou	857	-1013	79
Zhuangyuan	3731	12083	79
Ikom	597	871	79
Arakkonam	1308	7967	79
Wuyang	3199	11625	79
Gapan	1531	12095	79
Kashihara	3458	13562	79
Xiongzhou	2512	11430	79
Ponorogo	-787	11146	79
Agulu	610	706	79
Netrakona	2488	9073	79
Ubatuba	-2343	-4507	79
Goodyear	3344	-11236	79
Paoy Paet	1366	10256	79
Slatina	4443	2437	79
Wakefield	5368	-150	79
Catanzaro	3888	1660	79
Layyah	3096	7094	79
Cerro de Pasco	-1067	-7626	79
Kennewick	4621	-11914	79
Marburg an der Lahn	5081	877	79
Marseille 08	4327	538	79
Tambacounda	1377	-1367	79
Kŭlob	3791	6978	79
Darnah	3277	2264	79
San Fernando de Apure	789	-6747	79
Xinzhou	3087	11480	79
Shitanjing	3923	10634	79
Zlín	4923	1767	79
Chiang Rai	1991	9983	79
Deurne	5122	447	79
Manfalūţ	2731	3097	79
Sagaing	2188	9598	79
Koch Bihār	2633	8945	79
Tumen	4297	12984	79
Três Lagoas	-2079	-5170	79
Gualeguaychú	-3301	-5852	79
Dod Ballāpur	1329	7754	79
Ceuta	3589	-532	79
Mthatha	-3159	2878	79
Dondo	-1961	3474	79
Mayagüez	1820	-6714	79
Vyborg	6071	2875	79
Alameda	3777	-12226	79
Arona	2810	-1668	79
São João del Rei	-2114	-4426	79
Bhadohi	2540	8257	79
Brindisi	4063	1794	79
Torrent	3944	-47	79
Carlisle	5490	-294	78
Town 'n' Country	2801	-8258	78
Bellflower	3388	-11812	78
Kātoya	2365	8813	78
Kayes	1445	-1144	78
Youhao	4785	12884	78
Neumünster	5407	998	78
Reutov	5576	3786	78
Putatan	593	11606	78
Karatsu	3344	12997	78
Chino Hills	3399	-11776	78
Bang Kruai	1380	10047	78
Bloomington	4048	-8899	78
Daura	1155	1141	78
Al Ḩayy	3217	4604	78
Pingyi	3550	11763	78
Mogi Mirim	-2243	-4696	78
Iizuka	3364	13069	78
Valvedditturai	982	8017	78
Jamūī	2493	8623	78
Linping	3042	12030	78
Ilioúpoli	3793	2377	78
Zahlé	3385	3590	78
Daet	1411	12296	78
Alafaya	2856	-8121	78
Wa	1006	-250	78
Abaetetuba	-172	-4888	78
Harihar	1451	7581	78
Mancherāl	1887	7943	78
Castrop-Rauxel	5156	731	78
Marsala	3780	1244	78
Ōbu	3502	13695	78
Springdale	3619	-9413	78
Kadayanallur	907	7734	78
Marseille 15	4337	535	78
Ciranjang-hilir	-682	10726	78
Linkou	4529	13026	78
Racine	4273	-8778	78
Ipiales	83	-7764	78
Roosendaal	5153	447	78
Daltonganj	2404	8407	78
Brikama	1327	-1665	78
Hakkâri	3757	4374	78
Keningau	534	11616	78
Gateshead	5496	-160	78
Bijie	2730	10529	78
Huangmei	3019	11602	78
Numan	946	1203	78
Hammond	4158	-8750	78
Feicheng	3625	11677	78
Treviso	4567	1224	78
Milpitas	3743	-12191	78
São Bento do Sul	-2625	-4938	78
Inowrocław	5280	1826	78
Ünye	4113	3728	78
Songling	3119	12072	78
Jishui	3373	11540	78
Aalst	5094	404	78
Lubin	5140	1620	78
Mechelen	5103	448	78
Shūshtar	3205	4885	78
Lisburn	5452	-604	78
Kars	4060	4309	77
Kambar	2759	6800	77
Linqu	3652	11854	77
Farīdkot	3067	7476	77
Wako	3579	13962	77
Khomeyn	3364	5008	77
Shulan	4442	12695	77
Apalit	1495	12077	77
Itaúna	-2008	-4458	77
Balrāmpur	2743	8219	77
Suva	-1814	17844	77
Hatsukaichi	3435	13233	77
Matehuala	2365	-10064	77
Dessau	5184	1225	77
Focșani	4570	2718	77
Chiclana de la Frontera	3642	-614	77
Yanzhou	3555	11683	77
Bāramūla	3421	7434	77
Agua Prieta	3133	-10955	77
Pesaro	4391	1292	77
Kanasín	2093	-8956	77
Cozumel	2050	-8694	77
Ende	-884	12166	77
San Carlos	966	-6858	77
Pulilan	1490	12085	77
Siedlce	5217	2229	77
Jiexiu	3702	11191	77
Ksar el Boukhari	3589	275	77
Santa Cruz de Barahona	1821	-7110	77
Gary	4159	-8735	77
Ovalle	-3060	-7120	77
Polangui	1329	12349	77
Scranton	4141	-7566	77
São Mateus	-1872	-3986	77
Amozoc de Mota	1905	-9805	77
Coyah	971	-1338	77
Voskresensk	5532	3865	77
Keratsíni	3796	2362	77
Baldwin Park	3409	-11796	77
Dhuliān	2468	8795	77
Hunchun	4287	13036	77
Sasolburg	-2681	2782	77
Kagoro	961	839	77
Pisa	4371	1040	77
Auburn	4731	-12223	77
Yalta	4450	3417	77
Chilliwack	4917	-12195	77
Huangshan	2971	11831	77
Mawāna	2910	7792	77
Tsurusaki	3325	13169	77
Gladbeck	5157	699	77
Sarkand	4541	7992	77
Karur	1096	7808	77
Marseille 09	4325	541	77
Varese	4582	883	77
Damietta	3142	3181	77
Puerto Padre	2120	-7660	77
Arraiján	895	-7966	77
La Rochelle	4616	-115	77
Kundla	2134	7131	77
Fishers	3996	-8601	77
Saint Joseph	3977	-9485	77
Pori	6148	2178	77
San Felipe	1034	-6874	77
Moro	2666	6800	77
Purmerend	5251	496	77
Liangxiang	3974	11613	77
Champigny-sur-Marne	4882	249	77
Manmād	2025	7444	77
Kannauj	2706	7992	77
Luxembourg	4961	613	77
La Louvière	5049	419	77
Saint-Pierre	-2134	5548	77
Pančevo	4487	2064	77
Fenghua	2966	12141	77
Colón	935	-7990	77
Rueil-Malmaison	4888	219	77
Malaut	3021	7448	77
Villa de Cura	1004	-6749	77
Guiguinto	1483	12088	77
Arnsberg	5138	808	77
Salina Cruz	1618	-9519	77
Nagīna	2944	7844	77
Manresa	4173	182	77
Jataí	-1788	-5172	77
São João da Boa Vista	-2197	-4680	77
Pharr	2619	-9818	77
Sesto San Giovanni	4553	923	77
Lorena	-2273	-4512	77
Fylde	5383	-292	77
Badagara	1160	7558	76
Mbale	108	3418	76
Rheine	5229	744	76
Jagdalpur	1908	8202	76
Santa Cruz do Capibaribe	-796	-3620	76
Upland	3410	-11765	76
Guigang	2310	10961	76
Oss	5177	552	76
Yuktae-dong	4002	12816	76
Antibes	4359	711	76
Yangliuqing	3914	11700	76
Folsom	3868	-12118	76
São Sebastião	-2376	-4541	76
Arezzo	4346	1188	76
Jumri Tilaiyā	2443	8553	76
Tucuruí	-377	-4968	76
Baytown	2974	-9498	76
Furukawa	3857	14096	76
Embu Guaçu	-2383	-4681	76
Latina	4147	1290	76
Masvingo	-2006	3083	76
Mineralnye Vody	4421	4314	76
Babahoyo	-180	-7953	76
Kumanovo	4213	2171	76
Midyat	3742	4134	76
Lae	-672	14700	76
Matara	595	8054	76
Nahāvand	3419	4837	76
Tuban	-690	11206	76
Repentigny	4574	-7345	76
Sakon Nakhon	1716	10415	76
Mian Channun	3044	7236	76
Paisley	5583	-443	76
Mbabane	-2632	3113	76
Baj Baj	2248	8818	76
Qingquan	3045	11526	76
Viersen	5125	639	76
Birobidzhan	4879	13292	76
San Ramon	3778	-12198	76
Camden	3993	-7512	76
Bracknell	5141	-75	76
Konnagar	2271	8834	76
Lake Charles	3021	-9320	76
Sapiranga	-2964	-5101	76
Kalamazoo	4229	-8559	76
Fort McMurray	5673	-11138	76
Parádsasvár	4791	1998	76
Palmerston North	-4036	17561	76
Ratnagiri	1699	7331	76
Kebomas	-717	11263	76
Pazardzhik	4220	2433	76
Savé	803	249	76
Hosa’ina	755	3785	76
Arlington Heights	4209	-8798	76
San Sebastián de los Reyes	4056	-363	76
Plymouth	4501	-9346	76
Maymana	3592	6478	76
Delmenhorst	5305	863	76
Lintong	3438	10921	76
La Libertad	-223	-8091	76
Hingoli	1971	7714	76
Peterborough	4430	-7832	76
Ciudad Choluteca	1330	-8719	76
Khemis Miliana	3626	222	76
Karangsembung	-685	10864	76
Hadera	3244	3490	76
Laixi	3686	12053	76
Kamensk-Shakhtinskiy	4832	4026	76
Bayramaly	3762	6217	76
Newcastle under Lyme	5300	-223	76
Pará de Minas	-1986	-4461	76
Shimada	3482	13818	76
Belovo	5442	8630	76
Takefu	3590	13617	76
Tarub	-693	10917	76
Waterford	4269	-8341	76
Iğdır	3992	4405	76
Muan	3499	12648	76
Jalal-Abad	4093	7300	76
Turbat	2600	6305	76
Bodināyakkanūr	1001	7735	76
Yinzhu	3588	11998	76
Khadki	1856	7385	76
Chekhov	5515	3748	76
Bihać	4482	1587	76
Jamjamāl	3553	4483	76
Battaramulla South	690	7992	76
Batu	-787	11253	76
Dhrāngadhra	2299	7147	76
Crewe	5310	-244	76
Piła	5315	1674	76
Nevşehir	3863	3471	76
Evanston	4204	-8769	76
San Martin Texmelucan de Labastida	1928	-9844	76
Chatham	5138	53	76
Nizhyn	5105	3189	75
Szolnok	4718	2020	75
Ode	779	571	75
Manteca	3780	-12122	75
Schiedam	5192	439	75
Shahdad Kot	2785	6791	75
Saint-Maur-des-Fossés	4879	249	75
Campo Mourão	-2404	-5238	75
Kendall	2568	-8032	75
Ulu Tiram	160	10382	75
Chaoyang	4266	12603	75
Azzaba	3674	711	75
Silifke	3638	3393	75
Mysłowice	5021	1917	75
Wyoming	4291	-8571	75
Kruševac	4358	2133	75
Hongch’ŏn	3769	12789	75
Kampong Chhnang	1225	10467	75
Shangmei	2774	11130	75
Pāloncha	1760	8071	75
Igbo-Ukwu	602	702	75
Loveland	4040	-10507	75
Cheektowaga	4290	-7875	75
Hove	5083	-17	75
Fuyu	4780	12446	75
Kings Bridge	4088	-7391	75
Kitale	102	3501	75
Pedro Juan Caballero	-2255	-5573	75
Quibdó	569	-7666	75
Kpalimé	690	63	75
Cipolletti	-3893	-6799	75
Okegawa	3600	13956	75
Bayreuth	4995	1158	75
Dakhla	2368	-1596	75
Củ Chi	1097	10649	75
Spijkenisse	5184	433	75
Encarnación	-2733	-5587	75
Perris	3378	-11723	75
Haninge	5917	1814	75
Ben Arous	3675	1022	75
Ar Ramthā	3256	3601	75
Bethlehem	4063	-7537	75
Alvand	3632	4917	75
Gävle	6067	1714	75
Gūdūr	1415	7985	75
Albany	3158	-8416	75
Juchitán de Zaragoza	1644	-9502	75
Huilong	3181	12166	75
Keren	1578	3845	75
Silopi	3724	4246	75
Beidao	3457	10589	75
Sidi Qacem	3422	-571	75
Troisdorf	5081	715	75
Aylesbury	5182	-81	75
Bhalwal	3227	7290	75
Ankleshwar	2163	7299	75
East Kilbride	5576	-418	75
Helmond	5148	566	75
Yanggu	3611	11578	75
Tīkamgarh	2474	7883	75
Sungailiat	-185	10612	75
Miki	3480	13498	75
Cachoeira do Sul	-3004	-5289	75
Schaumburg	4203	-8808	75
Changnyeong	3554	12850	75
Gobernador Gálvez	-3303	-6064	75
Dipalpur	3067	7365	75
António Enes	-1623	3991	75
Al Bayḑā’	3276	2176	75
Asbest	5701	6146	75
Gastonia	3526	-8119	75
Brownsville	4066	-7392	74
Union City	3760	-12202	74
Bismil	3785	4066	74
Aramoko-Ekiti	770	504	74
Shancheng	3480	11608	74
Calais	5095	186	74
Gießen	5059	868	74
Nanma	3618	11815	74
Srivilliputhur	951	7763	74
Bolingbrook	4170	-8807	74
Darhan	4949	10592	74
Newmarket	4405	-7947	74
Bosaso	1128	4918	74
Sivakasi	945	7780	74
Ferrol	4348	-823	74
Silao	2094	-10143	74
Iowa City	4166	-9153	74
Mackay	-2115	14917	74
Pilkhua	2871	7766	74
Seosan	3678	12645	74
Khalándrion	3802	2380	74
Vélez-Málaga	3678	-410	74
Abéché	1383	2083	74
Suixi	3389	11677	74
Layton	4106	-11197	74
Xinmin	4199	12283	74
Missouri City	2962	-9554	74
Appleton	4426	-8842	74
Igbara-Odo	750	506	74
Ambājogāi	1873	7639	74
Mbaké	1479	-1591	74
Shelby	4267	-8303	74
Fuentes del Valle	1963	-9914	74
Béziers	4334	321	74
San Ramón de la Nueva Orán	-2314	-6432	74
Gucheng Chengguanzhen	3227	11163	74
Xianshuigu	3898	11738	74
Standerton	-2693	2924	74
Riberalta	-1101	-6606	74
Ciudad Real	3899	-393	74
Fort Myers	2662	-8184	74
Inuyama	3538	13694	74
Bela	2592	8200	74
Ostrowiec Świętokrzyski	5093	2139	74
Boynton Beach	2653	-8007	74
Santo Antônio de Jesus	-1297	-3926	74
Bocholt	5184	662	74
Bodhan	1866	7789	74
Yunyang	3345	11271	74
Jonesboro	3584	-9070	74
Khenifra	3293	-566	74
Inhambane	-2386	3538	74
Kortrijk	5083	326	74
Gela	3707	1424	74
Rabkavi	1648	7511	74
Pistoia	4393	1092	74
Chimbas	-3148	-6853	74
Prilep	4135	2156	74
Ozubulu	596	685	74
Vlaardingen	5191	434	74
Mijas	3660	-464	74
Ifrane	3353	-511	74
Grand-Bassam	521	-374	74
Aku	671	732	74
Guixi	2829	11721	74
Kafr az Zayyāt	3082	3082	74
Karauli	2650	7703	74
Lanxi	2922	11947	74
Savarkundla	2134	7130	74
Detmold	5194	887	74
Al Buraymī	2425	5579	74
Labuan	528	11525	74
Genhe	5078	12152	74
Gresik	-715	11266	74
Oyan	805	477	74
Shāhābād	2764	7994	74
Red Deer	5227	-11380	74
Sewon	-788	11036	74
Luocheng	2938	10403	74
Badin	2466	6884	74
Rapid City	4408	-10323	74
Kamina	-874	2500	74
Chāndpur	2913	7827	74
Nūrābād	3407	4797	74
Naqadeh	3696	4539	74
Jega	1222	438	73
Warner Robins	3262	-8363	73
Gokak	1617	7482	73
Melilla	3529	-294	73
Rochester Hills	4266	-8315	73
Sikandarābād	2845	7770	73
Asaba	620	673	73
Kukichūō	3607	13967	73
Aguachica	831	-7362	73
Ohafia-Ifigh	561	781	73
Mpanda	-634	3107	73
Juegang	3232	12119	73
Virudunagar	959	7796	73
Bonao	1894	-7041	73
Cuamba	-1480	3654	73
Belek	3686	3106	73
Decatur	3984	-8895	73
Paysandú	-3232	-5808	73
Tatvan	3849	4228	73
General Roca	-3903	-6758	73
Kawit	1444	12090	73
Peterhof	5988	2990	73
Taman Senai	160	10364	73
Southfield	4247	-8322	73
Rugby	5237	-126	73
Satsumasendai	3182	13030	73
Tamanrasset	2279	552	73
Siemianowice Śląskie	5033	1903	73
Hanamaki	3938	14112	73
Kâhta	3779	3862	73
Novomoskovs’k	4864	3525	73
Zhlobin	5289	3002	73
Néa Smýrni	3795	2371	73
Joypur Hāt	2510	8903	73
Araure	958	-6924	73
Dausa	2689	7634	73
Jatibarang	-647	10832	73
Zugdidi	4251	4187	73
Shixing	2495	11407	73
Koch'ang	3543	12670	73
Qaraçuxur	4040	4997	73
Rubí	4149	203	73
Móng Cái	2152	10797	73
Dongdu	3585	11770	73
Balanga	1468	12054	73
San Juan de la Maguana	1881	-7123	73
Tetovo	4201	2097	73
Valsād	2061	7293	73
Ostrów Wielkopolski	5166	1781	73
Saint George	3710	-11358	73
Pano Aqil	2786	6911	73
Paranavaí	-2307	-5247	73
Caserta	4107	1433	73
Ambikāpur	2312	8320	73
Krathum Baen	1365	10026	73
New Britain	4166	-7278	73
Dongkan	3400	11983	73
Minusinsk	5371	9169	73
João Monlevade	-1981	-4317	73
Fredrikstad	5922	1093	73
Salford	5349	-229	73
Jiuquan	3974	9852	73
Almelo	5236	666	73
Kotri	2537	6831	73
Dingcheng	3213	11504	73
Tando Muhammad Khan	2512	6854	73
Lichuan	3030	10885	73
Georgiyevsk	4415	4347	73
Yelabuga	5576	5206	73
Franklin	3593	-8687	73
Naro-Fominsk	5539	3673	73
Bali	589	1001	73
Lanxi	4626	12628	73
Miyang	2440	10344	72
Matão	-2160	-4837	72
Beichengqu	4044	11315	72
Gongju	3646	12712	72
Harunabad	2961	7314	72
Bacabal	-429	-4479	72
Ilagan	1715	12189	72
Venado Tuerto	-3375	-6197	72
Caçapava	-2310	-4571	72
Nouadhibou	2094	-1704	72
Pālghar	1970	7277	72
Maroúsi	3805	2380	72
Xinzhi	3650	11170	72
Turlock	3749	-12085	72
Dharapuram	1074	7753	72
Aïn Touta	3538	590	72
Montepuez	-1313	3900	72
Temple	3110	-9734	72
Licheng	3143	11948	72
Guanajuato	2102	-10126	72
Suva Reka	4236	2082	72
Esbjerg	5547	845	72
Ash Shafā	2107	4032	72
Apple Valley	3450	-11719	72
Sagay	1094	12342	72
Sarnia	4298	-8240	72
Kyosai	3485	12859	72
Limbe	402	921	72
Cheria	3527	775	72
Kuningan	-698	10848	72
Arujá	-2340	-4632	72
Nizwá	2293	5753	72
Zhoucheng	3591	11631	72
Capas	1533	12059	72
Cruzeiro	-2257	-4497	72
Mariano Roque Alonso	-2521	-5753	72
Larnaca	3492	3362	72
Purley	5134	-11	72
Lynwood	3393	-11821	72
Waukesha	4301	-8823	72
Patrocínio	-1894	-4699	72
Gouda	5202	471	72
Wilmington	3975	-7555	72
Três Rios	-2212	-4321	72
Yangsan	3534	12903	72
Bothaville	-2739	2662	72
Caidian	3058	11403	72
Canton	4080	-8138	72
Guildford	5124	-57	72
Afikpo	589	794	72
Bebedouro	-2095	-4848	72
Gulfport	3037	-8909	72
Sunzha	4332	4505	72
Amatitlán	1448	-9063	72
Fuorigrotta	4083	1420	72
Chintāmani	1340	7805	72
Farīdpur	2821	7954	72
Izmail	4535	2884	72
Yüksekova	3757	4429	72
Birkhadem	3671	305	72
Shrewsbury	5271	-275	72
Zaandam	5244	483	72
Borås	5772	1294	72
Shakhtars’k	4806	3844	72
Chelghoum el Aïd	3616	617	72
Yawata	3487	13570	72
Apomu	735	418	72
Xiuyan	4029	12327	72
Saint-Jean-sur-Richelieu	4531	-7326	72
Dārayyā	3346	3623	72
Delgado	1372	-8917	72
Pawtucket	4188	-7138	72
Pusad	1991	7758	72
Donggongon	591	11610	72
Madhubani	2635	8607	72
Chernogorsk	5382	9128	72
Lauderhill	2614	-8021	72
Itō	3497	13908	72
Rock Hill	3492	-8103	72
Monastir	3578	1083	72
São Cristóvão	-1101	-3721	72
Khanabad	3668	6912	72
Güigüe	1008	-6778	72
Sragen	-743	11102	72
Sirsilla	1839	7881	71
Tākestān	3607	4970	71
Fuengirola	3654	-462	71
Solana	1765	12169	71
Fiditi	771	392	71
Silver Spring	3899	-7703	71
Barnsley	5355	-148	71
Norderstedt	5369	998	71
Yumbo	358	-7649	71
Lianzhou	2167	10920	71
Alfenas	-2143	-4595	71
Triyuga	2679	8670	71
Vapi	2037	7290	71
Khanjarah	4060	3362	71
Mardin	3731	4074	71
Upington	-2845	2126	71
Zelenogorsk	5611	9460	71
West Gulfport	3040	-8909	71
Parys	-2690	2746	71
Blagoevgrad	4202	2310	71
Agios Dimitrios	3793	2373	71
Kazo	3612	13960	71
Yalova	4066	2928	71
Dunkerque	5103	238	71
Changtu	4278	12410	71
Yukuhashi	3373	13098	71
Bulacan	1479	12088	71
Lüneburg	5325	1041	71
Zadar	4412	1523	71
Abū Tīj	2705	3132	71
El Pueblito	2054	-10044	71
Flower Mound	3301	-9710	71
Svyetlahorsk	5263	2974	71
Stargard	5334	1505	71
Ijuí	-2839	-5391	71
Anlu	3126	11368	71
Guasave	2557	-10847	71
Tagaytay	1410	12093	71
Yilan	4632	12955	71
Bismarck	4681	-10078	71
Sur	2257	5953	71
San Francisco del Rincón	2102	-10186	71
Centreville	3884	-7743	71
Taroudant	3047	-888	71
Lafayette	4042	-8688	71
Cinisello Balsamo	4556	921	71
Thākurgaon	2603	8847	71
Passaic	4086	-7413	71
Muyinga	-285	3034	71
Guiping	2339	11007	71
Gemlik	4043	2916	71
Fu’an	2706	11965	71
Tenri	3458	13583	71
Riverview	2787	-8233	71
Kāmāreddi	1832	7834	71
Redlands	3406	-11718	71
Benidorm	3854	-13	71
Orita Eruwa	755	343	71
Zográfos	3798	2377	71
Missoula	4687	-11399	71
Rancho Cordova	3859	-12130	71
Celle	5262	1008	71
Bolpur	2366	8770	71
Rānāghāt	2318	8857	71
Lowestoft	5248	175	71
Hongwŏn	4003	12796	71
Aubervilliers	4892	238	71
Altamira	-320	-5221	71
Fāzilka	3040	7403	71
Kuandian	4073	12478	71
Bundaberg	-2487	15235	71
Vila Nova de Gaia	4112	-861	71
Ejura	739	-136	71
Gosport	5080	-113	71
Mīnāb	2713	5709	71
Poyang	2899	11667	71
Yongfeng	2745	11217	71
Plaridel	1489	12086	71
Kopeysk	5512	6163	71
Eha Amufu	666	776	71
Södertälje	5920	1763	71
Gongchangling	4112	12345	71
Paracatu	-1722	-4687	71
Beypore	1117	7581	71
Alytus	5440	2404	71
Pervomays’k	4804	3085	71
Lelystad	5251	547	71
Jimo	3639	12046	71
Malumfashi	1179	762	71
Carpina	-785	-3525	71
Gaillimh	5327	-905	71
Essaouira	3151	-977	71
Bukoba	-133	3181	71
Antanifotsy	-1965	4732	71
Lethbridge	4970	-11282	71
Mindelo	1689	-2498	71
Dādri	2855	7755	71
Byumba	-158	3007	71
Dazaifu	3351	13052	71
Dinslaken	5156	674	71
Sankt Gallen	4742	937	71
New Braunfels	2970	-9812	71
Pabianice	5166	1935	71
Tatabánya	4758	1839	71
Mariano	883	12512	71
Auraiya	2647	7951	71
Lamezia Terme	3896	1631	71
Vol’sk	5205	4738	71
Cherry Hill	3993	-7503	70
Baiquan	4761	12608	70
Beloretsk	5396	5840	70
Contramaestre	2030	-7625	70
Pattoki	3102	7385	70
Ishimbay	5345	5604	70
Kastamonu	4138	3378	70
Pagar Alam	-403	10325	70
Iguatu	-636	-3930	70
Jiangyan	3251	12014	70
Shiguai	4071	11029	70
Maebaru-chūō	3356	13020	70
Flagstaff	3520	-11165	70
Sunyani	734	-233	70
Danao	1052	12403	70
Gniezno	5253	1758	70
Alphen aan den Rijn	5213	466	70
Kadirli	3737	3610	70
Goya	-2914	-5926	70
Cho Dok	1070	10512	70
Şirvan	3994	4893	70
Schweizer-Reneke	-2719	2533	70
Adler	4343	3992	70
Fuyang	3005	11995	70
Haining	3054	12069	70
Karakol	4249	7839	70
Doğubayazıt	3955	4408	70
Alcalá de Guadaira	3734	-584	70
Chapayevsk	5298	4971	70
Bāpatla	1590	8047	70
Taungdwingyi	2001	9555	70
Inaruwa	2661	8715	70
Lisala	215	2152	70
Muncie	4019	-8539	70
Payyannūr	1209	7520	70
Bamberg	4990	1090	70
Khāliş	3381	4453	70
Cannes	4355	701	70
Tiflet	3389	-631	70
Kladno	5015	1410	70
Ayvalık	3932	2669	70
Maple Ridge	4922	-12260	70
Southall	5151	-37	70
Baikonur	4562	6332	70
Chenab Nagar	3176	7291	70
Fordon	5315	1817	70
Ho	660	47	70
Le Tampon	-2128	5552	70
Weston	2610	-8040	70
Aigáleo	3798	2368	70
Mengcheng Chengguanzhen	3327	11657	70
Wangkui	4683	12648	70
Abhar	3615	4922	70
Güira de Melena	2280	-8251	70
Talipparamba	1204	7536	70
Mertoyudan	-752	11023	70
Votuporanga	-2042	-4997	70
Consolación del Sur	2250	-8351	70
Tindivanam	1223	7966	70
Segamat	251	10282	70
San Miguel de Allende	2092	-10074	70
Mérignac	4484	-65	70
San José del Cabo	2306	-10970	70
Trnava	4838	1759	70
Bondowoso	-791	11382	70
Kahror Pakka	2962	7191	70
Sidi Aïssa	3589	377	70
Totonicapán	1491	-9136	70
Dehdasht	3079	5056	70
Kaura Namoda	1259	659	70
Techiman	759	-194	70
Las Piedras	-3473	-5622	70
Dabou	533	-438	70
Chālūs	3666	5142	70
Arba Minch	603	3755	70
Paragominas	-297	-4748	70
Khāsh	2822	6122	70
Tuy Hòa	1310	10932	70
Brossard	4545	-7347	70
Tanabe	3373	13537	70
Shirpur	2135	7488	70
Linares	-3585	-7159	70
Frederick	3941	-7741	69
Frontera	2693	-10145	69
Villa Carlos Paz	-3142	-6450	69
Lins	-2168	-4974	69
Pasco	4624	-11910	69
Syriam	1677	9625	69
Pittsburg	3803	-12188	69
Sayyān	1517	4432	69
Jaboticabal	-2125	-4832	69
Gujar Khan	3325	7330	69
Isnā	2529	3255	69
Chuchar-kana Mandi	3175	7380	69
Palatine	4211	-8803	69
Kampong Baharu Balakong	303	10175	69
Larbaâ	3656	315	69
Bāsoda	2385	7794	69
Bafia	475	1123	69
Arauca	708	-7076	69
Anseong	3701	12727	69
Jiehu	3554	11845	69
Vaslui	4663	2773	69
Hasselt	5093	534	69
Suwałki	5411	2293	69
Stafford	5281	-212	69
North Richland Hills	3283	-9723	69
Ōmihachiman	3513	13610	69
Union City	4078	-7402	69
Kissimmee	2830	-8142	69
Linjiang	4181	12691	69
Hunedoara	4575	2290	69
Giurgiu	4389	2596	69
Toba Tek Singh	3097	7248	69
Tantou	2603	11960	69
Jorhāt	2676	9420	69
Ostend	5122	293	69
Nganjuk	-761	11190	69
Sint-Niklaas	5117	414	69
Xiaoshi	4130	12412	69
Denov	3827	6790	69
Magalang	1522	12066	69
Bogale	1629	9540	69
Güines	2284	-8203	69
Royal Tunbridge Wells	5113	26	69
Walnut Creek	3791	-12206	69
Saku	3622	13848	69
Hekinan	3488	13698	69
Hoorn	5264	506	69
Libon	1330	12344	69
Wum	638	1007	69
Chulucanas	-509	-8016	69
Mila	3645	626	69
Tuymazy	5461	5371	69
Sindhnūr	1577	7676	69
Sukagawa	3728	14038	69
Enugu-Ukwu	617	701	69
Ga-Rankuwa	-2562	2799	69
Abnūb	2727	3115	69
Ponferrada	4255	-660	69
Fukuchiyama	3530	13512	69
Jinjiang	1973	11001	69
Kamloops	5067	-12032	69
Bir el Ater	3474	806	69
Idah	711	674	69
Viçosa	-2075	-4288	69
Bargarh	2133	8362	69
Lys’va	5811	5781	69
Knysna	-3404	2305	69
São Sebastião do Paraíso	-2092	-4699	69
Sougueur	3519	150	69
Mount Vernon	4091	-7384	69
Wāshīm	2011	7713	69
Visnagar	2370	7255	69
Heishan	4169	12211	69
Conroe	3031	-9546	69
Borisoglebsk	5137	4208	69
Moriyama	3507	13598	69
Obonoma	471	679	69
Dothan	3122	-8539	69
Sosnovyy Bor	5990	2909	69
Feodosiya	4503	3538	69
Palwancha	1758	8068	69
Aschaffenburg	4998	915	69
Sabanalarga	1063	-7492	69
Głogów	5166	1608	69
Keshod	2130	7025	69
Binhe	3269	11283	69
Chinchiná	498	-7560	69
Tsuruga	3565	13606	68
Cabo San Lucas	2289	-10991	68
Waterloo	4249	-9234	68
Tanauan	1409	12115	68
Kānnangād	1231	7511	68
Pengcheng	3643	11417	68
Aïn Fakroun	3597	687	68
Rivas-Vaciamadrid	4033	-351	68
Al Qūşīyah	2744	3082	68
Maple Grove	4507	-9346	68
Al Jammālīyah	3118	3186	68
Shima	2445	11781	68
Bīsalpur	2829	7980	68
Mingguang	3278	11796	68
Ninghai	2929	12142	68
Framingham	4228	-7142	68
San Isidro	-1212	-7705	68
Türkmenbaşy	4002	5296	68
Narowal	3210	7487	68
Tanuku	1675	8168	68
Al Faḩāḩīl	2908	4813	68
Saldanha	-3301	1794	68
Pokrovsk	4828	3718	68
Dolgoprudnyy	5595	3750	68
Bunbury	-3333	11564	68
Tolga	3472	538	68
Lodja	-352	2360	68
Söke	3775	2741	68
Attili	1670	8160	68
Redondo Beach	3385	-11839	68
Matsutō	3652	13657	68
Langarūd	3720	5015	68
Bālotra	2583	7224	68
Cadereyta Jiménez	2559	-10000	68
Majadahonda	4047	-387	68
Kuqa	4172	8293	68
Bossier City	3252	-9373	68
Es Senia	3565	-62	68
Neubrandenburg	5356	1328	68
Catbalogan	1178	12489	68
Artemisa	2282	-8276	68
Valle de Santiago	2039	-10119	68
Balsas	-753	-4604	68
Pithampur	2260	7570	68
Chełm	5114	2347	68
Chystyakove	4804	3860	68
Bir el Djir	3572	-55	68
Munnar	1009	7706	68
Sverdlovs’k	4809	3965	68
Santa Catarina Pinula	1457	-9050	68
Cadereyta	2558	-9998	68
Chamrajnagar	1192	7694	68
Bourges	4708	240	68
Pattukkottai	1042	7932	68
Yorba Linda	3389	-11781	68
Ardeşen	4119	4099	68
Chaihe	4476	12968	68
Budënnovsk	4478	4417	68
Minggang	3246	11405	68
Tangzhai	3443	11659	68
Itatiba	-2301	-4684	68
Barberton	-2579	3105	68
Calbayog City	1207	12460	68
Belogorsk	5092	12848	68
Most	5050	1364	68
Stróvolos	3515	3333	68
Campiña	3822	-298	68
Concepción del Uruguay	-3248	-5823	68
San Mateo Atenco	1927	-9953	68
Garissa	-45	3965	68
Woodbury	4492	-9296	68
Altamura	4083	1655	68
Dongfeng	4264	12551	68
Roman	4692	2693	68
Bârlad	4623	2767	68
Deva	4588	2290	68
Khanty-Mansiysk	6100	6900	68
Dayrūţ	2756	3081	68
Tamano	3452	13395	68
Quillota	-3288	-7125	68
Eau Claire	4481	-9150	68
Ellesmere Port	5328	-290	68
Saraburi	1453	10092	68
Ishim	5611	6949	68
Zhenlai	4585	12330	68
Velsen-Zuid	5246	465	68
Waldorf	3862	-7694	68
Kaposvár	4637	1780	68
Tournai	5061	339	68
Forest Hills	4072	-7385	68
Al Khārijah	2545	3055	68
Kalush	4901	2437	68
Dāmghān	3617	5434	68
Songjianghe	4219	12748	68
Ede	5203	566	68
Davis	3854	-12174	68
Subic	1488	12023	68
Tsushima	3517	13672	68
Pālang	2322	9035	68
Glen Burnie	3916	-7662	68
Yafran	3206	1253	68
Agbor	625	619	68
Camarillo	3422	-11904	68
Jaisalmer	2692	7090	68
Toukh	3035	3120	68
Luorong	2441	10961	68
Victoria	2881	-9700	68
Bislig	822	12632	68
Smila	4922	3189	68
Guidonia Montecelio	4199	1272	68
Soio	-613	1237	67
Al Manzalah	3116	3194	67
Arāria	2615	8751	67
Gaithersburg	3914	-7720	67
Shorkot	3191	7088	67
Wenling	2838	12138	67
Chaguanas	1052	-6142	67
Santa Inês	-367	-4538	67
Ezza-Ohu	644	808	67
Ixtapa-Zihuatanejo	1764	-10155	67
Rossendale	5368	-228	67
Fuqing	2573	11937	67
Harda Khās	2234	7710	67
Nakatsu	3360	13119	67
Caohe	3023	11543	67
Eskilstuna	5937	1651	67
Jacksonville	3475	-7743	67
Dimbokro	665	-471	67
City of Isabela	670	12197	67
Sangamner	1957	7421	67
Tejen	3738	6051	67
San Luis	2019	-7585	67
Mukono	35	3276	67
Pingzhuang	4204	11929	67
South San Francisco	3765	-12241	67
Kasese	18	3008	67
Shahdadpur	2593	6862	67
Tubarão	-2847	-4901	67
Kstovo	5615	4420	67
Lippstadt	5167	834	67
Jaorā	2364	7513	67
Tomaszów Mazowiecki	5153	2001	67
Shiojiri	3610	13797	67
Louga	1562	-1622	67
Ödemiş	3823	2797	67
Fengkou	3008	11333	67
Néa Ionía	3804	2376	67
Maitland	-3273	15156	67
Mbaïki	387	1799	67
Bet Shemesh	3173	3499	67
Kenner	2999	-9024	67
Melati	-773	11037	67
Santa Cruz Xoxocotlán	1703	-9674	67
Aalen	4884	1009	67
Jackson Heights	4076	-7389	67
Chiryū	3500	13703	67
Saint-Nazaire	4728	-221	67
Przemyśl	4978	2277	67
Buldāna	2053	7618	67
Narva	5938	2819	67
Rockville	3908	-7715	67
Liuhe	4224	12572	67
Jackson	3561	-8881	67
Bima	-846	11873	67
Mettupalayam	1130	7693	67
Yuba City	3914	-12162	67
Solna	5936	1800	67
Anjār	2311	7003	67
Aleksin	5451	3707	67
Portland	4366	-7026	67
Palo Alto	3744	-12214	67
Wacheng	3378	11452	67
Oulad Teïma	3039	-921	67
Ambovombe	-2518	4609	67
Neuwied	5043	747	67
Casas Adobes	3232	-11100	67
Bajos de Haina	1842	-7003	67
Marysville	4805	-12218	67
Unna	5154	769	67
Dambulla	786	8065	67
Trang	756	9961	67
Baní	1828	-7033	67
Sayhāt	2648	5005	67
Bakıxanov	4042	4997	67
Dinalupihan	1488	12045	67
Bellampalli	1906	7949	67
Akbou	3646	453	67
South Jordan	4056	-11193	67
Channapatna	1265	7721	67
Takayama	3613	13725	67
Ratangarh	2808	7462	67
Tailai	4639	12341	67
Quartu Sant'Elena	3923	925	67
La Mohammedia	3667	1016	67
Lod	3195	3489	67
Chengyang	3558	11883	67
Sanchazi	4208	12660	67
Maharagama	685	7993	67
Kalulushi	-1284	2809	67
Fīrūzābād	2884	5257	67
Oshkosh	4402	-8854	67
Ramos Arizpe	2554	-10095	67
Savannakhet	1657	10476	67
Aflao	612	119	67
Shabqadar	3422	7155	67
North Little Rock	3477	-9227	67
Lianyuan	2769	11166	67
Homestead	2547	-8048	66
Stalowa Wola	5058	2205	66
Mansehra	3433	7320	66
Sokaraja	-746	10929	66
Bayside	4077	-7378	66
White Rock	4902	-12280	66
Wuxi	2658	11186	66
Folkestone	5108	117	66
Krishnagiri	1252	7821	66
Plauen	5050	1214	66
Kovel	5122	2471	66
Rishīkesh	3011	7829	66
Kungur	5744	5696	66
Goyerkāta	2670	8903	66
Klintsy	5276	3224	66
Tōgane	3555	14037	66
Neryungri	5667	12464	66
Huinan	4262	12626	66
Sault Ste. Marie	4652	-8433	66
Bayonne	4067	-7411	66
Zamora	4151	-574	66
Hounslow	5147	-36	66
Sabae	3595	13618	66
Besbes	3670	785	66
Eagan	4480	-9317	66
Leninogorsk	5460	5246	66
Bergen op Zoom	5149	429	66
Delray Beach	2646	-8007	66
Chāībāsa	2255	8580	66
Algueirão	3880	-934	66
Loures	3883	-917	66
Saint-Marc	1911	-7269	66
Rajin	4226	13028	66
Veliko Tŭrnovo	4308	2563	66
Luoyang	2496	11868	66
Mandamarri	1897	7947	66
Gabrovo	4287	2533	66
Bamiantong	4492	13052	66
Burdur	3772	3029	66
Huanren	4126	12537	66
Qionghu	2884	11237	66
I‘zāz	3659	3705	66
Halmstad	5667	1286	66
Gamping Lor	-780	11033	66
Huanan	4622	13053	66
Palani	1045	7752	66
Alba Iulia	4607	2358	66
Gukovo	4806	3994	66
Sagunto	3968	-27	66
Morón	2211	-7863	66
Sampit	-253	11295	66
Nārnaul	2804	7611	66
Zhangjiagang	3186	12054	66
Zamość	5072	2325	66
Xiaolingwei	3203	11885	66
Johnson City	3631	-8235	66
Cabinda	-555	1220	66
Dharmapuri	1213	7816	66
Fatehābād	2952	7546	66
Calapan	1341	12118	66
Beidaihehaibin	3982	11952	66
Dale City	3864	-7731	66
Silvan	3814	4101	66
Shujaabad	2988	7129	66
Lesosibirsk	5824	9248	66
Cedar Park	3051	-9782	66
Soma	3919	2761	66
Jablah	3536	3593	66
Niitsu-honchō	3780	13912	66
Lahat	-379	10354	66
Tanabe	3482	13577	66
Rotorua	-3814	17625	66
Vilanova i la Geltrú	4122	173	66
Mengyin	3571	11793	66
Parkchester	4084	-7386	66
Lichtenburg	-2615	2616	66
Atascocita	3000	-9518	66
Saint Cloud	4556	-9416	66
Ellicott City	3927	-7680	66
Xiangcheng Chengguanzhen	3385	11348	66
Palāsa	1877	8441	66
Kashima-shi	3597	14064	66
Laguna Niguel	3352	-11771	66
Sanlúcar de Barrameda	3678	-635	66
Basavakalyān	1787	7695	66
Saint Charles	3878	-9048	66
Harlingen	2619	-9770	66
Polevskoy	5644	6019	66
Pato Branco	-2623	-5267	66
Pavia	4519	916	66
Castellammare di Stabia	4070	1449	66
Mooka	3643	14002	66
Wrexham	5305	-299	66
Chingleput	1269	7998	66
Dashitou	4331	12851	66
San Ildefonso	1508	12094	66
San Miguel	1514	12098	66
Al Marsá	3688	1032	66
Kędzierzyn-Koźle	5035	1823	66
Qingyang	3750	12126	66
Babu	2442	11152	66
Pyapon	1629	9568	66
Chopda	2125	7530	66
Paulínia	-2276	-4715	66
Bais	959	12312	66
Estepona	3643	-515	66
Panaji	1550	7383	66
Ioánnina	3966	2085	66
Caldas	609	-7564	66
Prince George	5392	-12275	66
Yebaishou	4140	11964	66
Huaiyuan Chengguanzhen	3296	11717	66
San Clemente	3343	-11761	66
West Lynchburg	3740	-7918	66
Thenkasi	896	7732	65
Peñaflor	-3361	-7088	65
Dār Kulayb	2607	5050	65
Afgooye	214	4512	65
Torremolinos	3662	-450	65
Sattahip	1267	10090	65
Framingham Center	4230	-7144	65
Xincheng	3363	11518	65
Shiki	3583	13958	65
Lajeado	-2947	-5196	65
Colmar	4808	736	65
Rechytsa	5236	3039	65
Tendō	3835	14037	65
Torquay	5046	-353	65
Bangangté	514	1053	65
Växjö	5688	1481	65
Bianzhuang	3485	11804	65
Yādgīr	1677	7714	65
Masaka	-33	3173	65
Meleuz	5296	5593	65
Tultepec	1968	-9913	65
Kumertau	5277	5578	65
Gangārāmpur	2540	8853	65
Ramanathapuram	937	7883	65
Herten	5160	714	65
Jagraon	3079	7547	65
Schenectady	4281	-7394	65
Perai	538	10038	65
Hepingjie	4206	12692	65
Haveli Lakha	3045	7369	65
Rosarito	3236	-11705	65
Cruz Alta	-2864	-5361	65
Talisay	1074	12297	65
Tulungagung	-807	11190	65
Capelle aan den IJssel	5193	458	65
Gushikawa	2636	12787	65
Alīpur Duār	2648	8952	65
Békéscsaba	4668	2110	65
Lala Musa	3270	7396	65
Slavyansk-na-Kubani	4526	3813	65
Ningde	2666	11952	65
Hasuda	3597	13965	65
Fengrun	3983	11812	65
Sefrou	3383	-483	65
Lalmonirhat	2592	8945	65
Aquiraz	-390	-3839	65
Kopargaon	1988	7448	65
Broomfield	3992	-10509	65
Ames	4203	-9362	65
Shawnee	3904	-9472	65
La Villa del Rosario	1033	-7231	65
Kunyang	2767	12057	65
Bāzār-e Yakāwlang	3474	6697	65
Bāzārak	3531	6952	65
Ādīgrat	1428	3946	65
Qŭrghonteppa	3783	6878	65
Korosten’	5096	2864	65
Itauguá	-2539	-5735	65
Conway	3509	-9244	65
Chust	4100	7124	65
Wanning	1880	11038	65
Villa del Rosario	783	-7247	65
East Orange	4077	-7420	65
Vratsa	4321	2356	65
Itacoatiara	-314	-5844	65
Khulm	3670	6770	65
Youssoufia	3225	-853	65
Bongaigaon	2648	9056	65
Herford	5211	867	65
Lincheng	1991	10969	65
Don Torcuato	-3449	-5863	65
Maidenhead	5152	-72	65
Skokie	4203	-8773	65
Malkāpur	2089	7620	65
Tân An	1054	10641	65
Nazareth	3270	3530	65
Kingswood	5145	-251	65
Gurupi	-1173	-4907	65
Massa	4404	1014	65
Grevenbroich	5109	658	65
Čair	4202	2144	65
Tecate	3257	-11663	65
Itaituba	-428	-5598	65
Nakhchivan	3921	4541	65
Daytona Beach	2921	-8102	65
Kāranja	2048	7749	65
Khatauli	2928	7773	65
Weimar	5098	1133	65
Ashoknagar	2458	7773	65
Hwawŏn	3580	12850	65
Salaqi	4054	11051	65
Ahlat	3875	4248	65
West Bloomfield Township	4257	-8338	65
Tamarac	2621	-8025	65
Siuri	2391	8753	65
Rāipur	2304	9077	65
Nābha	3038	7615	65
El Bayadh	3368	102	65
Rivera	-3091	-5555	65
Youngstown	4110	-8065	65
Taunton	5101	-310	65
Talavera	1559	12092	65
Chacao	1050	-6685	65
Santo Ângelo	-2830	-5426	65
Lodi	3813	-12127	65
La Línea de la Concepción	3617	-535	65
Xunchang	2845	10471	65
Greenville	3485	-8239	65
Chía	486	-7406	65
Kotikawatta	693	7991	65
Msaken	3573	1058	65
Siddipet	1810	7885	65
Puerto Madryn	-4277	-6504	65
Mailsi	2980	7217	65
Ōdate	4027	14056	65
Muncar	-843	11433	65
Rosetta	3140	3042	64
Changli	3970	11915	64
Sidi Khaled	3439	499	64
Bhawānipatna	1991	8317	64
Khopoli	1879	7335	64
Karwar	1481	7413	64
Akşehir	3836	3142	64
Sahuayo de Morelos	2006	-10272	64
Parintins	-263	-5674	64
Bandar Seri Begawan	489	11494	64
Kaihua	2337	10428	64
Concepcion	1533	12066	64
Nepalgunj	2805	8162	64
Yunmeng Chengguanzhen	3106	11377	64
Tikhoretsk	4585	4013	64
Waterlooville	5088	-103	64
Imaichi	3672	13968	64
Rossosh’	5112	3851	64
Shakargarh	3226	7516	64
Ghotki	2800	6932	64
Tallaght	5329	-637	64
Mansfield	3256	-9714	64
Taloqan	3674	6953	64
Ongjin	3793	12536	64
Tuapse	4411	3908	64
Kerpen	5087	670	64
Skanes	3578	1080	64
Santa Cruz	3697	-12203	64
Pico Rivera	3398	-11810	64
Madera	3696	-12006	64
Heidelberg	-2650	2836	64
Kāyankulam	918	7650	64
Qinggang	4668	12611	64
Modiin Ilit	3193	3504	64
Uga	594	708	64
Alessandria	4491	861	64
Janesville	4268	-8902	64
West Des Moines	4158	-9371	64
Villa Elisa	-2537	-5759	64
Aleksandrov	5640	3871	64
Narutochō-mitsuishi	3420	13461	64
Sibi	2954	6788	64
Molina de Segura	3805	-121	64
Chinnachowk	1448	7884	64
Bishnupur	2307	8732	64
Nūrābād	3011	5152	64
Paterna	3950	-44	64
Palaió Fáliro	3793	2370	64
Mazabuka	-1586	2775	64
Khartsyz’k	4804	3815	64
Polomolok	622	12506	64
Mārkāpur	1574	7927	64
Basmat	1933	7716	64
Curvelo	-1876	-4443	64
Macclesfield	5326	-213	64
Baheri	2877	7950	64
Montebello	3401	-11811	64
Kunnamkulam	1065	7607	64
Tulangan Utara	-747	11265	64
Itabaiana	-1069	-3743	64
Bognor Regis	5078	-68	64
Cyangugu	-248	2891	64
Colón	2272	-8090	64
Rāghogarh	2444	7720	64
San Antonio de Los Altos	1039	-6695	64
Kangar	644	10020	64
Valence	4493	491	64
Awsīm	3012	3114	64
Newtownabbey	5466	-591	64
Ramla	3193	3487	64
Cosenza	3930	1625	64
Quimper	4800	-410	64
Thành Phố Uông Bí	2103	10677	64
Kristiansand	5815	800	64
Al Fashn	2882	3090	64
Jampur	2964	7060	64
Cao Lãnh	1046	10563	64
Kulai	166	10360	64
Fulda	5055	968	64
Yangcun	3936	11706	64
Zhicheng	3101	11991	64
Guamúchil	2546	-10808	64
Caçador	-2678	-5102	64
Gopālganj	2647	8444	64
Łomża	5318	2206	64
Georgetown	3063	-9768	64
As Safīrah	3608	3737	64
Kanchanaburi	1400	9955	64
Chokwé	-2453	3298	64
Alpharetta	3408	-8429	64
Ouro Preto	-2039	-4351	64
Karviná	4985	1854	64
Caldas Novas	-1774	-4863	64
Kettering	5240	-73	64
Genk	5097	550	64
Shimodate	3630	13998	64
Kilju	4096	12933	64
Lorain	4145	-8218	64
Tura	2551	9020	64
Santa Lucía	2791	-1554	64
Baihe	2213	10723	64
Irecê	-1130	-4186	64
Bowling Green	3699	-8644	64
Nong Khai	1788	10274	64
Flatlands	4062	-7393	64
Dundalk	3925	-7652	64
Tosu	3337	13052	64
Dormagen	5110	683	64
Zarechnyy	5320	4519	64
Užice	4386	1985	64
Buckley	5317	-308	64
Mabai	2301	10445	64
Leszno	5184	1657	64
Bergheim	5096	664	64
Catalão	-1817	-4795	64
Samut Sakhon	1355	10027	63
Eden Prairie	4485	-9347	63
Viladecans	4131	201	63
Jitra	627	10042	63
North Bergen	4080	-7401	63
Zayed City	2365	5371	63
Três Corações	-2170	-4525	63
Korydallós	3798	2365	63
Great Yarmouth	5261	173	63
Kakamega	28	3475	63
Aïn Sefra	3275	-58	63
El Prat de Llobregat	4133	209	63
Rājsamand	2507	7388	63
Nanlong	3135	10606	63
Rio Largo	-948	-3585	63
Florence-Graham	3397	-11824	63
Waltham	4238	-7124	63
Siddharthanagar	2750	8345	63
Fujioka	3625	13907	63
Garbsen	5241	959	63
Teluk Intan	402	10102	63
Pavlovo	5597	4309	63
Cheyenne	4114	-10482	63
Frenda	3507	105	63
Dārāb	2875	5454	63
Fuwwah	3120	3055	63
Xiazhuang	3492	11864	63
West Hartford	4176	-7274	63
Fuding	2733	12021	63
Molepolole	-2441	2550	63
Tāndūr	1725	7758	63
Zalău	4720	2305	63
Valença	-1337	-3907	63
Vilhena	-1274	-6015	63
Kuşadası	3786	2726	63
Żory	5005	1870	63
Godean	-777	11029	63
Rogers	3633	-9412	63
Bougara	3654	308	63
Sūratgarh	2932	7390	63
Mannargudi	1067	7945	63
Medicine Hat	5004	-11068	63
Linares	2486	-9957	63
Melipilla	-3369	-7122	63
Novaya Balakhna	5649	4360	63
Limón	999	-8304	63
Les Abymes	1627	-6151	63
Tokmok	4284	7530	63
Botou	3807	11657	63
Fukuroi	3475	13792	63
Sopur	3429	7447	63
Sandnes	5885	574	63
Carol City	2594	-8025	63
Peruíbe	-2432	-4700	63
Pubal	3729	12751	63
Hamma Bouziane	3641	660	63
Florida	2153	-7823	63
Sheki	4119	4717	63
Lugano	4601	896	63
Rubizhne	4901	3838	63
Baoqing	4633	13221	63
Nkwerre	576	710	63
Ichinoseki	3892	14113	63
Entebbe	6	3248	63
Machiques	1006	-7255	63
Sakurai	3450	13585	63
Itapeva	-2398	-4888	63
Encinitas	3304	-11729	63
Auchi	707	626	63
Bełchatów	5137	1936	63
Graaff-Reinet	-3225	2453	63
Sambrial	3248	7435	63
Runcorn	5334	-273	63
Sorgun	3981	3519	63
Arni	1267	7929	63
Nasugbu	1407	12063	63
Kannur	1187	7536	63
Pryluky	5059	3239	63
Fāqūs	3073	3180	63
Kara-Balta	4281	7385	63
Ashford	5115	87	63
Afragola	4092	1431	63
Haverhill	4278	-7108	63
Robāţ Karīm	3548	5108	63
Valdemoro	4019	-368	63
Umm Al Quwain City	2556	5556	63
Gus’-Khrustal’nyy	5561	4065	63
Jupiter	2693	-8009	63
Buynaksk	4282	4712	63
Wawer	5220	2118	63
Semporna	448	11861	63
Kogon Shahri	3973	6455	63
Cataguases	-2139	-4270	63
Çubuk	4024	3303	63
Krasnotur’insk	5977	6021	63
Council Bluffs	4126	-9586	63
Houmt El Souk	3388	1086	63
Belebey	5412	5412	63
Tataouine	3293	1045	63
Wellington	2666	-8024	63
Tonypandy	5162	-346	63
Kaitong	4481	12308	63
West Coon Rapids	4516	-9335	63
Dhuburi	2602	8999	63
Puliyangudi	917	7740	62
Drancy	4893	245	62
Pingnan	2354	11039	62
Kosong	3838	12847	62
North Miami	2589	-8019	62
Al Khānkah	3021	3137	62
Singida	-482	3474	62
Noisy-le-Grand	4885	256	62
Sheopur	2566	7670	62
Fochville	-2649	2749	62
Renukūt	2422	8304	62
Érd	4739	1891	62
Hamilton	3940	-8456	62
Dêqên	2996	9072	62
Villeneuve-d'Ascq	5062	317	62
Tesistán	2080	-10347	62
Songyang	3446	11303	62
Tanjung Pandan	-273	10763	62
Zhaozhou	4568	12532	62
Kitahiroshima	4298	14157	62
Grao de Murviedro	3964	-24	62
Yucheng	3493	11647	62
Berekum	745	-258	62
North Port	2704	-8224	62
Kipushi	-1176	2725	62
La Seyne-sur-Mer	4310	588	62
Druzhkivka	4863	3755	62
Tulare	3621	-11935	62
Lozova	4889	3632	62
Fussa	3574	13932	62
Rionegro	616	-7537	62
Abepura	-260	14063	62
Rzhev	5626	3433	62
Coon Rapids	4512	-9329	62
Assen	5300	656	62
Dhenkānāl	2066	8560	62
Slutsk	5303	2756	62
Tungipāra	2290	8990	62
Chistopol’	5536	5064	62
Reguiba	3356	670	62
Levallois-Perret	4889	229	62
Bangkalan	-705	11274	62
Huaral	-1149	-7721	62
Calarcá	453	-7564	62
Tinongan	1021	12304	62
Zarechnyy	5313	4658	62
Millcreek	4069	-11188	62
Shuangyang	4352	12567	62
Nianzishan	4752	12288	62
La Habra	3393	-11795	62
San José de Guanipa	889	-6417	62
Blaine	4516	-9323	62
Dabwāli	2995	7474	62
Jinghong	2199	10073	62
Sibsāgar	2698	9464	62
Ina	3583	13795	62
Santa Lucía Cotzumalguapa	1434	-9102	62
Nagahama	3538	13627	62
Castelldefels	4128	197	62
Tikhvin	5965	3353	62
Sagua la Grande	2281	-8008	62
Auburn	3261	-8548	62
Minglanilla	1024	12380	62
Saquarema	-2292	-4251	62
Pingyin	3628	11645	62
Mersa Matruh	3135	2724	62
Boryeong	3635	12660	62
Tupã	-2193	-5051	62
Sanghar	2605	6895	62
Veszprém	4709	1791	62
Binzhou	4575	12748	62
Ferkessédougou	959	-519	62
Qingshuping	2738	11202	62
Smederevo	4466	2093	62
Rossosh’	5020	3957	62
El Hamma	3389	980	62
Lake Elsinore	3367	-11733	62
Zhaobaoshan	2997	12169	62
Hushitai	4194	12350	62
Piranshahr	3670	4514	62
Petrodvorets	5990	2980	62
Njeru	44	3318	62
Labinsk	4463	4074	62
Fernandópolis	-2028	-5025	62
Tan-Tan	2844	-1110	62
Marseille 14	4334	538	62
Huoqiu Chengguanzhen	3235	11629	62
Mudu	3126	12052	62
Zalaegerszeg	4684	1684	62
Adzopé	611	-386	62
Nandu	2285	11082	62
Pisco	-1371	-7621	62
Honjō	3624	13919	62
Bāmyān	3482	6783	62
Daye	3008	11495	62
Bassar	925	78	62
Moca	1939	-7053	62
Iskitim	5464	8330	62
Berbérati	426	1579	62
Senador Canedo	-1671	-4909	62
Jelgava	5665	2371	62
Revda	5680	5993	62
Kolomyia	4853	2504	62
Lobnya	5601	3748	62
Yingshang Chengguanzhen	3263	11627	62
San Andrés Tuxtla	1845	-9521	62
Carmichael	3862	-12133	62
Kampong Cham	1199	10546	62
Scarborough	5428	-40	62
Malappuram	1104	7608	62
Chinhoyi	-1737	3020	62
Al Qurayn	3062	3174	62
Rāth	2559	7957	62
Rockhampton	-2338	15051	62
Al Shamkhah City	2439	5471	62
Medenine	3335	1051	62
Lakshmīpur	2294	9083	62
Hastings	-3964	17685	62
Pumiao	2276	10848	62
Jamkhandi	1650	7529	62
Wesel	5167	662	62
Vyksa	5532	4217	62
Cortazar	2048	-10096	62
Tríkala	3955	2177	62
Kāmyārān	3480	4694	62
Chambéry	4557	592	62
Hancheng	3252	11235	62
Itapira	-2244	-4682	62
Sirsi	1462	7484	62
Dmitrov	5634	3752	62
Antratsyt	4812	3909	62
Ueno-ebisumachi	3476	13613	62
Sibay	5272	5867	62
Lishu	4330	12433	62
Oroqen Zizhiqi	5057	12372	62
Taylor	4224	-8327	62
Alcoy	3871	-47	62
Cayenne	493	-5233	62
Hujra Shah Muqim	3074	7382	62
Xianju	2885	12073	62
Pogradec	4090	2065	62
Malaybalay	816	12513	62
Oudtshoorn	-3360	2220	62
Vriddhāchalam	1152	7932	61
Karlstad	5938	1350	61
Nieuwegein	5203	508	61
Hita	3332	13094	61
Burnsville	4477	-9328	61
Jianguang	2819	11578	61
Monterey Park	3406	-11812	61
Widnes	5336	-273	61
Belize City	1750	-8820	61
Issy-les-Moulineaux	4882	228	61
Dongning	4406	13112	61
Suicheng	3390	11793	61
Stryi	4926	2386	61
Kempten (Allgäu)	4773	1031	61
Toki	3535	13718	61
Castro Valley	3769	-12209	61
Ragusa	3693	1472	61
San Salvador Tizatlalli	1926	-9959	61
Aldershot	5125	-76	61
Schwäbisch Gmünd	4880	980	61
Linares	3810	-364	61
Vinukonda	1605	7974	61
Irvington	4073	-7423	61
Sindelfingen	4870	902	61
Výronas	3796	2375	61
Neuilly-sur-Seine	4888	227	61
Tianchang	3800	11402	61
Mizusawa	3913	14113	61
Veenendaal	5203	556	61
Asti	4490	821	61
Gravatá	-820	-3556	61
La Chorrera	888	-7978	61
Kuroiso	3697	14005	61
Rocklin	3879	-12124	61
Slawi	-698	10914	61
Gaalkacyo	677	4743	61
Apatity	6756	3340	61
Abū Qurqāş	2793	3084	61
Jijiang	2929	10625	61
Tissemsilt	3561	181	61
Valença	-2225	-4370	61
Al Manshāh	2648	3180	61
Utica	4310	-7523	61
Ouahigouya	1358	-242	61
Xifeng	4274	12472	61
Datong	3262	11706	61
Malden	4243	-7107	61
National City	3268	-11710	61
Novoaltaysk	5339	8394	61
Pecangaan	-670	11071	61
Bury	5360	-230	61
Valjevo	4428	1990	61
Yopal	534	-7240	61
Yicheng	3170	11226	61
Svobodnyy	5138	12814	61
Horad Zhodzina	5410	2833	61
Barking	5153	8	61
Sal’sk	4647	4154	61
Stupino	5490	3807	61
Mielec	5029	2142	61
Chinch'ŏn	3686	12744	61
Bouaflé	699	-574	61
Tiptūr	1326	7648	61
Sahaswān	2807	7875	61
Irun	4334	-179	61
Zeist	5209	523	61
Anuradhapura	831	8041	61
Tarnowskie Góry	5045	1886	61
Asker	5983	1044	61
Grosseto	4276	1111	61
Kırıkhan	3650	3636	61
Yanliang	3466	10923	61
Candelaria	1393	12142	61
Tahe	5233	12473	61
Al Mithnab	2586	4422	61
Springfield	4405	-12302	61
Koppal	1535	7615	61
Bethesda	3898	-7710	61
Uyovu	-328	3153	61
Norfolk County	4283	-8038	61
Sirhind	3064	7638	61
Dabra	2589	7833	61
Erdaojiang	4178	12603	61
Cumbum	974	7728	61
Terre Haute	3947	-8741	61
Tartagal	-2252	-6380	61
Vineland	3949	-7503	61
Prokhladnyy	4376	4403	61
Tianpeng	3099	10394	61
Troyes	4830	409	61
Kertosono	-758	11210	61
Kabirwala	3040	7186	61
Xixiang	3516	11286	61
Slavonski Brod	4516	1802	61
Seraing	5058	550	61
Shuya	5685	4139	61
Shchëkino	5401	3752	61
Ban Lam Luk Ka	1398	10078	61
San Marcos	2988	-9794	61
Sfântu Gheorghe	4587	2578	61
Brentwood	4078	-7325	61
Granollers	4161	229	61
Bor	5636	4407	61
Arāmbāgh	2288	8778	61
Himatnagar	2360	7297	61
Lakeville	4465	-9324	61
Mujiayingzi	4212	11878	61
West Allis	4302	-8801	61
Akim Oda	593	-99	61
Dubna	5673	3717	61
Redmond	4767	-12212	61
Lokoja	780	674	61
Cupertino	3732	-12203	61
Ualog	1057	12339	61
Langzhong	3155	10599	61
Ciudad Hidalgo	1969	-10055	61
Taylorsville	4067	-11194	61
Takaishi	3452	13543	61
Yoshikawa	3589	13984	61
Castleford	5373	-136	61
Lādnūn	2765	7440	60
Landshut	4853	1216	60
Bristol	4167	-7295	60
Moore	3534	-9749	60
Gardena	3389	-11831	60
Longgang	3765	12033	60
Petaluma	3823	-12264	60
Fethiye	3664	2913	60
Hereford	5206	-271	60
Pirassununga	-2200	-4743	60
Adelaide Hills	-3491	13871	60
Bangor	5465	-567	60
Grand Junction	3906	-10855	60
Nipāni	1640	7438	60
Świdnica	5084	1649	60
Gushu	3156	11848	60
Banfora	1063	-477	60
Casper	4287	-10631	60
Motril	3675	-352	60
Borsad	2241	7290	60
Atlantis	-3357	1848	60
Opava	4994	1790	60
Rowlett	3290	-9656	60
Koratla	1882	7871	60
Kīratpur	2951	7821	60
Wucheng	2960	11817	60
Yuxia	3406	10863	60
Trinidad	2180	-7998	60
Unaí	-1636	-4691	60
Runing	3300	11435	60
Vrindāvan	2758	7770	60
Barabai	-258	11538	60
Douane	3645	1076	60
Kousa	2592	3276	60
Vavuniya	875	8050	60
Zhijiang	3042	11175	60
Rosenheim	4786	1212	60
Stroud	5175	-220	60
Hāveri	1479	7540	60
Taozhuang	3485	11733	60
Margate	5138	139	60
Tczew	5409	1878	60
Laascaanood	848	4736	60
La Mesa	3277	-11702	60
Pine Hills	2856	-8145	60
Martínez de la Torre	2007	-9706	60
Caratinga	-1979	-4214	60
Kuwait City	2937	4798	60
Zushi	3529	13958	60
Pavlovskiy Posad	5578	3865	60
Koga	3373	13047	60
Supaul	2612	8660	60
Uíge	-761	1506	60
Villa Vicente Guerrero	1912	-9817	60
Patos	4068	1962	60
Hurlingham	-3459	-5863	60
Zhujiajiao	3111	12106	60
Wuzhen	3075	12049	60
Santutxu	4325	-292	60
Gīrīdīh	2419	8631	60
Bangaon	2587	8651	60
Néma	1662	-726	60
Putra Heights	299	10157	60
Bensonhurst	4060	-7399	60
Coney Island	4058	-7399	60
Yangiyŭl	4111	6905	60
Meftah	3662	322	60
Meriden	4154	-7281	60
Rāyadrug	1470	7685	60
Tanay	1450	12128	60
Loughborough	5277	-120	60
Obando	1471	12094	60
Heroica Caborca	3072	-11216	60
Debre Mark’os	1035	3773	60
Sinfra	662	-591	60
Pontiac	4264	-8329	60
Temerluh	345	10242	60
Hwasun	3506	12699	60
Welwyn Garden City	5180	-21	60
Jiangkou	2549	11920	60
Farnborough	5129	-76	60
KwaDukuza	-2933	3129	60
Tozkhurmato	3489	4463	60
Yamethin	2043	9614	60
Port Orange	2914	-8100	60
Oued Rhiou	3596	92	60
Boyolali	-753	11060	60
Hamden	4140	-7290	60
Antony	4875	230	60
North Lakhimpur	2724	9410	60
Laibin	2370	10927	60
Pucheng	2792	11853	60
Lakewood	4717	-12252	60
Brandenburg an der Havel	5242	1255	60
Balagtas	1482	12087	60
Kawm Umbū	2448	3295	60
Fountainebleau	2577	-8035	60
Piekary Śląskie	5038	1893	60
Tohāna	2971	7590	60
Boufarik	3657	291	60
Rüsselsheim	4999	842	60
Itapetinga	-1525	-4025	60
Saint Clair Shores	4250	-8289	60
Agía Paraskeví	3802	2383	60
Koson	3904	6558	60
Springfield	3992	-8381	60
Esfarāyen	3708	5751	60
Mococa	-2147	-4700	60
Katiola	814	-510	60
Great Falls	4750	-11130	60
Ekpoma	674	614	60
Asadābād	3478	4812	60
São Borja	-2866	-5600	60
Nago	2662	12799	60
San Cristobal	2272	-8306	60
Den Helder	5296	476	60
Chapel Hill	3591	-7906	60
Cremona	4513	1002	60
Molfetta	4120	1660	60
Altamira	2239	-9794	60
Shiogama	3832	14103	60
Sengkang	-413	12003	60
Gangoh	2978	7726	60
Dayr al Balaḩ	3142	3435	60
Ferizaj	4237	2116	60
Drummondville	4588	-7248	59
Sonsonate	1372	-8972	59
Wenshang	3573	11650	59
Rhondda	5166	-345	59
Bến Tre	1024	10638	59
Kottayam	959	7652	59
Mölndal	5766	1201	59
Huntington Park	3398	-11823	59
Carazinho	-2828	-5279	59
Frýdek-Místek	4968	1835	59
La Roche-sur-Yon	4667	-143	59
Mangalagiri	1643	8057	59
Kattaqo’rg’on Shahri	3991	6627	59
Langenfeld	5111	695	59
Zhaoyuan	4550	12513	59
Mingshui	4718	12590	59
Galátsi	3802	2375	59
Lancaster	4004	-7631	59
Huazhou	3268	11208	59
Narasapur	1643	8170	59
Coconut Creek	2625	-8018	59
San Felipe	-3275	-7073	59
Lappeenranta	6106	2819	59
Dolores Hidalgo Cuna de la Independencia Nacional	2116	-10093	59
Gannan	4791	12350	59
Offenburg	4847	794	59
Craigavon	5445	-639	59
Lamongan	-712	11242	59
Nelson	-4127	17328	59
Hongjiang	2711	11000	59
Sangāreddi	1762	7809	59
Mikhaylovsk	4513	4203	59
Sahagún	895	-7544	59
Jian’ou	2704	11832	59
Idaho Falls	4347	-11203	59
Kotlas	6126	4665	59
Fundación	1052	-7419	59
Kodār	1700	7997	59
Chibuto	-2469	3353	59
San Rafael	3797	-12253	59
Fuli	4672	13114	59
Azua	1845	-7073	59
Arrecife	2896	-1355	59
Chalkída	3846	2360	59
Oltinko‘l	4307	5890	59
Ullal	1281	7486	59
Manaoag	1604	12049	59
Haizhou	3458	11913	59
Noblesville	4005	-8601	59
El Vigía	861	-7166	59
Pula	4487	1385	59
Yigou	3581	11432	59
Santo Tomé	-3166	-6077	59
Marietta	3395	-8455	59
San Francisco	-3143	-6208	59
Verkhnyaya Pyshma	5697	6058	59
As-Suwayda	3271	3657	59
Fairfield	4114	-7326	59
Talnakh	6949	8840	59
Langtoucun	4004	12434	59
Owensboro	3777	-8711	59
Eastvale	3396	-11756	59
Mossel Bay	-3418	2215	59
Royal Oak	4249	-8314	59
Kabinda	-614	2448	59
Caucaguita	1036	-6680	59
Tam Kỳ	1557	10847	59
Māngrol	2112	7011	59
Gola Gokarannāth	2808	8047	59
Zarand	3081	5656	59
Petroúpolis	3804	2368	59
Stralsund	5431	1308	59
Uwajima	3322	13256	59
Modāsa	2346	7330	59
Brentwood	3793	-12170	59
Santa Rosa	-2787	-5448	59
Torbat-e Jām	3524	6062	59
Punta Cardón	1166	-7022	59
Xiaoweizhai	2619	10751	59
Baki	-761	11078	59
Mikhaylovka	5006	4324	59
Solnechnogorsk	5618	3698	59
Ōtawara	3687	14003	59
Villach	4661	1386	59
Telêmaco Borba	-2432	-5062	59
Guanambi	-1422	-4278	59
Sig	3553	-19	59
Stolberg	5077	623	59
Mingyue	4311	12892	59
Bañga	642	12478	59
Benalmádena	3660	-457	59
Tezpur	2663	9280	59
Shahrīār	3566	5106	59
Ardakān	3231	5402	59
Saijō	3392	13318	59
Kolda	1289	-1494	59
Dubuque	4250	-9066	59
Wallasey	5342	-306	59
Kamphaeng Phet	1648	9952	59
Comayagua	1445	-8764	59
Thiruvarur	1077	7964	59
Suozhen	3695	11810	59
Cerdanyola del Vallès	4149	214	59
Kayes	-420	1329	59
Marseille 12	4330	544	59
Brookline	4233	-7112	59
Novi	4248	-8348	59
Littlehampton	5081	-54	59
Attur	1159	7860	59
Arsen’yev	4415	13328	59
Teziutlan	1982	-9736	59
Hanyū	3617	13953	59
Ouezzane	3480	-558	59
Trapani	3802	1254	59
Des Plaines	4203	-8788	59
Kampong Dungun	322	10132	59
Hameln	5210	936	59
Carrara	4408	1010	59
Los Patios	784	-7250	59
Bantul	-789	11033	59
Chidambaram	1140	7969	59
Labé	1132	-1228	59
Horsens	5586	985	59
Orland Park	4163	-8785	59
Tarn Tāran	3145	7493	59
Bartlett	3520	-8987	59
Glogovac	4263	2089	59
Udumalaippettai	1059	7725	59
Woodland	3868	-12177	59
Lonavla	1875	7341	59
New Westminster	4921	-12291	59
Jidong	4522	13108	59
Chichibu	3599	13908	59
Lehi	4039	-11185	58
Fenyi	2781	11467	58
Ksar Chellala	3521	232	58
Racibórz	5009	1822	58
Kasaoka	3451	13350	58
White Plains	4103	-7376	58
Uzlovaya	5398	3817	58
Casoria	4091	1429	58
Menden	5144	778	58
Weleri	-697	11007	58
Chonglong	2978	10485	58
Xinglongshan	4396	12547	58
San Pedro de Jujuy	-2423	-6487	58
Fort Beaufort	-3277	2663	58
Arcadia	3414	-11804	58
Reston	3897	-7734	58
Friedrichshafen	4766	948	58
Shāhāda	2155	7447	58
Bridgend	5151	-358	58
Chaiyaphum	1581	10203	58
Tongchuan	3109	10509	58
Nawalgarh	2785	7527	58
Uttaradit	1763	10009	58
Bondoukou	804	-280	58
Hongqiao	2677	11211	58
Sérres	4108	2355	58
Fāraskūr	3133	3172	58
Savona	4431	848	58
Nedumangād	860	7700	58
Trenčín	4889	1804	58
Aracruz	-1982	-4027	58
Korçë	4062	2078	58
San Andrés	1258	-8171	58
Będzin	5033	1913	58
Kırklareli	4174	2723	58
Ocala	2919	-8214	58
Kisela Voda	4195	2150	58
Nikšić	4277	1894	58
Dingtao	3507	11557	58
Polewali	-343	11934	58
Rundu	-1793	1977	58
Los Dos Caminos	1049	-6683	58
Banī Mazār	2850	3080	58
Kanbe	1671	9600	58
Täby	5944	1807	58
South Vineland	3945	-7503	58
Lorient	4775	-337	58
Sanford	2880	-8127	58
Juye	3539	11609	58
Ariquemes	-991	-6304	58
Nīmbāhera	2462	7468	58
Kolonnawa	693	7988	58
Kadi	2330	7233	58
Felgueiras	4137	-819	58
Nangen	3541	12739	58
Hancheng	3546	11043	58
Göppingen	4870	965	58
Zgierz	5186	1941	58
Caucasia	799	-7519	58
Hải Dương	2094	10633	58
Ushuaia	-5481	-6832	58
Bowie	3894	-7673	58
Koga	3618	13972	58
Simpang Empat	495	10063	58
Port Coquitlam	4927	-12277	58
Santangpu	2741	11199	58
Volzhsk	5587	4836	58
Kokomo	4049	-8613	58
Sarcelles	4900	238	58
Jatiwangi	-673	10826	58
Acámbaro	2003	-10072	58
Vigevano	4531	885	58
Kawthoung	998	9855	58
Pessac	4481	-63	58
Imarichō-kō	3327	12988	58
Santa Rosa de Cabal	487	-7562	58
Sidi Moussa	3661	309	58
Sīra	1374	7690	58
Baekrajan	-677	11085	58
Wayne	4093	-7428	58
Kraaifontein	-3385	1872	58
Hardenberg	5258	662	58
Ivry-sur-Seine	4882	238	58
Myaydo	1937	9522	58
Kokubu-matsuki	3173	13077	58
Veles	4172	2178	58
Tabaco	1336	12373	58
Chik Ballāpur	1344	7773	58
Pianura	4086	1417	58
Bārdoli	2112	7311	58
Kogalym	6227	7448	58
Novovolyns’k	5073	2416	58
Jhārgrām	2245	8699	58
Évreux	4902	115	58
Singosari	-789	11267	58
Bootle	5347	-302	58
Debre Birhan	968	3953	58
Santee	3284	-11697	58
Anxiang	2940	11215	58
Lop Buri	1480	10065	58
Görlitz	5116	1499	58
Düzce	4084	3116	58
Dublin	3770	-12194	58
St. Albert	5363	-11364	58
Weymouth	5061	-246	58
Ash Shāmīyah	3196	4460	58
Farroupilha	-2923	-5135	58
Harsīn	3427	4759	58
Francisco Beltrão	-2608	-5305	58
Sundsvall	6239	1731	58
El Hatillo	1042	-6683	58
Legnano	4560	892	58
Vénissieux	4570	489	58
Cergy	4904	208	58
Samāstipur	2586	8578	58
Ālbū Kamāl	3445	4092	58
Ban Pong	1382	9988	58
Krymsk	4493	3799	58
Huangpi	3088	11438	58
Shanhecun	4571	12858	58
Guercif	3423	-335	58
Biała Podlaska	5203	2312	58
Gobichettipalayam	1145	7744	58
Yantongshan	4329	12601	58
Picos	-708	-4147	57
Al Hindīyah	3255	4423	57
Hasanpur	2872	7828	57
Sōja	3468	13375	57
Clichy	4890	231	57
Guiren	3367	11819	57
Maulavi Bāzār	2449	9177	57
Palm Harbor	2808	-8276	57
Santo Tomas	1411	12114	57
Poprad	4906	2030	57
Kentau	4352	6850	57
Trà Vinh	995	10634	57
Medford	4242	-7111	57
Cheremkhovo	5316	10307	57
Fareham	5085	-118	57
Morley	5374	-160	57
Lençóis Paulista	-2260	-4880	57
Cheshunt	5170	-3	57
Jahāngīrābād	2841	7811	57
Sherkot	2933	7857	57
Aïn Temouchent	3530	-114	57
Kātrās	2380	8630	57
Minbu	2018	9488	57
Pālakollu	1652	8173	57
Zhongxing	3370	11868	57
Ḩalabjah	3518	4599	57
Chililabombwe	-1236	2782	57
Langxiang	4695	12887	57
Chunian	3097	7398	57
Catacaos	-527	-8068	57
Ishikari	4324	14135	57
Garoowe	840	4848	57
Wani	2006	7895	57
Naksalbāri	2668	8822	57
Midwest City	3545	-9740	57
Ouarzazat	3092	-689	57
Margate	2624	-8021	57
Béja	3673	918	57
Tiruvalla	938	7657	57
Villa Hayes	-2509	-5752	57
Sopron	4769	1659	57
Punta Alta	-3888	-6207	57
Bergama	3912	2718	57
Itoman	2613	12767	57
Ponnūru	1607	8055	57
Bragança	-105	-4677	57
Arcoverde	-842	-3705	57
Kabanjahe	310	9849	57
South Whittier	3395	-11804	57
Fengxian	3470	11659	57
Tinley Park	4157	-8778	57
Anamur	3608	3284	57
Suileng	4725	12710	57
Pflugerville	3044	-9762	57
Mafraq	3234	3621	57
Wenxing	2868	11288	57
Hashimoto	3432	13562	57
Diphu	2584	9343	57
Sītāmarhi	2659	8549	57
Zhigulevsk	5340	4950	57
Sakaidechō	3432	13384	57
Marondera	-1819	3155	57
Chhibrāmau	2715	7950	57
Luzern	4705	831	57
Kidderminster	5239	-225	57
Mafeteng	-2982	2724	57
Shahrisabz	3906	6683	57
Tilhar	2796	7974	57
New Brunswick	4049	-7445	57
General Pico	-3566	-6376	57
Vaasa	6310	2162	57
Grand Forks	4793	-9703	57
Emmen	5278	691	57
Phra Phutthabat	1473	10080	57
Sangla Hill	3172	7338	57
Reyhanlı	3627	3657	57
Baishishan	4358	12757	57
Ābādeh	3116	5265	57
Fountain Valley	3371	-11795	57
Hendala	699	7988	57
Haripur	3400	7293	57
Roslavl’	5395	3286	57
Minyat an Naşr	3113	3164	57
Ninghai	3738	12161	57
Ilkal	1596	7611	57
Jacona de Plancarte	1995	-10231	57
Bayt Lāhyā	3155	3450	57
Purbalingga	-739	10936	57
Diamond Bar	3403	-11781	57
Kitgum	328	3289	57
Shibīn al Qanāṭir	3031	3132	57
Bada Barabīl	2211	8539	57
Hattingen	5140	719	57
Los Andes	-3283	-7060	57
Ávila	4066	-470	57
Kalibo (poblacion)	1171	12236	57
Bawku	1106	-24	57
Jijiga	935	4280	57
Nōgata	3374	13072	57
Jinji	2323	11083	57
Corby	5250	-69	57
Marseille 11	4329	544	57
Taunton	4190	-7109	57
Napier	-3949	17691	57
Oak Lawn	4171	-8776	57
Union	4070	-7426	57
Vacaria	-2851	-5093	57
Ankeny	4173	-9361	57
Puerto Peñasco	3132	-11354	57
Malārd	3567	5098	57
Weining	2685	10423	57
Mettur	1179	7780	57
Chicopee	4215	-7261	57
Asaka	4064	7224	57
Râs el Oued	3594	503	57
Kuchāman	2715	7486	57
Lakhdaria	3656	359	57
Caltanissetta	3749	1406	57
Pare	-777	11220	57
Dartford	5145	21	57
Cajamar	-2336	-4688	57
Castlereagh	5457	-588	57
Segovia	4095	-412	57
Eger	4790	2037	57
Dewsbury	5369	-163	57
Daokou	3556	11451	57
Okcheon	3630	12757	57
Yashan	2220	10994	57
Puerto Barrios	1573	-8859	57
Panruti	1178	7955	57
San Carlos del Zulia	900	-7193	57
Lingayen	1602	12023	57
Janaúba	-1580	-4331	57
Borovichi	5839	3392	57
Livingston	5590	-352	57
Chino	3599	13815	57
Moriya	3593	14000	57
Hilden	5117	693	57
Una	2082	7104	57
Oberá	-2749	-5512	57
Kaga Bandoro	699	1919	57
Dörtyol	3684	3623	57
Ponnur	1607	8055	57
Kollegāl	1215	7711	56
Vinhedo	-2303	-4698	56
Nantai	4092	12280	56
Balaipungut	106	10129	56
Shegaon	2079	7670	56
Magong	2357	11959	56
Potenza	4064	1581	56
Changleng	2870	11582	56
Formiga	-2046	-4543	56
Soroti	171	3361	56
Mérida	3892	-634	56
Nabeul	3646	1074	56
Mon Repos	1028	-6145	56
Hutang	3153	11949	56
Pul-e Khumrī	3594	6872	56
Berwyn	4185	-8779	56
Nankana Sahib	3145	7371	56
Upleta	2174	7028	56
Ujhāni	2800	7901	56
Manhattan	3918	-9657	56
Al Qanāţir al Khayrīyah	3019	3114	56
Honiara	-943	15995	56
Fier	4072	1956	56
Stourbridge	5246	-214	56
Bankra	2260	8828	56
Mendaha	-102	10359	56
Dabhoi	2218	7343	56
Sleman	-772	11036	56
Gaogou	3402	11919	56
Espinal	415	-7488	56
Huauchinango	2017	-9805	56
Hohoe	715	47	56
Vranje	4255	2190	56
Kirishi	5945	3202	56
Gölcük	4070	2987	56
Linghai	4117	12137	56
Turbaco	1033	-7541	56
Paita	-509	-8111	56
Kendale Lakes	2571	-8041	56
Smyrna	3388	-8451	56
Dearborn Heights	4234	-8327	56
Bāri	2665	7762	56
Ródos	3644	2822	56
Obra	2442	8299	56
Sankt Augustin	5078	720	56
Gohāna	2914	7670	56
Porterville	3607	-11902	56
Piscataway	4050	-7440	56
Pandak	-791	11029	56
Doral	2582	-8036	56
Zijinglu	3476	11297	56
Hendersonville	3630	-8662	56
Roeselare	5095	312	56
Eisen	3597	12893	56
Jatani	2016	8571	56
Joymontop	2379	9016	56
Kapenguria	124	3511	56
Ambilobe	-1320	4905	56
Ezhva	6181	5073	56
Nāmakkal	1122	7817	56
Cianorte	-2366	-5260	56
Lạng Sơn	2185	10676	56
Qinnan	3325	11991	56
Bungoma	56	3456	56
Gadwāl	1624	7780	56
Liski	5098	3952	56
Novohrad-Volynskyi	5059	2762	56
San Francisco	999	-8413	56
Tiko	408	936	56
Pālitāna	2153	7182	56
Nokha	2756	7347	56
Lāharpur	2771	8090	56
Kuala Selangor	335	10125	56
Carmona	1431	12106	56
Bolvadin	3871	3105	56
Cuenca	4007	-213	56
Narwāna	2960	7612	56
Dalianwan	3903	12169	56
Changling	4427	12400	56
Chumphon	1050	9918	56
Tirhanimîne	3524	-395	56
Rocky Mount	3594	-7779	56
Energodar	4750	3466	56
Itapipoca	-349	-3958	56
Randers	5646	1004	56
Corvallis	4456	-12326	56
Eschweiler	5082	627	56
Tsévié	643	121	56
Ełk	5383	2236	56
Portici	4082	1434	56
Ponta Porã	-2254	-5573	56
San Antonio	-2542	-5755	56
Umm Ruwaba	1291	3122	56
Valdosta	3083	-8328	56
Tomigusuku	2619	12768	56
Islāmpur	2627	8819	56
Sale	5343	-232	56
Zile	4030	3589	56
Karād	1729	7418	56
Hanford	3633	-11965	56
Kampung Bukit Baharu	222	10229	56
Estância	-1127	-3744	56
Lubao	1494	12060	56
Shibirghān	3667	6575	56
Sangju	3642	12816	56
Iwade	3425	13532	56
Évora	3857	-790	56
Klaeng	1278	10165	56
Świętochłowice	5030	1892	56
Castle Rock	3937	-10486	56
Linqiong	3042	10346	56
Snizhne	4803	3877	56
Greenwood	3961	-8611	56
Arua	302	3091	56
Khiwa	4138	6036	56
At Tall	3361	3631	56
Cacoal	-1144	-6145	56
Amuntai	-242	11525	56
Nuevo Casas Grandes	3042	-10791	56
Hempstead	4071	-7362	56
Wellington	-3364	1901	56
Novato	3811	-12257	56
Kettering	3969	-8417	56
Basyūn	3094	3081	56
Cereté	888	-7579	56
Bellevue	4114	-9589	56
Vyaz’ma	5521	3430	56
Maldonado	-3490	-5495	55
Besuki	-773	11370	55
Rîbniţa	4777	2901	55
Aurora	4400	-7947	55
Buin	-3373	-7074	55
Shoreline	4776	-12234	55
Decatur	3461	-8698	55
São Gabriel	-3034	-5432	55
Anjiang	2732	11010	55
Anan	3392	13465	55
San Fernando	1028	-6147	55
Xinqing	4829	12952	55
Gapyeong	3783	12751	55
Paramount	3389	-11816	55
Beledweyne	474	4520	55
Placetas	2231	-7965	55
Saint-Quentin	4985	329	55
Kaédi	1615	-1350	55
Pruszków	5217	2081	55
Concórdia	-2723	-5203	55
Bozüyük	3991	3004	55
Kolding	5549	947	55
Port Arthur	2989	-9394	55
Taikang	4686	12444	55
Nanto-shi	3657	13691	55
Shiroi	3580	14007	55
Yutan	2826	11256	55
Anderson	4011	-8568	55
Wedi	-774	11058	55
Jālaun	2615	7934	55
Pátzcuaro	1952	-10161	55
Torrelavega	4335	-405	55
Pacatuba	-398	-3862	55
Karīmganj	2487	9236	55
Satte	3607	13973	55
Ahlen	5176	789	55
Tamiami	2576	-8040	55
Mangere	-3697	17480	55
Halesowen	5245	-205	55
Nazarovo	5601	9040	55
Rāmganj	2310	9085	55
Canterbury	5128	108	55
Kribi	294	991	55
Mora	1105	1414	55
Klimovsk	5536	3753	55
Mokameh	2540	8592	55
South Croydon	5136	-9	55
Towson	3940	-7660	55
Kazanlak	4262	2540	55
Heilbron	-2728	2797	55
Naic	1432	12077	55
Bayan	4608	12740	55
Etāwa	2418	7820	55
Wanparti	1637	7807	55
North Chicopee	4218	-7260	55
Elda	3848	-79	55
Drean	3668	775	55
Cần Giờ	1041	10695	55
Ābyek	3607	5055	55
Viana	-2039	-4050	55
Kasongo	-443	2667	55
Sarasota	2734	-8253	55
Šabac	4475	1969	55
Narail	2316	8950	55
Abancay	-1363	-7288	55
Kalasin	1643	10351	55
Lesnoy	5762	6308	55
Sāmalkot	1706	8218	55
Tiznit	2970	-973	55
Al Ain City	2419	5576	55
Sherwood Park	5352	-11332	55
Cepu	-715	11159	55
Collado-Villalba	4064	-400	55
São Pedro da Aldeia	-2284	-4210	55
Nakatsugawa	3548	13750	55
Shilin	2482	10333	55
'Ali Sabieh	1116	4271	55
Yeongam	3480	12670	55
Jinotega	1309	-8600	55
Berëzovskiy	5560	8620	55
Boryspil’	5035	3096	55
Anjangaon	2117	7731	55
Samannūd	3096	3124	55
Dholka	2273	7244	55
Reghaïa	3674	334	55
Huangnihe	4356	12802	55
Viljoenskroon	-2721	2695	55
Saint-Jérôme	4578	-7400	55
Cypress Hills	4068	-7389	55
Caicó	-646	-3710	55
Tirur	1091	7592	55
West Haven	4127	-7295	55
Gorno-Altaysk	5196	8592	55
Ohrid	4112	2080	55
Rosemead	3408	-11807	55
Sabinas	2786	-10112	55
Bad Salzuflen	5209	874	55
Matera	4067	1660	55
Euskirchen	5066	679	55
San Severo	4169	1538	55
Al Khafjī	2844	4849	55
Jackson	3978	-7486	55
Highland	3413	-11721	55
Lingcheng	2271	11035	55
Kāndi	2396	8804	55
San José de las Lajas	2296	-8215	55
Seropédica	-2274	-4371	55
Cabedelo	-698	-3483	55
Mamoudzou	-1278	4523	55
Meerbusch	5125	669	55
Manzhouli	4960	11743	55
Caaguazú	-2547	-5602	55
Bandar Labuan	529	11527	55
Mount Prospect	4207	-8794	55
Wolfenbüttel	5216	1054	55
Huyton	5341	-284	55
Suwa	3604	13811	55
Rio de Mouro	3877	-933	55
Liaozhong	4151	12272	55
Hürth	5087	687	55
Shirbīn	3120	3152	55
Barry	5140	-328	55
Boghni	3654	395	55
Niort	4632	-46	55
Ghātāl	2266	8773	55
Tacurong	669	12468	55
Odivelas	3879	-918	55
Colton	3407	-11731	55
Unjha	2380	7239	55
Martin	4907	1892	55
Kotka	6047	2695	55
San Marcos	1366	-8918	55
Manhuaçu	-2026	-4203	55
Turda	4657	2378	55
Belfort	4764	685	55
Huacho	-1111	-7761	55
Al Mayādīn	3502	4045	55
Sendhwa	2169	7510	55
Belorechensk	4477	3988	55
El Banco	900	-7398	55
Carson City	3916	-11977	55
San Bernardino Tlaxcalancingo	1903	-9828	55
Moquegua	-1720	-7094	55
Chivilcoy	-3490	-6002	55
Himimachi	3686	13699	55
Tiruttangal	948	7783	54
San Francisco El Alto	1494	-9144	54
Penápolis	-2142	-5008	54
Ad Dawādimī	2451	4439	54
Langsa	447	9797	54
Nanzhou	2936	11240	54
Pocatello	4287	-11245	54
Bradenton	2750	-8257	54
Bolgatanga	1079	-85	54
Funza	472	-7421	54
Pirojpur	2258	8998	54
Mairiporã	-2332	-4659	54
Vidin	4399	2288	54
Weymouth	4222	-7094	54
Port Charlotte	2698	-8209	54
Tharyarwady	1765	9579	54
Normal	4051	-8899	54
Ajaccio	4192	874	54
Jagüey Grande	2253	-8113	54
Bahlā’	2298	5730	54
Krasnokamensk	5010	11804	54
Ilha de Moçambique	-1503	4074	54
Siddhapur	2392	7237	54
Dhūri	3037	7587	54
Spring	3008	-9542	54
Presidente Franco	-2556	-5461	54
Allapattah	2581	-8022	54
Okaya	3606	13805	54
Gravesend	5144	37	54
Sangmélima	293	1198	54
Richland	4629	-11928	54
Sidhi	2440	8188	54
Baden-Baden	4876	824	54
Eastleigh	5097	-135	54
Zinacantepec	1928	-9973	54
Euless	3284	-9708	54
Dishnā	2612	3248	54
Puerto Eldorado	-2641	-5469	54
Trujillo Alto	1835	-6601	54
Aveiro	4064	-865	54
Blue Springs	3902	-9428	54
Şabyā	1715	4263	54
East Pensacola Heights	3043	-8718	54
Chornomors’k	4630	3065	54
Kalamata	3704	2211	54
Jūrmala	5697	2377	54
Montenegro	-2969	-5146	54
Cerignola	4127	1590	54
Aranjuez	4003	-360	54
Hacienda Heights	3399	-11797	54
Kavála	4094	2441	54
Nuevitas	2155	-7727	54
Dar Chioukh	3490	349	54
Suzaka	3665	13832	54
Vannes	4766	-276	54
Schweinfurt	5005	1022	54
Wokha	2610	9426	54
Nikki	994	321	54
Ozone Park	4068	-7384	54
Neustadt	4935	814	54
Trani	4128	1641	54
Sartrouville	4895	219	54
Granby	4540	-7273	54
Kumbo	620	1067	54
Maisons-Alfort	4881	244	54
Kālna	2322	8836	54
Azul	-3678	-5986	54
Timashëvsk	4562	3895	54
Severomorsk	6907	3342	54
Bārāmati	1815	7458	54
Chaniá	3551	2403	54
Tiquipaya	-1734	-6622	54
Domodedovo	5544	3775	54
Briarwood	4071	-7382	54
Bījār	3587	4761	54
Pīshvā	3531	5173	54
Farshūţ	2605	3216	54
Cathedral City	3378	-11647	54
Meaux	4896	288	54
Danané	726	-815	54
Lakewood	4010	-7422	54
Vyshniy Volochëk	5759	3456	54
Izyum	4921	3725	54
Elyria	4137	-8211	54
Pulheim	5100	681	54
Bỉm Sơn	2008	10586	54
Jardines de la Silla (Jardines)	2563	-10019	54
Ostrołęka	5309	2158	54
Starachowice	5104	2107	54
Markala	1370	-607	54
Hammamet	3640	1062	54
Bắc Giang	2127	10619	54
Selebi-Phikwe	-2198	2784	54
Wheaton	4187	-8811	54
Commerce City	3981	-10493	54
Acton	5151	-28	54
Pitalito	185	-7605	54
Upata	802	-6241	54
Santiago Teyahualco	1966	-9912	54
Charikar	3501	6917	54
Puerto Tejada	323	-7642	54
Kandukūr	1522	7990	54
Blois	4759	133	54
Bisceglie	4124	1650	54
Sunām	3013	7580	54
Hoboken	4074	-7403	54
Watsonville	3691	-12176	54
Gaddi Annaram	1737	7852	54
Coatepec	1945	-9696	54
Sattenapalle	1639	8015	54
Anapa	4489	3732	54
Roven’ky	4808	3938	54
Pamplona	738	-7265	54
Acerra	4094	1437	54
Ercolano	4081	1435	54
Shendi	1669	3343	54
Fnidek	3585	-536	54
Lake Havasu City	3448	-11432	54
Papantla de Olarte	2045	-9732	54
Batac City	1806	12056	54
Washington	5490	-152	54
Hiriyūr	1394	7662	54
Buguruslan	5366	5244	54
Challakere	1432	7665	54
El Viejo	1266	-8717	54
Menemen	3861	2707	53
Braintree	5188	55	53
Ilo	-1763	-7134	53
Rampur Hat	2418	8778	53
Brive-la-Gaillarde	4516	153	53
Masaurhi Buzurg	2535	8503	53
Arles	4368	463	53
Revere	4241	-7101	53
Kangāvar	3450	4797	53
Suphan Buri	1447	10012	53
Beauvais	4943	208	53
Nūzvīd	1679	8085	53
Río Tercero	-3217	-6411	53
Joensuu	6260	2976	53
Cobán	1547	-9037	53
Guliston	4049	6878	53
West New York	4079	-7401	53
Ipojuca	-840	-3506	53
Pasrur	3226	7466	53
Los Polvorines	-3450	-5871	53
Shājāpur	2343	7628	53
Puttūr	1276	7520	53
Chaeryŏng-ŭp	3840	12562	53
Yucaipa	3403	-11704	53
Campos do Jordão	-2274	-4559	53
Sedrata	3613	753	53
Kāsaragod	1250	7499	53
Châteauroux	4681	169	53
São Tomé	34	673	53
Kateríni	4027	2251	53
Ajodhya	2680	8220	53
Sampang	-719	11324	53
Mubārakpur	2609	8329	53
Ōami	3552	14032	53
Gilroy	3701	-12157	53
Mukō	3497	13570	53
Fryazevo	5573	3846	53
Phaltan	1799	7443	53
Hamilton	5577	-403	53
Pensacola	3042	-8722	53
Poinciana	2814	-8146	53
Manokwari	-86	13406	53
Sandīla	2707	8051	53
Tingo María	-930	-7600	53
Camaquã	-3085	-5181	53
Silivri	4107	2825	53
Cholet	4706	-88	53
Zawiercie	5049	1942	53
Ar Rastan	3493	3673	53
Sāgar	1416	7503	53
Sinan	3483	12611	53
Az Zulfī	2630	4482	53
Gummersbach	5103	756	53
Rioverde	2193	-9999	53
San Vicent del Raspeig	3840	-53	53
Tanjungagung	-394	10380	53
Oosterhout	5165	486	53
Gulariyā	2821	8135	53
Banes	2096	-7572	53
Miryang	3549	12875	53
Xankandi	3982	4675	53
El Tocuyo	979	-6979	53
Fréjus	4343	674	53
Thái Bình	2045	10634	53
Hatogaya-honchō	3583	13974	53
Ciudad de Huajuapan de León	1781	-9778	53
Mediaş	4617	2435	53
Lohārdagā	2343	8468	53
Bartolomé Masó	2017	-7694	53
Carpi Centro	4478	1088	53
Kingsport	3655	-8256	53
Makumbako	-885	3483	53
Hassi Messaoud	3168	607	53
Prievidza	4877	1863	53
Levittown	4016	-7483	53
Imola	4436	1171	53
Alexandroupoli	4085	2588	53
Deolāli	1994	7383	53
Shāhābād	1713	7694	53
Bagheria	3808	1351	53
Mercedes	-3465	-5943	53
Waiblingen	4883	932	53
Crateús	-518	-4068	53
Nueva Guinea	1169	-8446	53
Palm Beach Gardens	2682	-8014	53
Pantin	4889	241	53
Livny	5243	3761	53
Manfredonia	4163	1592	53
Tha Maka	1390	9977	53
Patuto	1412	12097	53
Djamaa	3353	599	53
Buseresere	-302	3187	53
Istaravshan	3991	6900	53
Bobbili	1857	8336	53
Chikhli	2035	7626	53
Aversa	4097	1421	53
Verviers	5059	586	53
Limay	1456	12060	53
Nordhorn	5243	707	53
Port Shepstone	-3074	3045	53
Adilcevaz	3880	4273	53
Saint-Brieuc	4852	-277	53
Konch	2599	7915	53
Kudamatsu	3400	13187	53
Milford	4122	-7306	53
Bandar-e Genāveh	2958	5052	53
Kota Tinggi	174	10390	53
Şırnak	3751	4245	53
Delano	3577	-11925	53
Greifswald	5409	1339	53
Lunglei	2289	9274	53
West Sacramento	3858	-12153	53
Madīnat Ḩamad	2612	5051	53
Wulingyuan	2935	11054	53
Slobozia	4456	2736	53
Pithāpuram	1712	8225	53
Yartsevo	5507	3270	53
Huntersville	3541	-8084	53
Amalāpuram	1658	8201	53
Krasnokamsk	5808	5576	53
Ergani	3827	3975	53
Perth Amboy	4051	-7427	53
Río Grande	-5379	-6771	53
Cuxhaven	5387	870	53
Ridder	5034	8351	53
Tuni	1736	8255	53
Wetzlar	5056	850	53
Sumbawa Besar	-849	11742	53
Borūjen	3197	5129	53
Sihor	2171	7196	53
Lubny	5002	3300	53
Dīglūr	1855	7758	53
Zabīd	1420	4332	53
Southaven	3499	-9001	53
Brentwood	5162	31	53
Barbil	2210	8538	53
Amora	3863	-912	53
Saint Peters	3880	-9063	53
Terbanggi Besar	-488	10522	53
Maiquetía	1059	-6696	53
Caucagüito	1049	-6674	53
Harrisonburg	3845	-7887	53
Mongu	-1525	2313	53
Puerto Ayacucho	566	-6758	53
Corroios	3864	-915	53
Biswān	2750	8100	53
Peabody	4253	-7093	53
Bouïra	3637	390	53
Lautoka	-1762	17745	53
Thongwa	1676	9652	52
Placentia	3387	-11787	52
Jaén	-571	-7881	52
Kosi	2779	7744	52
Lenexa	3895	-9473	52
DeSoto	3259	-9686	52
Mollet del Vallès	4154	221	52
Pursat	1254	10392	52
Burlington	3610	-7944	52
Manacapuru	-330	-6062	52
Tromsø	6965	1896	52
Montauban	4402	136	52
South Hill	4714	-12227	52
Kyaiklat	1645	9572	52
Charleville-Mézières	4977	472	52
Sesvete	4583	1612	52
Albi	4393	215	52
Shahr-e Bābak	3012	5512	52
Andradina	-2090	-5138	52
Barra do Garças	-1589	-5226	52
Esher	5137	-37	52
Cascavel	-413	-3824	52
Elkhart	4168	-8598	52
Fredericton	4595	-6667	52
Bergkamen	5162	764	52
Kamifukuoka	3587	13951	52
Ropar	3097	7653	52
La Crosse	4380	-9124	52
Ishioka	3618	14027	52
Naryn	4143	7599	52
Dandeli	1527	7462	52
Oak Park	4189	-8778	52
Mansoûra	3486	-134	52
Shūsh	3219	4824	52
Ponticelli	4085	1433	52
Songling	4029	11827	52
Aïn Defla	3626	197	52
Florissant	3879	-9032	52
Fryazino	5596	3805	52
Sammamish	4764	-12208	52
Maluñgun	628	12528	52
Matamoros	2553	-10323	52
Hervey Bay	-2529	15277	52
Taxco de Alarcón	1855	-9961	52
Zarinsk	5371	8495	52
Wakefield	4090	-7385	52
Ban Talat Yai	788	9840	52
Erbaa	4067	3657	52
Tavşanlı	3954	2950	52
Arandas	2071	-10235	52
Albany	4464	-12311	52
Asenovgrad	4202	2487	52
San Bartolomé de Tirajana	2792	-1557	52
Sarpsborg	5928	1111	52
Sandwīp	2251	9145	52
Crosby	5348	-303	52
Hoffman Estates	4204	-8808	52
Nyagan	6214	6539	52
Reigate	5124	-21	52
Sar-e Pul	3622	6593	52
Tarbes	4323	8	52
Pārvatipuram	1878	8343	52
Fontenay-sous-Bois	4885	248	52
Oumé	638	-542	52
Kimry	5687	3735	52
Mouscron	5074	321	52
Ar Riqqah	2915	4809	52
Ta Khmau	1148	10495	52
Huesca	4214	-41	52
Děčín	5078	1421	52
Walvis Bay	-2296	1451	52
Norton	-1788	3070	52
Thomazeau	1865	-7209	52
Kariya	3475	13439	52
Glendora	3414	-11787	52
Lamía	3890	2243	52
Sātkania	2208	9205	52
Huamantla	1931	-9793	52
Biguaçu	-2749	-4866	52
Busia	46	3411	52
Batatais	-2089	-4759	52
Dunstable	5189	-52	52
Rio do Sul	-2721	-4964	52
Arcot	1291	7932	52
Bryanka	4851	3867	52
Kepanjen	-813	11257	52
Queens Village	4073	-7374	52
Gjilan	4246	2147	52
Usulután	1335	-8845	52
Brookhaven	3386	-8434	52
Gwadar	2512	6233	52
Évry	4863	244	52
Jhālāwār	2460	7616	52
Corralillo	2298	-8059	52
Levittown	4073	-7351	52
Meybod	3225	5402	52
Sa'dah	1694	4376	52
Palm Desert	3372	-11638	52
Bad Homburg vor der Höhe	5023	862	52
Tacuarembó	-3172	-5598	52
Willich	5126	655	52
Puertollano	3869	-411	52
Diyarb Najm	3075	3144	52
Petlād	2248	7280	52
Joplin	3708	-9451	52
Blora	-697	11142	52
Karlovy Vary	5023	1287	52
Umred	2085	7932	52
Orhangazi	4049	2931	52
Enid	3640	-9788	52
Calvià	3957	251	52
Talagante	-3366	-7093	52
Bhātāpāra	2173	8195	52
Kāliyāganj	2563	8833	52
Nasīrābād	2630	7473	52
Horishni Plavni	4901	3364	52
Ijebu-Jesa	768	482	52
Miyako	3965	14194	52
Vidnoye	5555	3771	52
Qoryooley	179	4453	52
Latacunga	-94	-7862	52
Telerghma	3612	635	52
Bonita Springs	2634	-8178	52
Irondequoit	4321	-7758	52
Frankfurt (Oder)	5235	1455	52
Caldwell	4366	-11669	52
Minnetonka	4491	-9350	52
Bitonto	4111	1669	52
Pirapora	-1734	-4494	52
Futtsu	3531	13982	52
Morecambe	5407	-286	52
Idappadi	1159	7784	52
Pedregal	907	-7943	52
Gohadi	2643	7844	52
Pinellas Park	2784	-8270	52
Sarpol-e Z̄ahāb	3446	4586	52
Cumbernauld	5595	-399	52
Tagawa	3363	13080	52
Battle Creek	4232	-8518	52
Maha Sarakham	1618	10330	52
Khagaul	2558	8505	52
Yūki	3630	13988	52
At Tall al Kabīr	3054	3179	52
Rubio	770	-7236	52
Redhill	5124	-17	52
Zhovti Vody	4834	3350	52
Tachilek	2045	9988	52
Minokamo	3548	13702	52
Maubin	1673	9565	52
Takāb	3640	4711	52
Tucupita	906	-6205	52
Emden	5337	721	52
Amparafaravola	-1759	4822	52
Talā	3068	3094	51
Arganda	4030	-344	51
Miura	3514	13962	51
Agustín Codazzi	1004	-7324	51
Horsham	5106	-33	51
Casa Grande	3288	-11176	51
Içara	-2871	-4930	51
Mott Haven	4081	-7392	51
The Villages	2893	-8196	51
Grand Island	4093	-9834	51
Chiplūn	1753	7351	51
Bezerros	-823	-3580	51
Slonim	5309	2532	51
Changanācheri	944	7654	51
Jendouba	3650	878	51
Grapevine	3293	-9708	51
Clamart	4880	227	51
Monkayo	782	12605	51
Neu-Ulm	4839	1001	51
Stratford	4118	-7313	51
Uriangato	2014	-10118	51
Patiya	2230	9198	51
Kentwood	4287	-8564	51
Tarma	-1142	-7569	51
Tulun	5456	10058	51
Lingen	5252	732	51
Marseille 10	4328	542	51
Venice	4544	1233	51
Coronel Oviedo	-2544	-5644	51
Barreiro	3866	-907	51
City of Milford (balance)	4122	-7306	51
Châlons-en-Champagne	4895	437	51
Teoloyucan	1974	-9918	51
Tigard	4543	-12277	51
East Hartford	4178	-7261	51
Rāmnagar	2939	7913	51
Remchi	3506	-143	51
Teplice	5064	1382	51
Apple Valley	4473	-9322	51
Plainfield	4063	-7441	51
Qulsary	4695	5402	51
Birine	3563	323	51
Leesburg	3912	-7756	51
Erftstadt	5081	679	51
Vila-real	3994	-10	51
Serra Talhada	-799	-3830	51
Nahariyya	3301	3510	51
Vejle	5571	954	51
Ibshawāy	2936	3068	51
Horizonte	-410	-3848	51
Séguéla	796	-667	51
Parsippany	4086	-7443	51
Fastiv	5008	2992	51
Coral Gables	2572	-8027	51
Neubrück	5113	664	51
Comal	-691	10953	51
Seydişehir	3742	3185	51
Ivanteyevka	5597	3792	51
Nyeri	-42	3695	51
Noshiro	4021	14003	51
Sillod	2030	7565	51
Staines	5143	-51	51
Mācherla	1648	7944	51
Khalkhāl	3762	4853	51
Melo	-3237	-5417	51
Tadmur	3456	3828	51
Rolândia	-2331	-5137	51
The Hammocks	2567	-8044	51
Jesús Menéndez	2116	-7648	51
Kardzhali	4165	2537	51
Shiraoka	3602	13966	51
Gostivar	4180	2091	51
Bunda	-205	3387	51
Tūndla	2721	7824	51
Acayucan	1795	-9491	51
Żoliborz	5227	2099	51
Beruniy	4169	6075	51
Mannārakkāt	1099	7646	51
Porirua	-4113	17485	51
Ottappālam	1077	7638	51
Whangarei	-3573	17432	51
Hà Đông	2097	10578	51
Buckeye	3337	-11258	51
Vittoria	3695	1453	51
Donetsk	4834	3996	51
Tocumen	909	-7938	51
Kitaibaraki	3679	14075	51
Pontian Kechil	149	10339	51
Flagami	2576	-8032	51
Barranqueras	-2748	-5894	51
Nagykanizsa	4645	1699	51
Batley	5370	-163	51
Catalina Foothills	3230	-11092	51
Legionowo	5240	2093	51
Yerba Buena	-2682	-6532	51
Narbonne	4318	300	51
Goālpāra	2618	9063	51
Kānkānhalli	1255	7742	51
Fuchūchō	3457	13324	51
Zumpango	1980	-9910	51
Gelendzhik	4456	3808	51
Al Miqdādīyah	3398	4494	51
Bingerville	536	-389	51
Kobryn	5221	2436	51
Rajanpur	2910	7033	51
Saint-Malo	4865	-201	51
Mweka	-485	2156	51
Nova Kakhovka	4675	3335	51
Madhupur	2427	8664	51
Karanganom	-765	11063	51
Utrera	3719	-578	51
Oshnavīyeh	3704	4510	51
Merzifon	4087	3546	51
Phetchabun	1642	10116	51
Lakewood	4148	-8180	51
Rohri	2769	6890	51
Lytkarino	5558	3791	51
Saint Croix	1773	-6475	51
Skien	5921	961	51
Ōi	3585	13952	51
Ibbenbüren	5228	771	51
Wellingborough	5230	-69	51
Marechal Deodoro	-971	-3590	51
Madhipura	2592	8679	51
Kingisepp	5937	2861	51
Kizlyar	4385	4671	51
Passau	4857	1343	51
Charkhi Dādri	2859	7627	51
Clacton-on-Sea	5179	116	51
Kawalu	-738	10821	51
São Roque	-2353	-4714	51
Zhob	3134	6945	51
Khorramdarreh	3621	4920	51
Dumraon	2555	8415	51
Dapitan	866	12342	51
Turbo	809	-7673	51
Kavaklı	4109	2833	51
Deçan	4254	2029	51
Gbadolite	428	2100	50
Coari	-408	-6314	50
Laval	4807	-76	50
Hyères	4312	613	50
Kyaukse	2161	9614	50
North La Crosse	4385	-9125	50
Burien	4747	-12235	50
Tarnobrzeg	5057	2168	50
Çarşamba	4120	3672	50
Tafo	673	-161	50
Hua Hin	1257	9996	50
Marhanets’	4764	3463	50
Mahāsamund	2111	8209	50
Langenhagen	5245	974	50
Gallarate	4566	879	50
Madrid	473	-7426	50
Arjona	1025	-7534	50
San Mateo	1021	-6742	50
Schwerte	5144	757	50
Matli	2504	6866	50
North Bay	4632	-7947	50
Dunfermline	5607	-346	50
Gajraula	2885	7824	50
Logan	4174	-11183	50
Khagrachhari	2311	9197	50
Konibodom	4029	7043	50
Ma'an	3020	3573	50
Speyer	4932	843	50
Nkoteng	452	1203	50
Welland	4298	-7925	50
Saint-Hyacinthe	4563	-7296	50
Issia	649	-659	50
Torbalı	3815	2736	50
Olympia	4704	-12290	50
Swedru	554	-70	50
South Peabody	4251	-7095	50
Ābu Road	2448	7278	50
Chomutov	5046	1342	50
Nanjangūd	1212	7668	50
Ono	3485	13493	50
Al Khābūrah	2397	5709	50
Sālūr	1852	8321	50
Chusovoy	5830	5781	50
Sour el Ghozlane	3615	369	50
Bilhorod-Dnistrovskyi	4619	3035	50
Anju	3962	12566	50
Aliso Viejo	3357	-11773	50
Bletchley	5199	-73	50
Galveston	2930	-9480	50
Keighley	5387	-191	50
Poway	3296	-11704	50
Edina	4489	-9335	50
Buta	279	2473	50
Otradnyy	5338	5135	50
Metlili Chaamba	3227	363	50
Minnetonka Mills	4494	-9344	50
Balayan	1394	12073	50
Zacapú	1981	-10179	50
Jihlava	4940	1559	50
Taquaritinga	-2141	-4850	50
Bhongīr	1752	7889	50
Snezhinsk	5609	6073	50
Dunaújváros	4696	1894	50
Ŭiju	4020	12453	50
Inda Silasē	1410	3828	50
Heidenheim an der Brenz	4868	1015	50
Tateyama	3498	13987	50
Jatiroto	-788	11112	50
Aonla	2827	7917	50
Moanda	-593	1237	50
Hayes	5152	-42	50
Rustavi	4156	4498	50
Al-Hamdaniya	3627	4338	50
Arashiyama	3501	13568	50
Ghazieh	3352	3537	50
Hpa-An	1689	9763	50
Putrajaya	294	10169	50
Tipitapa	1220	-8610	50
Juigalpa	1211	-8536	50
Ciudad Sandino	1216	-8634	50
Rawala Kot	3386	7376	50
Monsanto	3946	-871	50
Vatutino	5588	3769	50
Novokhovrino	5587	3750	50
‘Ayn al ‘Arab	3689	3835	50
Ko Samui	954	9994	50
Merelani	-356	3698	50
Stonecrest	3371	-8413	50
Xo‘jayli Shahri	4241	5945	50
Tabas	3360	5692	50
Khagaria	2550	8647	50
Cabiao	1525	12085	50
Cerritos	3386	-11806	50
Dhāmpur	2931	7851	50
Rio Tinto	4118	-856	50
Peine	5232	1024	50
Maun	-1998	2342	50
Sayanogorsk	5309	9140	50
Redford	4238	-8330	50
Belo Jardim	-834	-3642	50
Marano di Napoli	4090	1419	50
San Luis de la Paz	2130	-10052	50
East Honolulu	2129	-15772	50
Doetinchem	5197	629	50
Troy	4273	-7369	50
Mukah	289	11209	50
Paignton	5044	-357	50
Kanash	5551	4749	50
Pordenone	4596	1266	50
Kabba	783	608	50
Monchegorsk	6794	3287	50
Niksar	4059	3695	50
Odienné	951	-756	50
Sardhana	2915	7761	50
Dīdwāna	2740	7458	50
Zaranj	3096	6186	50
Chortoq	4107	7182	50
Neunkirchen	4934	718	50
Falāvarjān	3256	5151	50
Sunnyside	4074	-7394	50
Okhtyrka	5031	3490	50
Sugito	3603	13973	50
Östersund	6318	1464	50
Zaječar	4390	2226	50
Benevides	-136	-4824	50
Kerkrade	5087	606	50
Lota	-3709	-7316	50
Puławy	5142	2197	50
Khemis el Khechna	3665	333	50
Dosso	1305	319	50
Chachoengsao	1369	10107	50
Chilmāri	2556	8967	50
Charleston	3835	-8163	50
Downers Grove	4181	-8801	50
Katoro	-302	3190	50
Azusa	3413	-11791	50
Jalor	2535	7262	50
Keskin	3967	3361	50
Labuhan Deli	373	9867	50
Hadali	3264	7457	50
Myrnohrad	4831	3726	50
Wilson	3572	-7792	50
Irákleio	3805	2377	50
Carcassonne	4321	235	50
Monroe	3251	-9212	50
Llanelli	5168	-416	50
Morong	1452	12124	50
Vryburg	-2696	2473	50
Rājgarh	2864	7539	50
Bārh	2548	8571	50
Tokoname	3488	13685	50
Parker	3952	-10476	50
Badūria	2274	8879	50
Ifakara	-813	3668	50
Wodzisław Śląski	5000	1847	50
La Mirada	3392	-11801	50
Bad Oeynhausen	5221	880	50
Karapınar	3772	3355	50
Apizaco	1941	-9814	50
Shorāpur	1652	7676	50
Īstgāh-e Rāh Āhan-e Garmsār	3523	5231	49
Acireale	3761	1517	49
Angoulême	4565	15	49
Kirkcaldy	5612	-316	49
Belleville	4417	-7738	49
Minot	4823	-10130	49
Nova Odessa	-2278	-4730	49
Nageswari	2597	8969	49
Aloha	4549	-12287	49
Ziway	793	3872	49
Skarżysko-Kamienna	5111	2087	49
Jobabo	2091	-7728	49
Suhum	604	-45	49
Mut	3664	3344	49
La Estrella	616	-7564	49
Satka	5504	5904	49
Hvidovre	5566	1247	49
Cha-am	1280	9997	49
An Nabk	3402	3673	49
Wolmaransstad	-2720	2598	49
Sorokyne	4829	3974	49
Saginaw	4342	-8395	49
Alexandria	4398	2533	49
Bedford	3284	-9714	49
Kizhake Chālakudi	1030	7634	49
Quixadá	-497	-3902	49
Rancho Santa Margarita	3364	-11760	49
Arecibo	1847	-6672	49
Mirpur Mathelo	2802	6955	49
Ruzayevka	5406	4495	49
Edenvale	-2614	2815	49
Cypress	3382	-11804	49
Grangwav	1843	-7277	49
Tomioka	3625	13890	49
Dornbirn	4741	974	49
Libertador General San Martín	-2381	-6479	49
eSikhaleni	-2887	3190	49
Scafati	4076	1454	49
Pedro Leopoldo	-1962	-4404	49
Murray	4067	-11189	49
Hof	5031	1191	49
Timimoun	2926	23	49
Annecy	4591	613	49
I-n-Salah	2719	246	49
Mutsu	4129	14122	49
Bentong Town	352	10191	49
Liloan	1040	12400	49
Emiliano Zapata	1884	-9918	49
Radomsko	5107	1944	49
Abū ‘Arīsh	1697	4283	49
Copacabana	635	-7551	49
New Plymouth	-3907	17408	49
Paghmān	3459	6895	49
Moncalieri	4500	768	49
Cuyahoga Falls	4113	-8148	49
Rehnān	3268	5160	49
Porto Ferreira	-2185	-4748	49
Coeur d'Alene	4768	-11678	49
Bloomfield	4081	-7419	49
Gampengrejo	-777	11202	49
Bromsgrove	5234	-206	49
Sidlaghatta	1339	7786	49
Goshogawara	4080	14044	49
Hacienda La Calera	-3278	-7122	49
Balneário Camboriú	-2699	-4863	49
Viareggio	4387	1025	49
Harrisburg	4027	-7688	49
Serrinha	-1166	-3901	49
Ibitinga	-2176	-4883	49
Kleve	5179	614	49
Saiki	3295	13190	49
Fujiyoshida	3544	13880	49
Dāhānu	1997	7271	49
Touggourt	3311	606	49
Trstenik	4362	2100	49
Skierniewice	5195	2016	49
Port of Spain	1067	-6152	49
Bannu	3299	7060	49
Dompu	-854	11846	49
Pajok	387	3248	49
Pak Chong	1471	10142	49
Rowland Heights	3398	-11791	49
Verkhnyaya Salda	5805	6056	49
Covina	3409	-11789	49
Kampen	5255	591	49
Khān Shaykhūn	3544	3665	49
Valladolid	2069	-8820	49
Stillwater	3612	-9706	49
Qiryat Ata	3281	3511	49
T’aebaek	3718	12899	49
Peć	4266	2029	49
Gatak	-759	11070	49
Rasipuram	1146	7819	49
Sittingbourne	5134	73	49
Viedma	-4081	-6300	49
Benevento	4113	1478	49
Dollard-Des Ormeaux	4549	-7382	49
Rosso	1651	-1581	49
Osinniki	5362	8736	49
Valle Hermoso	2567	-9781	49
Niagara Falls	4309	-7906	49
Novyy Turtkul’	4155	6102	49
Singaparna	-735	10811	49
Punganūru	1337	7857	49
Collierville	3504	-8966	49
Mandapeta	1686	8193	49
Summerville	3302	-8018	49
Nekā	3665	5330	49
Poonamalle	1305	8011	49
Waingapu	-966	12026	49
Ravensburg	4778	961	49
South Benfleet	5155	56	49
Barpeta	2632	9101	49
Cornwall	4502	-7473	49
Congonhas	-2051	-4386	49
Al Balyanā	2624	3200	49
Sheboygan	4375	-8771	49
Kolokani	1357	-803	49
Middletown	3952	-8440	49
Aspen Hill	3908	-7707	49
Velasco Ibarra	-104	-7964	49
Boituva	-2328	-4767	49
San Pedro	2576	-10298	49
União da Vitória	-2623	-5109	49
Frechen	5091	681	49
Dunwoody	3395	-8433	49
Verrettes	1905	-7247	49
Crotone	3908	1713	49
Elmshorn	5375	965	49
‘Afrīn	3651	3687	49
Megion	6103	7611	49
Ibiza	3891	143	49
San Juan de los Lagos	2125	-10233	49
Dullewala	3183	7144	49
Saint-André	-2096	5565	49
Weert	5125	571	49
Kyaikto	1731	9701	49
Banbury	5206	-134	49
Tamlūk	2230	8793	49
Bhabhua	2504	8361	49
Consolacion	1038	12396	49
Huntington	3842	-8245	49
Martaban	1653	9762	49
Biel/Bienne	4714	725	49
Plato	979	-7478	49
Maricopa	3306	-11205	49
Floriano	-677	-4302	49
Masuda	3467	13185	49
Trollhättan	5828	1229	49
Romny	5075	3347	49
Parobé	-2963	-5083	49
Kathua	3237	7553	49
Torzhok	5704	3496	49
Vigan	1757	12039	49
Roswell	3339	-10452	49
Panchagarh	2633	8856	49
Bornheim	5076	699	49
Cedar Hill	3259	-9696	49
Nangal	3139	7638	48
East Brunswick	4043	-7442	48
Cornélio Procópio	-2318	-5065	48
Senhor do Bonfim	-1046	-4019	48
East Lansing	4274	-8448	48
Tafí Viejo	-2673	-6526	48
Sombor	4577	1911	48
Chigorodó	767	-7668	48
Velletri	4169	1278	48
Woerden	5209	488	48
Cojutepeque	1372	-8893	48
Asadābād	3487	7115	48
Sittard	5100	587	48
Nihtaur	2932	7839	48
Apopka	2868	-8151	48
Banyumas	-751	10929	48
Solok	-80	10066	48
Baracoa	2035	-7450	48
Nonoichi	3653	13662	48
Kurayoshi	3543	13382	48
Bulungu	-454	1860	48
Maspeth	4072	-7391	48
Kutno	5223	1936	48
Shibukawa	3648	13900	48
West Bridgford	5293	-113	48
Mitcham	5140	-17	48
Kuybyshev	5545	7832	48
Uttar Char Fasson	2223	9071	48
Mao	1955	-7108	48
Pameungpeuk	-702	10760	48
Kyustendil	4228	2269	48
Wheaton	3904	-7706	48
Shtip	4175	2220	48
Bondy	4890	249	48
Paniqui	1567	12058	48
Mishawaka	4166	-8616	48
Ami	3603	14020	48
Azrou	3343	-522	48
Banting	281	10150	48
Annaka	3633	13890	48
Morden	5140	-20	48
Vsevolozhsk	6002	3067	48
Xánthi	4113	2489	48
Saipan	1521	14575	48
Bājil	1506	4329	48
Starogard Gdański	5396	1853	48
Ust’-Kut	5679	10577	48
Palpalá	-2426	-6521	48
Bayombong	1648	12115	48
Ponte Nova	-2042	-4291	48
Muğla	3722	2837	48
Portage	4220	-8558	48
Cwmbran	5165	-302	48
Buduran	-743	11272	48
Alaşehir	3835	2852	48
Puerto Francisco de Orellana	-47	-7699	48
Lachhmangarh Sīkar	2782	7503	48
West Orange	4080	-7424	48
Cava Dè Tirreni	4070	1471	48
Concepción	-2340	-5743	48
McLean	3893	-7718	48
Portugalete	4332	-302	48
Avellino	4091	1479	48
Birni N Konni	1380	525	48
Kyaikkami	1608	9756	48
Donggang	2247	12045	48
Tiruvallur	1314	7991	48
Escada	-836	-3522	48
Le Blanc-Mesnil	4894	246	48
Vernon	5003	-12636	48
Ash Shuhadā’	3060	3090	48
Taquara	-2965	-5078	48
Bābolsar	3670	5265	48
Villejuif	4879	236	48
Soest	5158	811	48
Sri Dūngargarh	2810	7401	48
Colonia del Sol	2291	-10993	48
Santa Ana Chiautempan	1931	-9819	48
Kibuye	-206	2935	48
Parbatipur	2566	8893	48
Puerto Cortez	1583	-8793	48
Shināş	2474	5647	48
Iwakura	3528	13687	48
North Vancouver	4932	-12307	48
Givatayim	3207	3481	48
Sīdī Sālim	3127	3079	48
Newark	4006	-8240	48
Titahari	2666	8727	48
El Kef	3617	870	48
Phú Khương	1128	10613	48
Raxaul	2698	8485	48
Ceres	3759	-12096	48
El Carmen de Bolívar	972	-7512	48
Svitlovods’k	4905	3324	48
Sousa	-676	-3823	48
Bhamo	2425	9723	48
Siruguppa	1563	7689	48
Hala	2581	6842	48
Rastatt	4886	821	48
Waterford	5226	-711	48
Long Eaton	5290	-127	48
Guaxupé	-2131	-4671	48
Alexandria	3131	-9245	48
Goianésia	-1532	-4912	48
Saint-Louis	-2129	5541	48
Bāruipur	2235	8844	48
Chesterfield	3866	-9058	48
Māndvi	2283	6935	48
Mājalgaon	1916	7621	48
Cruz das Almas	-1267	-3910	48
Ratnapura	669	8040	48
Tierra Blanca	1845	-9636	48
Aībak	3626	6802	48
Juhaynah	2667	3150	48
Barnstable	4170	-7030	48
Ratodero	2780	6829	48
Warud	2147	7827	48
Erkrath	5122	691	48
Wānkāner	2261	7094	48
Salina	3884	-9761	48
Lawrence	3984	-8603	48
Ol Kalou	-27	3638	48
Durham	5478	-158	48
Krosno	4969	2177	48
Navegantes	-2690	-4865	48
Luwuk	-95	12279	48
Churāchāndpur	2433	9367	48
Cosmópolis	-2265	-4720	48
Narathiwat	643	10182	48
Capanema	-120	-4718	48
Hammam-Lif	3673	1034	48
Foligno	4295	1270	48
Sungai Raya	70	10890	48
Sufālat Samā’il	2332	5802	48
Bel Air South	3951	-7632	48
Pearl City	2140	-15798	48
Kurganinsk	4488	4060	48
Raduzhny	6210	7747	48
Euclid	4159	-8153	48
Leribe	-2887	2805	48
Greve	5558	1230	48
Dumka	2427	8725	48
Amahai	-334	12892	48
Talegaon Dābhāde	1874	7368	48
Merouana	3563	591	48
Hunsūr	1230	7629	48
Jacobina	-1118	-4051	48
Roseville	4250	-8294	48
Balung	-773	11392	48
Itamaraju	-1704	-3953	48
San Lorenzo	-2813	-5877	48
Texas City	2938	-9490	48
Wauwatosa	4305	-8801	48
Marijampolė	5456	2335	48
Mtsensk	5328	3657	48
Nichelino	4500	765	48
Maumere	-862	12221	48
Tamworth	-3109	15093	48
Āzādshahr	3709	5517	48
Badulla	698	8106	48
Bedong	573	10051	48
Grasse	4366	693	48
Heerhugowaard	5267	485	48
Aného	623	159	48
Suluova	4083	3565	48
Pithorāgarh	2958	8021	48
Jangaon	1773	7915	48
Kafue	-1577	2818	48
Civitavecchia	4209	1180	48
Belaya Kalitva	4819	4077	48
Florin	3850	-12141	48
Atraulī	2803	7829	48
Narsimhapur	2295	7918	48
Rūdsar	3714	5029	48
Dülmen	5183	728	47
Alajuela	1002	-8421	47
Campo Belo	-2090	-4528	47
Masbate	1237	12362	47
Hódmezővásárhely	4642	2033	47
Aznā	3361	4893	47
Mutengene	409	931	47
Twin Falls	4256	-11446	47
Mulbāgal	1316	7839	47
Shelekhov	5221	10409	47
San Pedro	-3368	-5967	47
Kiryat Gat	3161	3476	47
Catarman	1250	12464	47
Glenview	4207	-8779	47
Montana	4341	2323	47
Frankenthal	4953	835	47
Mudhol	1633	7528	47
Northwich	5326	-252	47
Serowe	-2239	2671	47
Gudalur	968	7725	47
Gryazi	5250	3994	47
Kon Tum	1435	10801	47
East Providence	4181	-7137	47
Herzogenrath	5087	609	47
Cutral-Có	-3893	-6923	47
Luang Prabang	1989	10214	47
Prostějov	4947	1711	47
Urgut Shahri	3942	6726	47
Palm Springs	3383	-11655	47
Dębica	5005	2141	47
Şebin Karahisar	4029	3842	47
Barwāni	2203	7490	47
San Luis Obispo	3528	-12066	47
Sevran	4894	253	47
Kifisiá	3807	2381	47
Jodhpur	2190	7003	47
Candaba	1510	12083	47
Přerov	4946	1745	47
Itaberaba	-1253	-4031	47
Volkovysk	5316	2445	47
Buea	415	924	47
Rijswijk	5204	433	47
Chegutu	-1813	3014	47
Pran Buri	1238	9990	47
Shchuchinsk	5294	7019	47
Chabahar	2529	6064	47
Invercargill	-4640	16835	47
Ursus	5220	2088	47
Nysa	5047	1733	47
Castres	4361	224	47
Vernon	5027	-11927	47
Mozhga	5644	5223	47
Punalūr	902	7692	47
Hämeenlinna	6100	2446	47
Dome	565	-24	47
Methuen	4273	-7119	47
Chalon-sur-Saône	4678	485	47
Ar Rumaythah	3153	4520	47
San José Pinula	1455	-9041	47
Meru	5	3766	47
Tire	3809	2774	47
Sasayama	3507	13522	47
Rwamagana	-195	3043	47
Sawara	3588	14050	47
Duekoué	674	-735	47
Marseille 04	4330	540	47
Porvoo	6039	2567	47
Ayr	5546	-463	47
Kintampo	806	-173	47
Padrauna	2690	8398	47
Perth	5640	-343	47
Florida	332	-7623	47
Jovellanos	2280	-8119	47
Dzerzhinsky	5563	3786	47
Lancaster	5405	-280	47
Santa Ana	1510	12077	47
P’ot’i	4214	4167	47
Jatoi Shimali	2952	7084	47
Tres Arroyos	-3837	-6028	47
Viterbo	4242	1211	47
Gumia	2380	8583	47
Mandeville	1804	-7751	47
Poso	-140	12075	47
Country Club	2595	-8032	47
Battipaglia	4061	1498	47
Oued Lill	3683	1004	47
Kissidougou	918	-1010	47
Rho	4553	904	47
Jawhar	278	4550	47
Bail-Hongal	1581	7486	47
Shujālpur	2341	7671	47
Arras	5029	278	47
San Remo	4382	778	47
Kulu	3910	3308	47
Dīla	642	3832	47
Boulogne-sur-Mer	5073	161	47
Lörrach	4761	766	47
Tipton	5253	-207	47
Beryozovsky	5691	6080	47
Ilaro	689	301	47
Inashiki	3596	14032	47
Amursk	5024	13688	47
Orion	1462	12058	47
São José do Rio Pardo	-2160	-4689	47
Omīdīyeh	3076	4970	47
Santurtzi	4333	-303	47
Tlapa de Comonfort	1755	-9858	47
Tizimín	2114	-8815	47
Madison	3470	-8675	47
Jeffersonville	3828	-8574	47
Vitina	4232	2136	47
San Jacinto	3378	-11696	47
Chelles	4888	259	47
Jaisingpur	1678	7455	47
Chenārān	3665	5912	47
Cagnes-sur-Mer	4366	715	47
Gujō	3574	13696	47
Mentor	4167	-8134	47
Agrínio	3862	2141	47
Saint-Herblain	4722	-165	47
Inverness	5748	-422	47
Berat	4071	1995	47
Ţāmiyah	2948	3096	47
Esplugues de Llobregat	4138	209	47
Chatrā	2421	8487	47
Al Jubayhah	3201	3590	47
Karlovac	4549	1555	47
Mansfield	4076	-8252	47
Pāchora	2067	7535	47
Patancheru	1753	7826	47
Wejherowo	5461	1824	47
Hattiesburg	3133	-8929	47
San Pedro Ayampuc	1478	-9045	47
Singkil	229	9779	47
Panna	2472	8019	47
Phalodi	2713	7237	47
Draper	4052	-11186	47
Yeola	2004	7449	47
Naka	3605	14017	47
Middletown	4156	-7265	47
Santo Amaro	-1255	-3871	47
Karkira	3693	659	47
Choma	-1681	2699	47
Nakama	3382	13071	47
Leopoldina	-2153	-4264	47
Stepnogorsk	5235	7188	47
Njombe	-935	3477	47
Sheikhpura	2514	8584	47
São Domingos de Rana	3870	-934	47
Ventanas	-144	-7946	47
Wylie	3302	-9654	47
Tomé	-3662	-7296	47
Suruç	3698	3843	47
Columbus	3920	-8592	47
Gori	4198	4412	47
Surin	1488	10349	47
Albstadt	4822	903	47
El Hadjar	3680	774	47
Gulāothi	2859	7779	47
Garoua Boulaï	588	1455	47
Gotha	5095	1070	47
Santiago	-2919	-5487	47
Smyrna	3598	-8652	47
Phetchaburi	1311	9994	47
Figueira da Foz	4015	-886	47
Kurchatov	5166	3565	47
Charlottesville	3803	-7848	47
Panauti	2758	8552	47
Lecco	4586	940	47
Erdemli	3660	3431	47
Mikkeli	6169	2727	47
Seohāra	2921	7859	47
Jauharabad	3229	7228	47
Vagharshapat	4017	4429	47
Douai	5037	308	47
Lucaya	2653	-7867	47
Collegno	4508	757	47
Twante	1671	9593	47
Melle	5220	834	47
Corato	4115	1641	47
Zahirābād	1768	7761	47
Chebarkul’	5497	6036	47
Toyooka	3554	13482	47
Sarakhs	3654	6116	46
Blainville	4567	-7388	46
Middelburg	5150	361	46
Lincoln	3889	-12129	46
Breves	-168	-5048	46
Ciechanów	5288	2062	46
Kārsiyāng	2688	8828	46
Shepetivka	5019	2706	46
Cuneo	4439	755	46
Emmeloord	5271	575	46
Lacey	4703	-12282	46
Manglaur	2979	7788	46
Beni Saf	3530	-138	46
Littleton	3961	-10502	46
Gangākher	1897	7675	46
Bagong Pagasa	1466	12103	46
Nohar	2918	7477	46
Kilmarnock	5561	-450	46
Bani Walid	3175	1398	46
Alsdorf	5088	616	46
Nadym	6553	7252	46
Chum Phae	1654	10210	46
Staryy Malgobek	4354	4460	46
Ganj Dundwāra	2773	7894	46
Boca Chica	1845	-6960	46
Barranca	-1075	-7777	46
Böblingen	4868	901	46
Banstead	5132	-21	46
Nānpāra	2786	8150	46
Beavercreek	3971	-8406	46
Komoro	3632	13843	46
Curup	-347	10252	46
Menzel Bourguiba	3715	979	46
Kibungo	-216	3054	46
Sadao	664	10042	46
Paderno Dugnano	4557	916	46
Batu Gajah	447	10104	46
Cachoeiras de Macacu	-2246	-4265	46
Atarra	2529	8057	46
Gronau	5221	702	46
Teghra	2549	8594	46
Épinay-sur-Seine	4895	232	46
Kannapolis	3549	-8062	46
Neath	5166	-380	46
Rheda-Wiedenbrück	5185	830	46
Bhaisa	1911	7796	46
Kilifi	-363	3985	46
Pechora	6515	5722	46
Bitlis	3840	4211	46
King's Lynn	5275	40	46
Penco	-3674	-7300	46
Bat Khela	3462	7197	46
Winchester	5107	-132	46
Kohtla-Järve	5940	2727	46
At Tāj	2420	2329	46
Everett	4241	-7105	46
Binghamton	4210	-7592	46
Rivoli	4507	751	46
Paternò	3757	1490	46
Cypress	2997	-9570	46
Dondaicha	2132	7457	46
Balfour	-2666	2859	46
Dehlorān	3269	4727	46
Damaturu	1175	1196	46
Safonovo	5511	3323	46
Gavà	4131	200	46
Montesilvano Marina	4251	1415	46
Mahdia	3550	1106	46
Vite	1727	7454	46
Peddāpuram	1708	8214	46
Tindouf	2767	-815	46
Rasskazovo	5266	4188	46
Elmhurst	4190	-8794	46
La Lima	1543	-8792	46
Mazara del Vallo	3766	1259	46
Neustadt am Rübenberge	5250	946	46
Kot Radha Kishan	3117	7410	46
Mongaguá	-2409	-4662	46
Kamen	5159	766	46
Vincennes	4885	244	46
Mahmudābād	2729	8112	46
Kol’chugino	5630	3938	46
Chivacoa	1016	-6889	46
Kahna Nau	3137	7437	46
Hikari	3395	13195	46
Şafwá	2665	4996	46
San Benedetto del Tronto	4296	1388	46
Barrow in Furness	5411	-323	46
Uozu	3680	13740	46
Pakur	2464	8784	46
Gbarnga	700	-947	46
Jalapa	1463	-8999	46
Irati	-2547	-5065	46
Cherthala	968	7634	46
Mashtūl as Sūq	3036	3138	46
Al Ḩāmūl	3131	3115	46
Casalnuovo di Napoli	4091	1434	46
Mustafābād	3089	7350	46
Coyhaique	-4558	-7207	46
Bugo	851	12476	46
Cologno Monzese	4553	928	46
Yeovil	5094	-263	46
City of Sammamish	4760	-12204	46
Higashine	3844	14040	46
Wajir	175	4006	46
Antelope	3871	-12133	46
Nāyudupet	1391	7989	46
Bauta	2298	-8255	46
Keller	3293	-9725	46
Hamada	3488	13208	46
Martigues	4341	506	46
Hālol	2250	7347	46
Leonberg	4880	902	46
Registro	-2449	-4784	46
Tianguá	-373	-4099	46
Singen	4776	884	46
Zwijndrecht	5182	463	46
Vahdat	3856	6901	46
Port Macquarie	-3143	15291	46
Kharar	3075	7665	46
Volkhov	5993	3234	46
Burhānuddin	2250	9072	46
Chak Thirty-one -Eleven Left	3042	7270	46
Tamana	3295	13057	46
Puttalam	804	7983	46
Çumra	3757	3277	46
Bhadrāchalam	1767	8089	46
Sesto Fiorentino	4383	1120	46
Coatepeque	1470	-9186	46
Kafranbel	3561	3656	46
Chaïdári	3801	2367	46
Rāmpura	3026	7524	46
Biloxi	3040	-8889	46
Stade	5359	948	46
Kālīganj	2341	8914	46
Komotiní	4112	2541	46
Waalwijk	5168	507	46
Acre	3293	3508	46
Vercelli	4532	842	46
Middleton	5355	-220	46
Eilat	2956	3495	46
Apex	3573	-7885	46
Argungu	1274	453	46
Pozzuoli	4084	1410	46
Havant	5086	-99	46
Sama	4330	-568	46
Ain Sukhna	2960	3232	46
West Lafayette	4043	-8691	46
Dohār	2359	9014	46
Misterbianco	3752	1501	46
Numata	3663	13905	46
Carshalton	5137	-17	46
Afif	2391	4292	46
Mattanur	1193	7557	46
Strumica	4144	2264	46
Neyrīz	2920	5433	46
Yefremov	5315	3810	45
Mumias	33	3449	45
Voi	-340	3856	45
Santo Domingo	2259	-8024	45
Shertallai	969	7634	45
San Giorgio a Cremano	4083	1434	45
Sironj	2410	7769	45
Lagarto	-1092	-3765	45
Daund	1847	7458	45
Marseille 03	4330	538	45
Centar Župa	4148	2056	45
Hennef	5078	728	45
Bünde	5220	859	45
Anzio	4145	1262	45
Titusville	2861	-8081	45
Autlán de Navarro	1977	-10437	45
Liberia	1064	-8544	45
Parlākimidi	1878	8409	45
Pujali	2247	8815	45
Sololá	1477	-9118	45
Ashta	2302	7672	45
Santiago de Veraguas	810	-8098	45
Altoona	4052	-7839	45
Nandikotkūr	1586	7827	45
Dédougou	1246	-346	45
Bourg-en-Bresse	4621	523	45
Youkaichi	3512	13620	45
Kanevskaya	4608	3896	45
’Aïn el Turk	3574	-77	45
Khalīlābād	2677	8307	45
Soccavo	4085	1419	45
Nanao	3705	13697	45
Chittaranjan	2386	8690	45
Hashtpar	3780	4891	45
Salcedo	1938	-7042	45
Chiquinquirá	562	-7382	45
Obita	3282	12988	45
Huizen	5230	524	45
Pāthardih	2367	8643	45
Vlissingen	5144	357	45
Iţsā	2924	3079	45
Spassk-Dal’niy	4460	13283	45
Wismar	5389	1145	45
Saint Louis Park	4495	-9335	45
Hinckley	5254	-138	45
Moreno	-812	-3509	45
Mariana	-2038	-4342	45
Maţāy	2842	3078	45
Enfield	4198	-7259	45
Cametá	-224	-4950	45
Olímpia	-2074	-4891	45
Urla	3832	2676	45
Dūngarpur	2384	7371	45
Shebekino	5041	3691	45
San Isidro	-3447	-5853	45
Ridderkerk	5187	460	45
Chernyakhovsk	5463	2182	45
Mandlā	2260	8037	45
Beveren	5121	426	45
Antequera	3702	-456	45
Midelt	3269	-475	45
Boudouaou	3673	341	45
Tôlanaro	-2503	4698	45
Takikawa	4355	14191	45
Timbaúba	-751	-3532	45
Leiria	3974	-881	45
Mazatlan	2519	-9983	45
Akçaabat	4102	3957	45
Forbesganj	2630	8727	45
Dublin	4010	-8311	45
Nocera Inferiore	4075	1465	45
Chiapa de Corzo	1671	-9301	45
Iganga	61	3347	45
Soest	5217	529	45
Tung Chung	2229	11394	45
Hokuto	3583	13840	45
Devinuwara	593	8059	45
Zuwārah	3293	1208	45
Myawadi	1669	9851	45
Paşcani	4725	2672	45
Tuckahoe	3759	-7756	45
Koysinceq	3608	4463	45
Harpanahalli	1479	7599	45
Sariaya	1396	12153	45
Roermond	5119	599	45
Itānagar	2709	9361	45
Potomac	3902	-7721	45
Bobigny	4891	245	45
Cleveland Heights	4152	-8156	45
Montluçon	4634	260	45
Talagang	3293	7242	45
Sykiés	4065	2295	45
Gumlā	2304	8454	45
Scandicci	4375	1119	45
Dededo Village	1352	14484	45
Tefé	-337	-6472	45
Ozar	2009	7393	45
Afula	3261	3529	45
Parang	737	12427	45
Zyryanovsk	4973	8427	45
Candi Prambanan	-775	11049	45
Mondlo	-2798	3072	45
Sayreville	4046	-7436	45
Golpāyegān	3345	5029	45
Vallenar	-2858	-7076	45
Kimje	3580	12689	45
Aliağa	3880	2697	45
Jablonec nad Nisou	5072	1517	45
Orani	1480	12054	45
Taunsa	3070	7065	45
Cutler Bay	2558	-8034	45
Piripiri	-427	-4178	45
Pasaje	-333	-7981	45
Muntilan	-758	11029	45
Angol	-3780	-7272	45
Canlaon	1039	12322	45
Skhirate	3385	-703	45
Aubagne	4329	557	45
Bhīmunipatnam	1789	8345	45
Hackensack	4089	-7404	45
Jamundí	326	-7653	45
Dráma	4115	2415	45
Tānda	2898	7894	45
Valenciennes	5036	353	45
Wiener Neustadt	4780	1623	45
Itararé	-2411	-4933	45
Aksu	5204	7693	45
Ishigaki	2434	12416	45
Danlí	1403	-8658	45
Rumia	5457	1839	45
Ibiporã	-2327	-5105	45
Strezhevoy	6073	7759	45
Pine Bluff	3423	-9200	45
Orlândia	-2072	-4789	45
Berastagi	319	9851	45
Kapadvanj	2302	7307	45
Herning	5614	898	45
San Buenaventura	1930	-9886	45
Ṭikāpur	2853	8112	45
Nettuno	4146	1266	45
May Pen	1796	-7725	45
Richard-Toll	1646	-1570	45
Chone	-70	-8009	45
Al ‘Azīzīyah	3291	4506	45
Si Sa Ket	1511	10433	45
Salisbury	5107	-180	45
Amberg	4944	1186	45
Beaufort West	-3236	2258	45
Kanye	-2497	2533	45
Bambanglipuro	-795	11028	45
West Seneca	4285	-7880	45
Pontefract	5369	-131	45
Suresnes	4887	223	45
Alzira	3915	-43	45
Linden	601	-5831	45
Strongsville	4131	-8184	45
Ponte de Lima	4177	-858	45
Meudon	4881	223	45
Erkelenz	5108	632	45
Gbawe	558	-31	45
Keşan	4086	2663	45
Coachella	3368	-11617	45
Kirtipur	2768	8528	45
Pradera	342	-7624	45
Homburg	4933	734	45
Marseille 05	4330	540	45
Straubing	4888	1257	45
Berriane	3283	377	45
Kamen’-na-Obi	5379	8134	45
Mae Sot	1672	9857	45
West End	4928	-12313	45
Akhtubinsk	4828	4617	45
Mawlaik	2364	9440	45
Drachten	5311	610	45
Oued Fodda	3619	153	45
Nsawam	581	-35	45
Cabaiguán	2208	-7950	45
Halle Neustadt	5148	1192	45
Zduńska Wola	5160	1894	45
Frosinone	4164	1334	45
Zvolen	4857	1915	45
Bentonville	3637	-9421	44
Thoubāl	2464	9400	44
Fort Pierce	2745	-8033	44
Camocim	-290	-4084	44
Mahalapye	-2310	2681	44
Denia	3884	11	44
Véroia	4052	2220	44
Bridgewater	4060	-7465	44
Koesan	3681	12779	44
Beyşehir	3768	3172	44
Mairinque	-2355	-4718	44
Morār	2623	7822	44
Memāri	2318	8810	44
Chieti	4235	1416	44
Sieradz	5160	1873	44
Aliwal North	-3069	2671	44
Regla	2313	-8233	44
Alcamo	3798	1296	44
Nellikkuppam	1178	7967	44
Fayzabad	3712	7058	44
Danville	3782	-12200	44
Bayonne	4349	-147	44
Angul	2084	8510	44
Karmi’el	3292	3531	44
Kołobrzeg	5418	1558	44
Istres	4351	499	44
Bluefields	1201	-8376	44
Fria	1037	-1358	44
Cuscatancingo	1373	-8918	44
Kan’onjichō	3413	13365	44
Indaial	-2690	-4923	44
Medak	1805	7826	44
Hājīganj	2325	9086	44
Kālpi	2612	7973	44
Oakland Park	2617	-8013	44
Thionville	4936	616	44
Morón	1049	-6820	44
Thatta	2475	6792	44
Hodal	2789	7737	44
Radès	3677	1027	44
Onoda	3400	13118	44
Aracati	-456	-3777	44
Ketanggungan	-694	10889	44
Roskilde	5564	1208	44
Tsubame	3766	13893	44
Birecik	3703	3798	44
Attleboro	4194	-7129	44
Rāmnagar	2527	8303	44
Moyobamba	-603	-7697	44
Villa Constitución	-3323	-6033	44
Phumĭ Véal Srê	1098	10478	44
Arsikere	1331	7626	44
Mantes-la-Jolie	4899	172	44
Lagunillas	1013	-7126	44
Karacabey	4021	2836	44
Winneba	535	-62	44
Compiègne	4942	283	44
Nichinan	3160	13137	44
Severn	3914	-7670	44
Kasoa	553	-42	44
Blacksburg	3723	-8041	44
Haltom City	3280	-9727	44
Pärnu	5839	2450	44
Petroşani	4542	2337	44
Nidadavole	1691	8167	44
Ţūlkarm	3231	3503	44
Lompoc	3464	-12046	44
Boû Arfa	3646	281	44
Brühl	5083	690	44
Krasnyy Sulin	4789	4007	44
Al Badārī	2699	3142	44
Mazatenango	1453	-9150	44
Jhajjar	2861	7666	44
Settimo Torinese	4514	777	44
Sarai Alamgir	3290	7376	44
Şereflikoçhisar	3894	3354	44
Ålesund	6247	615	44
Wesley Chapel	2824	-8233	44
Ust’-Labinsk	4521	3969	44
Myski	5371	8780	44
Baranoa	1079	-7492	44
Usinsk	6599	5753	44
Mieres	4325	-577	44
Varangaon	2102	7591	44
Urbandale	4163	-9371	44
Souq Larb’a al Gharb	3469	-600	44
Inhumas	-1636	-4950	44
Thohoyandou	-2295	3048	44
Monte Carmelo	-1872	-4750	44
Rembangan	-670	11134	44
Binmaley	1603	12027	44
Rtishchevo	5226	4379	44
Piendamo	264	-7653	44
Alapayevsk	5785	6170	44
York	3996	-7673	44
Nevers	4699	316	44
Usta Muhammad	2818	6804	44
Kachkanar	5870	5948	44
Goiana	-756	-3500	44
North Miami Beach	2593	-8016	44
Coatbridge	5586	-402	44
El Centro	3279	-11556	44
Sayansk	5411	10216	44
Považská Bystrica	4912	1842	44
Fellbach	4881	928	44
Lashkar Gāh	3159	6437	44
Rego Park	4073	-7385	44
Lehrte	5237	998	44
Hāgere Hiywet	898	3785	44
Cajazeiras	-689	-3856	44
Nordhausen	5150	1080	44
Sutton in Ashfield	5313	-126	44
Adrar	2787	-29	44
Nabire	-336	13550	44
Cleveland	3516	-8488	44
San Germán	2060	-7613	44
Jammalamadugu	1485	7838	44
Lahr	4834	787	44
Salinas	-221	-8095	44
Jasdan	2204	7121	44
Eisenach	5098	1032	44
Nonsan	3620	12708	44
Kendrāparha	2050	8642	44
Chartres	4845	149	44
El Attaf	3622	167	44
Grantham	5291	-64	44
Jales	-2027	-5055	44
Hoeryŏng	4244	12975	44
Tutayev	5789	3954	44
North Bethesda	3904	-7712	44
Llefià	4144	222	44
Hagi	3440	13142	44
Batouri	443	1437	44
Merthyr Tydfil	5175	-338	44
Beaumont	3393	-11698	44
Gobārdānga	2288	8875	44
Paso de los Libres	-2971	-5709	44
Lombard	4188	-8801	44
Great Sankey	5339	-264	44
Yellandu	1759	8032	44
Bountiful	4089	-11188	44
Kamra	3375	7351	44
Merta	2665	7403	44
Mislata	3948	-42	44
Gebog	-674	11084	44
Guarabira	-685	-3549	44
Três Pontas	-2137	-4551	44
Murzuq	2592	1392	44
Polavaram	1725	8164	44
Lambayeque	-670	-7991	44
Basoko	124	2362	44
North Lauderdale	2622	-8023	44
Colmenar Viejo	4066	-377	44
Kanuru	1629	8125	44
Jerada	3431	-216	44
Ranchuelo	2237	-8015	44
Mexico	1506	12072	44
Jilib	49	4279	44
Greenock	5595	-476	44
Pattani	687	10125	44
Mladá Boleslav	5041	1490	44
Kosonsoy	4125	7155	44
Hoyerswerda	5144	1424	44
Ashton-under-Lyne	5349	-210	44
Freiberg	5091	1334	44
Godda	2483	8721	44
Kotputli	2770	7620	44
Bulancak	4094	3823	44
Pāndhurnā	2160	7853	44
Leigh	5350	-252	44
Burleson	3254	-9732	44
Sertolovo	6014	3020	44
Picsi	-672	-7977	44
Ocoee	2857	-8154	44
Siguiri	1142	-917	44
Gereshk	3182	6457	44
Pirmasens	4920	761	44
Luleå	6558	2215	44
Santa Lucía	-3154	-6850	44
Oro Valley	3239	-11097	44
Bắc Ninh	2119	10608	44
Farah	3237	6212	44
Goslar	5190	1043	44
Chatham	4241	-8218	44
Filderstadt	4866	922	44
Ḩajjah	1569	4361	44
Leatherhead	5130	-33	44
Sagae	3837	14027	44
Xinguara	-710	-4994	44
Letchworth Garden City	5198	-23	44
Samal	707	12571	44
Phatthalung	762	10008	44
Torre Annunziata	4075	1445	44
Pinamalayan	1305	12146	44
Hyvinge	6063	2487	44
Purísima de Bustos	2103	-10188	44
Villa Ángela	-2757	-6072	44
Ashburn	3904	-7749	44
Fundong	625	1027	44
Suhl	5061	1069	44
Pinto	4024	-370	44
Kabale	-125	2999	44
Rāmnagar	2716	8432	43
Dīg	2747	7733	43
Gonābād	3435	5868	43
Augusta	3347	-8197	43
Imbituba	-2824	-4867	43
Araranguá	-2894	-4950	43
Hihyā	3067	3159	43
Boadilla del Monte	4041	-388	43
Villa de Mayo	-3451	-5868	43
Bozeman	4568	-11104	43
Malgobek	4351	4459	43
Mogoditshane	-2463	2587	43
Otwock	5211	2126	43
Kāndhla	2932	7727	43
Volksrust	-2737	2988	43
Kainan	3415	13521	43
Newark on Trent	5307	-82	43
Marseille 06	4329	538	43
Sierra Vista	3155	-11030	43
Le Cannet	4358	702	43
Vikārābād	1734	7790	43
Freeport	4066	-7358	43
Figueres	4227	296	43
Weinheim	4955	867	43
Rodgau	5003	889	43
Medgidia	4425	2828	43
Alabel	610	12529	43
Morshansk	5344	4181	43
Sovetsk	5508	2188	43
Pittsfield	4245	-7325	43
Dimitrovgrad	4205	2560	43
General Pacheco	-3445	-5864	43
Varkala	873	7672	43
Hilo	1973	-15509	43
Worksop	5330	-112	43
Tizayuca	1984	-9898	43
Lugoj	4569	2190	43
Saint Thomas Mount	1300	8020	43
Sainthia	2395	8768	43
Tumsar	2138	7973	43
Bad Kreuznach	4984	787	43
West Babylon	4072	-7335	43
Qalqīlyah	3219	3497	43
DeKalb	4193	-8875	43
Kélibia	3685	1109	43
Munsan	3786	12678	43
Adeje	2812	-1673	43
Moroleón	2013	-10119	43
Busia	47	3409	43
Lamphun	1858	9901	43
Milas	3732	2778	43
Hod HaSharon	3216	3489	43
San Bruno	3763	-12241	43
Ryūō	3565	13850	43
Mitsuke	3753	13893	43
Sonqor	3478	4760	43
Jefferson City	3858	-9217	43
Altamonte Springs	2866	-8137	43
Nishifukuma	3377	13047	43
Siguatepeque	1460	-8783	43
Ambatondrazaka	-1783	4842	43
Peranāmpattu	1293	7872	43
Mariinsk	5621	8775	43
Krasnoufimsk	5661	5777	43
Lagoa da Prata	-2002	-4554	43
Kamaishi	3928	14187	43
Bell Gardens	3397	-11815	43
Dzhetygara	5219	6120	43
Macenta	854	-947	43
Warin Chamrap	1519	10486	43
Bakau	1348	-1668	43
Heerenveen	5296	592	43
Lubao	-539	2575	43
Gijang	3524	12921	43
Jerez de García Salinas	2265	-10299	43
Agnibilékrou	713	-320	43
Dendermonde	5103	410	43
Kencong	-828	11337	43
Barhiya	2529	8602	43
Monheim am Rhein	5109	689	43
Biella	4556	806	43
Marechal Cândido Rondon	-2456	-5406	43
Jesús María	2196	-10234	43
Kronstadt	6000	2977	43
Pelabuhanratu	-699	10655	43
Gifhorn	5248	1055	43
Kālimpong	2707	8848	43
Timmins	4847	-8133	43
Sandıklı	3846	3027	43
Rāmachandrapuram	1684	8203	43
Ubari	2659	1278	43
Yendi	944	-1	43
Franceville	-163	1358	43
Repalle	1602	8083	43
Morgan Hill	3713	-12165	43
Palenque	1751	-9198	43
Bothell	4776	-12221	43
Izúcar de Matamoros	1860	-9846	43
Fond du Lac	4377	-8844	43
Olbia	4092	950	43
Kati	1274	-807	43
Sant Feliu de Llobregat	4138	205	43
Al Qanāyāt	3062	3146	43
Al Musayyib	3278	4429	43
Zavolzh’ye	5664	4339	43
Novodvinsk	6442	4081	43
Sicklerville	3972	-7497	43
Sayreville Junction	4047	-7433	43
Selu	1946	7644	43
Moroni	-1170	4326	43
Farmington	3673	-10822	43
Salem	4252	-7090	43
Siena	4332	1133	43
Bhīnmāl	2500	7227	43
Arlington	4242	-7116	43
Secondigliano	4090	1427	43
Wattrelos	5070	322	43
Bury St Edmunds	5225	71	43
Misawa	4069	14139	43
Passi	1111	12264	43
Panji	-773	11410	43
Bangarapet	1299	7818	43
Recodo	695	12196	43
Châteauguay	4538	-7375	43
Bruchsal	4912	860	43
Sivaganga	985	7848	43
Āstāneh-ye Ashrafīyeh	3726	4994	43
Altadena	3419	-11813	43
Su-ngai Kolok	603	10197	43
Sharypovo	5554	8920	43
Fairfield	3935	-8456	43
Caluire-et-Cuire	4579	485	43
Seregno	4565	921	43
Katabu	-493	12252	43
Kirkby	5348	-289	43
Gumel	1263	939	43
Wallsend	5499	-153	43
Rancho Palos Verdes	3374	-11839	43
Yautepec	1888	-9907	43
San Antonio de los Baños	2289	-8250	43
Rottenburg	4848	894	43
Canindé	-436	-3931	43
São Joaquim da Barra	-2058	-4785	43
Gap	4456	608	43
Quwaysinā	3056	3116	43
Nakano	3675	13837	43
Wakema	1660	9518	43
Quinte West	4418	-7757	43
Tirupparangunram	988	7807	43
West Vancouver	4937	-12317	43
Shōranūr	1076	7627	43
North Highlands	3869	-12137	43
Las Choapas	1791	-9410	43
Redruth	5023	-522	43
Fontem	547	988	43
Moline	4151	-9052	43
Fort Portal	66	3027	43
Basauri	4324	-289	43
Sandefjord	5913	1022	43
Bhātpāra Abhaynagar	2301	8944	43
Ventspils	5739	2156	43
El Affroun	3647	263	43
Koryazhma	6131	4717	43
Bikramganj	2521	8426	43
Cacocum	2074	-7633	43
Concord	4321	-7154	43
Mizunami	3537	13725	43
Kurobe-shi	3690	13745	43
East Concord	4324	-7154	43
Tha Yang	1296	9991	43
Komatsushimachō	3400	13458	43
Mbanga	450	957	43
Talence	4481	-59	43
Novozybkov	5254	3193	43
Freising	4840	1175	43
Tamamura	3630	13912	43
Rockwall	3293	-9646	43
Compostela	767	12609	43
Sojat	2592	7367	43
Kasungu	-1303	3348	43
Soran	4979	7284	43
Wesselsbron	-2785	2637	43
Weiden	4968	1216	43
Kelo	931	1581	43
‘Aïn el Hadjel	3567	388	43
Plainfield	4163	-8820	43
Famagusta	3512	3394	43
Khurda	2018	8562	43
Jaspur	2928	7883	43
Empalme	2796	-11081	43
Thān	2257	7120	43
Kaufbeuren	4788	1062	43
Lomonosov	5991	2977	43
Welling	5146	11	43
Tomiya	3839	14089	43
Abashiri	4402	14427	42
Iwai	3605	13990	42
Partizansk	4312	13312	42
Tikrīt	3462	4368	42
‘Irbīn	3354	3637	42
Cintalapa de Figueroa	1668	-9372	42
Lidingö	5937	1813	42
Naju	3503	12672	42
Burlington	4448	-7321	42
Oberursel	5021	858	42
Videira	-2701	-5115	42
Jintūr	1961	7669	42
Nettetal	5132	628	42
Iwanuma	3810	14086	42
Alès	4412	408	42
Khekra	2887	7728	42
Rohnert Park	3834	-12270	42
Charlottetown	4623	-6313	42
Bālāpur	2067	7677	42
Christchurch	5074	-178	42
Baturaden	-730	10922	42
Dīnhāta	2614	8946	42
Gambēla	825	3458	42
Kotabumi	-483	10488	42
Mercedes	-3325	-5803	42
Aş Şuwayrah	3293	4478	42
Limoeiro	-787	-3545	42
Amagi	3342	13065	42
Urbana	4011	-8821	42
Naini Tāl	2940	7945	42
Gennevilliers	4893	230	42
Nadi	-1780	17742	42
Bucha	5054	3021	42
Mansa	-1120	2889	42
Andover	5121	-149	42
Kyathampalle	1967	7853	42
Juventino Rosas	2064	-10099	42
Myanaung	1829	9532	42
Chilecito	-2916	-6750	42
Lucena	3741	-449	42
Voznesensk	4756	3133	42
Rimouski	4845	-6852	42
Baardheere	234	4228	42
Konakovo	5670	3677	42
Sikandra Rao	2769	7838	42
Lālmohan	2234	9074	42
Yaguajay	2233	-7924	42
Santa Elena	-223	-8086	42
Lovech	4313	2472	42
Gravina in Puglia	4082	1642	42
Midland	4362	-8425	42
Prescott Valley	3461	-11232	42
Bilajari	4044	4981	42
Talghar	4330	7724	42
Palmaner	1320	7875	42
Kenscoff	1845	-7228	42
Sokol	5946	4012	42
Mentekab	349	10235	42
Esperanza	1958	-7098	42
Kapshagay	4387	7706	42
State College	4079	-7786	42
Jājpur	2085	8634	42
Alatyr’	5484	4658	42
Salgueiro	-807	-3912	42
Santyoku	3744	12917	42
Bustos	1496	12092	42
Kearny	4077	-7415	42
Thun	4675	762	42
Canning	2231	8866	42
Khairābād	2753	8075	42
Rosa Zarate	33	-7947	42
Izberbash	4257	4786	42
Kaarst	5123	662	42
Fengxiang	4758	13082	42
El Dorado Hills	3869	-12108	42
Sidi Bouzid	3504	948	42
Penedo	-1029	-3659	42
Castro	-2479	-5001	42
Balad	3401	4415	42
Santo Domingo Tehuantepec	1632	-9524	42
Danville	3659	-7940	42
Wunstorf	5242	944	42
Umarkot	2536	6974	42
Saint-Eustache	4556	-7391	42
Kannad	2026	7514	42
Smara	2674	-1167	42
Athni	1673	7506	42
Zainsk	5532	5207	42
Nové Zámky	4799	1816	42
Mampong	706	-140	42
Belleville	3852	-8998	42
Linden	4062	-7424	42
Moorhead	4687	-9677	42
Gutao	3720	11218	42
Iten	67	3551	42
Arkalyk	5025	6692	42
Varash	5135	2585	42
Chepén	-722	-7942	42
Brumado	-1420	-4167	42
Biaora	2392	7691	42
Woodside	4075	-7391	42
Eberswalde	5283	1382	42
Bautzen	5118	1443	42
Hennaya	3495	-137	42
Jhingergācha	2311	8909	42
Borlänge	6049	1544	42
Stretford	5345	-232	42
Brea	3392	-11790	42
Lemgo	5203	890	42
Kitob	3912	6689	42
Kikinda	4583	2047	42
Madīnat Sittah Uktūbar	2982	3105	42
Rio Negrinho	-2625	-4952	42
Lindi	-1000	3972	42
Artigas	-3040	-5647	42
Ban Phaeo	1359	10011	42
Coburg	5026	1096	42
Riverton	4052	-11194	42
Metlaoui	3432	840	42
Prescott	3454	-11247	42
Chioggia	4522	1228	42
Pesqueira	-836	-3670	42
Tres Cantos	4060	-371	42
Monte Alto	-2126	-4850	42
Kātol	2127	7859	42
Besni	3769	3786	42
Ocosingo	1691	-9209	42
Mount Laurel	3993	-7489	42
Ārvi	2100	7823	42
Yurimaguas	-590	-7612	42
Santa Rosa	-345	-7996	42
Lincoln	-3487	-6153	42
Varaždin	4630	1634	42
The Colony	3309	-9689	42
Lesozavodsk	4548	13343	42
Bietigheim-Bissingen	4894	912	42
Bāghpat	2894	7722	42
Manassas	3875	-7748	42
Brentwood	3603	-8678	42
Rābigh	2280	3903	42
Bar Bigha	2522	8573	42
Toretsk	4840	3785	42
Ascoli Piceno	4285	1357	42
Limbdi	2257	7181	42
Požarevac	4462	2119	42
Dzhankoy	4571	3439	42
Álimos	3791	2372	42
Asahi	3572	14065	42
Diwek	-758	11223	42
Faenza	4429	1188	42
Bilāra	2618	7371	42
Dover	5113	131	42
Sundargarh	2212	8403	42
Westfield	4213	-7275	42
Palmares	-868	-3559	42
Taketoyo	3485	13692	42
Hatfield	5176	-22	42
Silkeborg	5617	955	42
Korenovsk	4547	3945	42
Mānvi	1599	7705	42
Fatwa	2551	8531	42
Irbit	5767	6307	42
Uryupinsk	5080	4201	42
Hisai-motomachi	3467	13647	42
Cotuí	1905	-7015	42
Saint-Priest	4570	494	42
Tazoult-Lambese	3548	626	42
San Joaquín	1026	-6779	42
Sorel-Tracy	4604	-7311	42
Rosny-sous-Bois	4887	250	42
Kyshtym	5571	6055	42
Mamou	1038	-1209	42
Gay	5147	5846	42
Basirpur	3058	7384	42
Sevilla	426	-7593	42
Landau in der Pfalz	4920	812	42
Shakhtinsk	4971	7259	42
Ceres	-3337	1931	42
Jambusar	2205	7280	42
Santos Dumont	-2146	-4355	42
Huancavelica	-1278	-7497	42
Hutchinson	3806	-9793	42
Leominster	4253	-7176	42
Devakottai	995	7882	42
Bang Bua Thong	1392	10042	42
Catonsville	3927	-7673	42
Pacajus	-417	-3846	42
Wakkanai	4541	14167	42
Digras	2010	7772	42
Câmpina	4513	2573	42
Altrincham	5339	-235	42
Hicksville	4077	-7353	42
Bartlett	4200	-8819	42
Manicaragua	2215	-7998	42
Quíbor	993	-6962	42
Amancio	2082	-7758	42
Warora	2023	7900	42
Chiquimula	1480	-8955	42
Auxerre	4780	357	42
Heinsberg	5106	610	42
San Vicente	1363	-8880	42
Medemblik	5277	511	42
Pyt-Yakh	6075	7286	42
Jaguaquara	-1353	-3997	41
Amparo	-2270	-4676	41
Buffalo Grove	4215	-8796	41
Homnābād	1777	7713	41
Guye	3973	11844	41
Zaraza	935	-6532	41
Urus-Martan	4313	4554	41
Pervomays’k	4863	3855	41
Woonsocket	4200	-7151	41
Lushnjë	4094	1970	41
Grande Prairie	5517	-11880	41
Comalcalco	1826	-9322	41
Sūsangerd	3156	4819	41
Shāhīn Dezh	3668	4657	41
Yuta	3145	3509	41
Gādarwāra	2292	7878	41
Lusambo	-498	2344	41
Shirone	3776	13902	41
Salon-de-Provence	4364	509	41
Lyudinovo	5387	3445	41
Tortuguitas	-3448	-5875	41
Paombong	1483	12079	41
Bugojno	4406	1745	41
Myrhorod	4997	3361	41
Pugachev	5201	4880	41
Edmonds	4781	-12238	41
Geidam	1289	1193	41
Naze	2837	12948	41
Faro	3702	-793	41
Coity	5152	-356	41
Newburn	5499	-174	41
Kijang	90	10463	41
Boston	5298	-3	41
Lytham St Annes	5374	-300	41
Chidawa	2824	7564	41
Marana	3244	-11123	41
Dogbo	680	178	41
Mazeikiai	5632	2233	41
Welisara	703	7990	41
Zelenokumsk	4441	4388	41
Garça	-2221	-4966	41
Abū al Maţāmīr	3091	3017	41
Shelton	4132	-7309	41
Miercurea-Ciuc	4635	2580	41
Masantol	1490	12071	41
Bridgwater	5113	-300	41
Seevetal	5340	997	41
Draa el Mizan	3654	383	41
La Trinidad	1645	12059	41
Stenjevec	4581	1588	41
Cedar Falls	4253	-9245	41
Chāmpa	2204	8264	41
Axum	1412	3872	41
Naugachhia	2539	8710	41
Konongo	662	-122	41
Hoskote	1307	7780	41
Daudnagar	2503	8440	41
Angat	1493	12103	41
Mananara	-1617	4977	41
Civitanova Marche	4330	1372	41
Kasba Tadla	3260	-627	41
Urmston	5345	-235	41
Sihorā	2349	8010	41
Raḩīmah	2671	5006	41
Beverly	4256	-7088	41
Naja' Ḥammādī	2605	3224	41
Jaggayyapeta	1689	8010	41
Żyrardów	5205	2045	41
União dos Palmares	-916	-3603	41
La Orotava	2839	-1652	41
Korāput	1881	8271	41
Dhupgāri	2659	8901	41
San Pedro	2543	-10322	41
Königswinter	5068	719	41
University	2807	-8244	41
Piraquara	-2544	-4907	41
Indang	1420	12088	41
Coppell	3295	-9702	41
Timizart	3680	427	41
La Carlota	1042	12292	41
Villarrica	-2575	-5644	41
Tecuci	4585	2743	41
Sehwan	2642	6786	41
Findlay	4104	-8365	41
Plasencia	4003	-609	41
Mitsukaidō	3602	13998	41
Sebdou	3464	-133	41
Dzerzhinskiy	5563	3786	41
São Lourenço	-2212	-4505	41
Wokingham	5141	-84	41
Oświęcim	5003	1921	41
Saint-Germain-en-Laye	4890	209	41
Shinjō	3876	14030	41
Mirzāpur	2410	9010	41
Mehekar	2015	7657	41
Tōkamachi	3713	13877	41
Memmingen	4798	1019	41
Sesimbra	3844	-910	41
Völklingen	4925	686	41
Mityana	42	3202	41
Modica	3686	1476	41
Ermelo	-2653	2998	41
Campbell	3729	-12195	41
Capannori	4384	1057	41
Malita	642	12561	41
Cao Bằng	2267	10626	41
Hilsa	2532	8528	41
Jiguaní	2037	-7643	41
Aprilia	4159	1265	41
Tebesbest	3312	608	41
Alcantarilla	3797	-122	41
G’ijduvon Shahri	4010	6468	41
Nong Khae	1434	10087	41
Al Quşayr	3451	3658	41
Lake Ridge	3869	-7730	41
Bharthana	2675	7922	41
Burke	3879	-7727	41
Mankato	4416	-9401	41
Umm el Faḥm	3252	3515	41
Porto Feliz	-2321	-4752	41
Birsk	5542	5554	41
Annandale	3883	-7720	41
Bastia	4270	945	41
Gitega	-343	2992	41
Nof HaGalil	3271	3532	41
Salinópolis	-61	-4736	41
Covington	3908	-8451	41
Morris Heights	4085	-7392	41
San Fernando de Henares	4042	-353	41
Peachtree Corners	3397	-8422	41
Raisen	2333	7778	41
South Valley	3501	-10668	41
Ormond Beach	2929	-8106	41
Pocito	-3168	-6858	41
Swadlincote	5277	-156	41
Jalārpet	1257	7857	41
Trowbridge	5132	-221	41
Carrollwood Village	2807	-8252	41
Otofuke	4299	14320	41
Huntsville	3072	-9555	41
Ciudad Constitución	2503	-11166	41
Frutal	-2002	-4894	41
Beringen	5105	523	41
Marseille 01	4330	538	41
Świnoujście	5391	1425	41
Gerona	1561	12060	41
Lugulu	39	3430	41
São Miguel dos Campos	-978	-3609	41
Prescot	5343	-280	41
Frolovo	4977	4366	41
Borken	5184	686	41
Sakhipur	2432	9017	41
Naushahra Virkan	3196	7397	41
Sirinhaém	-859	-3512	41
Yeonil	3600	12935	41
Tumba	5920	1783	41
Mozdok	4374	4465	41
Turaif	3167	3866	41
Pagbilao	1397	12170	41
Burla	2151	8387	41
Sumter	3392	-8034	41
Chapadinha	-374	-4336	41
Banyo	675	1182	41
Santander de Quilichao	301	-7648	41
El Bagre	760	-7481	41
Sinjai	-512	12025	41
Hrazdan	4050	4477	41
Oranienburg	5276	1324	41
Irpin	5052	3025	41
Hondomachi-hondo	3246	13017	41
Quincy	3994	-9141	41
Wilkes-Barre	4125	-7588	41
Edremit	3960	2702	41
Le Port	-2094	5529	41
Lodi	4531	950	41
Kannabechō-yahiro	3456	13342	41
Gönen	4010	2765	41
Pánuco	2205	-9818	41
Souma	3652	291	41
La Puente	3402	-11795	41
Komono	3500	13652	41
Carcar	1011	12364	41
Sète	4340	369	41
Kansanshi	-1210	2643	41
Tiel	5189	543	41
Mairena del Aljarafe	3734	-606	41
Nioki	-272	1769	41
Yelizovo	5319	15838	41
Bom Jesus da Lapa	-1326	-4342	41
Atami	3509	13905	41
Holyoke	4220	-7262	41
Bolesławiec	5126	1557	41
Pirot	4315	2259	41
Khawr Fakkān	2533	5634	41
Dahegām	2317	7282	41
Sherman	3364	-9661	41
Podilsk	4775	2953	41
Garhwa	2416	8381	41
Næstved	5523	1176	41
Anglet	4349	-152	41
Sighetu Marmaţiei	4793	2389	41
Puteaux	4888	224	41
Sơn Tây	2114	10551	41
Goose Creek	3298	-8003	41
Venâncio Aires	-2961	-5219	41
Acacías	399	-7376	41
Fort Abbas	2919	7286	41
Azazga	3674	437	41
Carrizal	1035	-6699	41
Río Blanco	1883	-9716	41
Dayr Mawās	2764	3085	41
Lorica	924	-7581	41
Guimarães	4144	-830	41
Chakradharpur	2268	8563	41
Pinneberg	5367	979	41
Maplewood	4495	-9300	41
Bayugan	876	12577	41
Teknāf	2086	9230	41
Streamwood	4203	-8818	41
Ojiya	3730	13880	41
Manacor	3957	321	41
Fitchburg	4258	-7180	41
Corbeil-Essonnes	4861	249	41
Ambāh	2670	7823	41
Gaurnadi	2297	9022	41
Harderwijk	5234	562	41
Cascina	4368	1055	41
Hilton Head Island	3219	-8074	41
Yabrūd	3397	3666	41
Takahama	3492	13698	41
Saurimo	-966	2039	40
Kālia	2304	8963	40
Havelian	3405	7316	40
Mukdahan	1655	10472	40
Bexhill-on-Sea	5085	47	40
La Quinta	3366	-11631	40
North Atlanta	3387	-8434	40
Soavinandriana	-1917	4673	40
Apsheronsk	4446	3973	40
Kallakkurichchi	1174	7896	40
Crystal Lake	4224	-8832	40
Rantepao	-297	11990	40
Ghātampur	2615	8017	40
Hagerstown	3964	-7772	40
San Gabriel	3410	-11811	40
Hayang	3591	12882	40
Akivīdu	1658	8138	40
Apia	-1383	-17177	40
Woodstock	4313	-8075	40
Artur Nogueira	-2257	-4717	40
Écija	3754	-508	40
Tororo	69	3418	40
Reuleuet	522	9628	40
Estância Velha	-2965	-5117	40
Ad Dilinjāt	3083	3054	40
Yanagawa	3317	13040	40
Pyu	1848	9644	40
Alta Gracia	-3165	-6443	40
Yei	409	3068	40
Yambio	457	2839	40
Kovvūr	1702	8173	40
Hickory	3573	-8134	40
Dreieich	5002	870	40
Beverly Cove	4255	-7085	40
Uzgen	4077	7330	40
Michalovce	4875	2192	40
Winter Garden	2857	-8159	40
Carol Stream	4191	-8813	40
Nowa Sól	5180	1572	40
Desio	4562	920	40
Pirna	5096	1394	40
Kayan	1691	9656	40
Haugesund	5941	527	40
Aurich	5347	748	40
Homa Bay	-53	3446	40
Tarawa	133	17298	40
Mirny	6254	11396	40
Bom Despacho	-1974	-4525	40
Monte Mor	-2295	-4732	40
Bilecik	4014	2998	40
Solan	3091	7711	40
Pereslavl’-Zalesskiy	5674	3886	40
Dien Bien Phu	2139	10302	40
Kiffa	1662	-1140	40
Hưng Yên	2065	10605	40
Mamatid	1423	12116	40
Wanganui	-3993	17505	40
Arawa	-623	15557	40
Rouached	3646	604	40
Warren	4124	-8082	40
Saḩāb	3187	3600	40
Marcianise	4103	1430	40
Mangochi	-1448	3526	40
Murtajāpur	2073	7737	40
Camargo	2768	-10517	40
Ahmadpur	1871	7694	40
Gursahāiganj	2712	7973	40
Nürtingen	4863	934	40
Kirchheim unter Teck	4865	945	40
Bozoum	632	1638	40
Tosno	5954	3088	40
Marlboro	4032	-7425	40
Puerto Real	3653	-619	40
Juwana	-671	11115	40
Daoukro	706	-396	40
Ban Na	1702	9973	40
Rāvar	3127	5681	40
Qā’en	3373	5918	40
Vwawa	-911	3293	40
Cifuentes	2265	-8005	40
Sopot	5444	1856	40
Héliopolis	3650	744	40
Jarosław	5002	2268	40
Periyakulam	1012	7754	40
Māpuca	1559	7381	40
Balzar	-137	-7990	40
Luga	5874	2985	40
Inongo	-193	1829	40
Tāki	2259	8893	40
Diamond Harbour	2219	8818	40
Maştağa	4053	5001	40
Nyaungdon	1704	9564	40
Saundatti	1577	7512	40
Kashira	5484	3817	40
Khairpur	2806	6970	40
Mafra	-2611	-4981	40
Teaneck	4090	-7402	40
Nibong Tebal	517	10048	40
Pénjamo	2043	-10172	40
Calexico	3268	-11550	40
Altagracia de Orituco	986	-6638	40
Świdnik	5122	2270	40
Blanes	4167	279	40
Korkino	5489	6140	40
Sidi Bennour	3265	-843	40
Vaijāpur	1993	7473	40
Laatzen	5232	980	40
Villa Altagracia	1867	-7017	40
Florence	3480	-8768	40
Raub	379	10186	40
San Pedro Sacatepéquez	1497	-9176	40
Ţubarjal	3050	3822	40
Ghātsīla	2259	8648	40
Macaíba	-586	-3535	40
Huejutla de Reyes	2114	-9842	40
Tatsunochō-tominaga	3486	13455	40
Az Zarqā	3121	3164	40
Charlottenlund	5575	1257	40
Ballerup	5573	1236	40
Bloxwich	5262	-200	40
Salamá	1510	-9032	40
Pekan Bahapal	311	9917	40
Hāsimāra	2675	8935	40
Sathupalli	1725	8087	40
Nowshahr	3665	5150	40
Balykchy	4246	7619	40
Lisakovsk	5255	6250	40
Imzouren	3515	-385	40
Yagry	6459	3981	40
Langepas	6125	7521	40
Geita	-287	3223	40
Kirovs’k	4864	3864	40
Güiria	1058	-6230	40
Hà Tiên	1038	10449	40
Istok	4278	2049	40
Granadilla de Abona	2812	-1658	40
Djemmal	3562	1076	40
Pūranpur	2851	8015	40
Hāflong	2516	9302	40
Shakopee	4480	-9353	40
Chrzanów	5014	1940	40
San Andrés Cholula	1905	-9830	40
Rameswaram	929	7931	40
Segovia	708	-7470	40
Catu	-1235	-3838	40
Bānsi	2718	8293	40
Chetouane	3492	-130	40
Kampong Pangkal Kalong	592	10222	40
Billerica	4256	-7127	40
Thiruthani	1318	7962	40
Kameyama	3485	13645	40
Norwich	4152	-7208	40
Mandideep	2308	7753	40
Mahanoro	-1990	4880	40
Uray	6013	6479	40
Bīlāspur	2889	7927	40
Dubbo	-3224	14860	40
Thakurdwara	2919	7886	40
Alekseyevka	5063	3869	40
Garges-lès-Gonesse	4897	240	40
Vic	4193	225	40
Sŭngho 1-tong	3899	12598	40
Roanne	4604	407	40
Rajapolah	-722	10819	40
Amherst	4237	-7252	40
Hückelhoven	5106	623	40
Serrana	-2121	-4760	40
Duncanville	3265	-9691	40
New Berlin	4298	-8811	40
Marlborough	4235	-7155	40
Oakley	3800	-12171	40
Xicotepec de Juárez	2028	-9796	40
Corozal	932	-7529	40
’Aïn el Melh	3484	416	40
Ksar Hellal	3565	1089	40
Tiberias	3279	3553	40
Chu	4360	7376	40
Dinga	3264	7372	40
Umi	3357	13051	40
Farrukhnagar	1708	7820	40
Lancaster	3971	-8260	40
Políchni	4067	2295	40
Kristianstad	5603	1415	40
Huaquillas	-348	-8023	40
North Shields	5502	-145	40
Kobayashi	3198	13098	40
Taal	1388	12092	40
El Hadjira	3261	551	40
Bhavāni	1145	7768	40
Knurów	5022	1865	40
Dachau	4826	1143	40
Martil	3562	-528	40
Daman	2041	7283	40
Rozzano	4538	916	40
Halberstadt	5190	1106	40
Mibu	3642	13980	40
Svetlograd	4534	4285	40
Campobasso	4156	1467	40
Romeoville	4165	-8809	40
Silistra	4412	2726	40
Laguna	-2848	-4878	40
Paraíso	984	-8387	40
Montclair	4083	-7421	40
Jaen	1533	12092	40
Vasylkiv	5019	3031	40
Savigny-sur-Orge	4868	235	40
Schorndorf	4881	953	40
Morohongō	3594	13930	40
Dhone	1540	7787	40
Sanok	4956	2221	40
Maarssen	5214	504	40
Meridian	3236	-8870	40
Puyallup	4719	-12229	40
Camiling	1569	12041	40
Turnhout	5132	494	40
Nāndūra Buzurg	2083	7646	40
Salgótarján	4810	1980	40
Hinigaran	1027	12285	40
Hoima	143	3135	40
Bang Lamung	1305	10093	40
Mangalia	4380	2858	40
Zacatecoluca	1350	-8887	40
Afşin	3825	3691	40
Uman	2088	-8975	40
Bera	2408	8963	40
Lumut	423	10063	40
Cimin	3971	3970	40
Senekal	-2832	2762	40
Neumarkt in der Oberpfalz	4928	1146	40
Murshidābād	2418	8827	40
Woburn	4248	-7115	40
Mettmann	5125	698	40
Sumoto	3434	13489	40
Vyatskiye Polyany	5623	5107	40
Soria	4176	-247	40
Löhne	5219	869	40
Bremerton	4757	-12263	40
Livry-Gargan	4892	254	40
Épinal	4818	645	40
Nādāpuram	1168	7565	40
Karasu Mahallesi	4107	3079	40
Tual	-563	13275	40
Kamp-Lintfort	5150	655	39
Hallandale Beach	2598	-8015	39
Dilbeek	5085	426	39
Shiroishi	3800	14062	39
Abadan	3805	5820	39
Tavda	5804	6527	39
Clovis	3440	-10321	39
Hamanoichi	3172	13073	39
Annapolis	3898	-7649	39
Weslaco	2616	-9799	39
Russas	-494	-3798	39
Cape Girardeau	3731	-8952	39
Itabirito	-2025	-4380	39
Banaybanay	1385	12120	39
Ağdam	3999	4693	39
Bullhead City	3515	-11457	39
Brak	2755	1427	39
Parāsia	2219	7876	39
Bensheim	4968	862	39
Asamankese	586	-66	39
Yuzhnoukrains'k	4782	3118	39
Nāthdwāra	2494	7382	39
Mehendiganj	2282	9053	39
Ermesinde	4122	-855	39
Yesan	3668	12684	39
Wiradesa	-689	10962	39
Chojnice	5370	1756	39
North Fort Myers	2667	-8188	39
Qiryat Moẕqin	3284	3508	39
Chelsea	4239	-7103	39
San Pascual	1381	12102	39
Grove City	3988	-8309	39
Bor	4407	2210	39
Antigua Guatemala	1456	-9073	39
Changyŏn	3825	12510	39
Lloret de Mar	4170	285	39
San Martín	1378	-8892	39
Guáimaro	2105	-7735	39
Saint-Ouen	4891	233	39
Rovigo	4507	1179	39
Chhāgalnāiya	2302	9151	39
Kuala Kangsar	477	10093	39
Roi Et	1606	10365	39
Shāhābād	3017	7687	39
Kirov	5407	3430	39
Bodrum	3704	2743	39
Jisr ash Shughūr	3581	3632	39
Cegléd	4717	1980	39
Pantubig	1497	12095	39
El Abiodh Sidi Cheikh	3289	55	39
Oroquieta	849	12380	39
Tengréla	1048	-641	39
Qiryat Yam	3285	3507	39
Wichian Buri	1566	10111	39
Mehdia daira de meghila	3543	176	39
Soanierana Ivongo	-1692	4958	39
Miranda de Ebro	4269	-295	39
Essex	3931	-7647	39
Mantova	4516	1080	39
Atlantic City	3936	-7442	39
Pacifica	3761	-12249	39
Miyoshi	3480	13285	39
Rezé	4718	-155	39
Giddarbāha	3020	7467	39
Vyazniki	5624	4216	39
Germantown	3509	-8981	39
Uto	3268	13067	39
Kaya	1309	-108	39
Le Lamentin	1461	-6100	39
Akalkot	1753	7621	39
Ōkawa	3321	13038	39
Chhātak	2504	9167	39
Izumi	3208	13037	39
Rosh Ha‘Ayin	3210	3496	39
Aroor	987	7630	39
Chinnamanūr	984	7738	39
Hasaki	3573	14083	39
Los Reyes de Salgado	1959	-10247	39
Tacarigua	1009	-6792	39
Saña	-692	-7958	39
Yuzhnoural’sk	5444	6125	39
Pedreira	-2274	-4690	39
Northglenn	3989	-10499	39
Spišská Nová Ves	4894	2056	39
Far Rockaway	4061	-7376	39
Ocozocoautla de Espinosa	1676	-9337	39
Yokote	3932	14055	39
Escalante	1084	12350	39
Tanjay	952	12316	39
Palmas	-2648	-5199	39
Khalabat	3406	7289	39
Yalvaç	3830	3118	39
Caibarién	2252	-7947	39
Ghosī	2611	8354	39
Muravlenko	6379	7452	39
Siegburg	5080	721	39
Nguruka	-511	3104	39
Guiglo	654	-749	39
Amudālavalasa	1841	8390	39
Paraguaçu Paulista	-2241	-5058	39
Kensington	4065	-7397	39
Mawlamyinegyunn	1638	9526	39
Coram	4087	-7300	39
Andújar	3804	-405	39
Pehowa	2998	7658	39
Glenrothes	5620	-317	39
Wausau	4496	-8963	39
Sremska Mitrovica	4498	1961	39
Nūrpur	2915	7841	39
Vichuga	5721	4193	39
Rieti	4240	1286	39
Bāniyās	3518	3595	39
Āstārā	3843	4887	39
Aland	1756	7657	39
Montigny-le-Bretonneux	4877	203	39
Boucherville	4559	-7344	39
Tulsīpur	2813	8230	39
Venray	5152	597	39
Talata Mafara	1257	606	39
Nārāyanpet	1675	7750	39
Freital	5100	1365	39
Al Manqaf	2910	4813	39
Izobil’nyy	4537	4171	39
Hurst	3282	-9717	39
Toumodi	656	-502	39
Fano	4384	1302	39
Xam Nua	2042	10405	39
Minakuchichō-matoba	3497	13617	39
Esperanza	2758	-10993	39
Brčko	4487	1881	39
Tambopata	-1267	-6936	39
Noisy-le-Sec	4889	246	39
Melun	4855	265	39
Mineiros	-1757	-5255	39
Paravūr Tekkumbhāgam	879	7667	39
Skelmersdale	5355	-277	39
Ettlingen	4894	841	39
Bānka	2488	8692	39
Letpandan	1779	9575	39
Santo António dos Olivais	4022	-841	39
Pomigliano d'Arco	4091	1438	39
Igualada	4158	162	39
Tønsberg	5927	1041	39
Bagneux	4880	231	39
Majenang	-730	10876	39
Pinheiro	-252	-4508	39
Ilopango	1370	-8911	39
Boundiali	952	-649	39
Stanton	3380	-11799	39
Aksay	4726	3987	39
Canoinhas	-2618	-5039	39
New Bādāh	2734	6803	39
Tshela	-500	1295	39
Česká Lípa	5069	1454	39
Ōzu	3350	13255	39
Balcarce	-3785	-5826	39
Rāmhormoz	3128	4960	39
Mikołów	5017	1890	39
Ōmagari	3945	14048	39
Lancaster	3259	-9676	39
Friendswood	2953	-9520	39
Kavadarci	4143	2201	39
Třebíč	4921	1588	39
Żary	5164	1514	39
Bukama	-920	2585	39
Buaran	-705	10955	39
Beypazarı	4017	3192	39
Massy	4873	228	39
Errenteria	4331	-190	39
Ipiaú	-1413	-3974	39
Voerde	5160	669	39
Hoogeveen	5272	648	39
Aweil	876	2739	39
Gummi	1214	512	39
Presidente Epitácio	-2176	-5212	39
Cabreúva	-2331	-4713	39
Simdega	2262	8450	39
Fleet	5128	-83	39
Nizhneudinsk	5491	9903	39
Haguenau	4882	779	39
Yorii	3612	13919	39
El Idrissia	3445	253	39
Kondapalle	1662	8054	39
Leningradskaya	4632	3939	39
Gainesville	3430	-8382	39
Montrouge	4882	231	39
Warendorf	5195	799	39
The Acreage	2679	-8027	39
Nālchiti	2264	9027	39
Wichit	789	9839	39
Ness Ziona	3193	3480	39
Sankt Ingbert	4928	712	39
Montclair	3408	-11769	39
Cumanayagua	2215	-8020	39
Abingdon	5167	-128	39
Imperia	4389	804	39
Barendrecht	5186	453	39
Rincón de la Victoria	3672	-428	39
Salaberry-de-Valleyfield	4525	-7413	39
Tonbridge	5120	27	39
Javānrūd	3480	4652	39
Malbork	5404	1903	39
Tsubata	3667	13674	39
Klebang Besar	222	10220	39
Papaya	1532	12084	39
Sangariā	2980	7447	39
Kailua	2140	-15774	39
Marcq-en-Barœul	5067	308	39
Ramsgate	5134	142	39
Jhā-Jhā	2477	8638	39
Rock Island	4151	-9058	39
Thaba Nchu	-2921	2684	39
Kuroishi	4065	14058	39
Jalesar	2747	7830	39
Sirohi	2489	7285	39
Krian	-741	11258	39
Melchor Ocampo	1970	-9914	39
Bougaa	3633	509	39
Vitrolles	4346	525	39
Ilkeston	5297	-131	39
Binalbagan	1019	12286	39
Whitney	3610	-11504	39
Bhālki	1804	7721	39
Draguignan	4354	646	39
Gogrial	853	2810	39
Araripina	-758	-4050	39
Altenburg	5099	1244	39
Cové	722	234	39
Schwabach	4933	1102	39
Oviedo	2867	-8121	39
Paliā Kalān	2843	8058	39
Phrae	1815	10014	39
Millerovo	4892	4040	39
Râmnicu Sărat	4538	2705	39
Carpentersville	4212	-8826	39
Tucumã	-675	-5116	39
Szczecinek	5371	1670	38
Lake Oswego	4542	-12267	38
Tallbīsah	3484	3673	38
Tank	3222	7038	38
Portimão	3714	-854	38
Lagoa Santa	-1963	-4390	38
Ózd	4822	2030	38
Ingeniero Pablo Nogués	-3448	-5871	38
Alderetes	-2682	-6513	38
Zacatelco	1922	-9824	38
Ruyigi	-348	3025	38
Muskogee	3575	-9537	38
Tālcher	2095	8523	38
Chaklāsi	2265	7294	38
Burjassot	3951	-41	38
Kandalaksha	6716	3241	38
Wonopringgo	-698	10962	38
Vilafranca del Penedès	4135	170	38
Dalnegorsk	4456	13562	38
Hobbs	3270	-10314	38
Třinec	4968	1867	38
Orange	-3328	14910	38
Kalmar	5666	1636	38
Muskegon	4323	-8625	38
Upper Hutt	-4114	17505	38
Waliso	853	3797	38
El Cerrito	369	-7631	38
Lawas	486	11541	38
Westerville	4013	-8293	38
Sablayan	1283	12077	38
Vredenburg	-3291	1799	38
Furmanov	5725	4111	38
Kunnamangalam	1130	7588	38
Naivasha	-71	3643	38
Kot Mumin	3219	7303	38
Rājgīr	2503	8542	38
Little Elm	3316	-9694	38
Rēzekne	5651	2734	38
Nijkerk	5222	549	38
Kumhāri	2127	8152	38
Saarlouis	4931	675	38
Hanover Park	4200	-8815	38
Steyr	4804	1442	38
Maintal	5015	883	38
Oqtosh	3992	6593	38
Sinjār	3632	4188	38
Channelview	2978	-9511	38
Panama City	3016	-8566	38
Razgrad	4353	2652	38
Pathanāmthitta	927	7678	38
Tandlianwala	3103	7313	38
Sochaczew	5223	2024	38
Lens	5043	283	38
Brzeg	5086	1747	38
Volodymyr-Volynskyi	5085	2432	38
Condado	2188	-7984	38
San Vicente	-2662	-5413	38
Coalville	5272	-137	38
Mandaguari	-2355	-5167	38
Colón	803	-7226	38
Florence	3420	-7976	38
Bassano del Grappa	4577	1173	38
Nandigāma	1677	8029	38
Chak Azam Sahu	3075	7303	38
Waipahu	2139	-15801	38
Aş Şaff	2956	3128	38
Shawinigan	4657	-7275	38
Lyantor	6162	7216	38
Wake Forest	3598	-7851	38
Buxtehude	5347	969	38
Al Bīrah	3191	3522	38
Mahē	1170	7553	38
Tahara	3467	13727	38
Huber Heights	3984	-8412	38
Canvey Island	5152	58	38
Vyāra	2111	7339	38
Ahaus	5208	701	38
Rio Grande da Serra	-2374	-4640	38
Bherāmāra	2402	8899	38
Surbiton	5139	-30	38
Nueva Rosita	2794	-10122	38
Järvenpää	6047	2509	38
Martinez	3802	-12213	38
Gagny	4888	253	38
East Meadow	4071	-7356	38
Malavalli	1239	7706	38
Khambhāliya	2221	6965	38
Tepotzotlán	1972	-9922	38
Shimabara	3278	13037	38
Trujillo	937	-7044	38
Mühlhausen	5121	1045	38
Rengo	-3441	-7086	38
Bol’shoy Kamen’	4311	13235	38
Saronno	4563	904	38
Newala Kisimani	-1095	3928	38
Kamiiso	4182	14064	38
Tomelloso	3916	-302	38
Madīnat ‘Īsá	2617	5055	38
Hanover	3919	-7672	38
Burhaniye	3950	2697	38
Wheeling	4214	-8793	38
Apache Junction	3342	-11155	38
Carnot	494	1588	38
Sūlūru	1370	8002	38
Thanatpin	1729	9658	38
Pangkalanbuun	-268	11163	38
Lakota	585	-568	38
Whitley Bay	5504	-145	38
Pleasant Grove	4036	-11174	38
Dej	4715	2387	38
Bhawāniganj	2442	7584	38
Salekhard	6653	6660	38
Brookfield	4306	-8811	38
Minas	-3438	-5524	38
Pederneiras	-2235	-4877	38
Saint-Chamond	4548	451	38
Marino	4177	1266	38
Chetwayi	1053	7605	38
Vetapālem	1579	8031	38
Hitoyoshi	3222	13075	38
Schwedt (Oder)	5306	1428	38
Greenford	5153	-36	38
Shahbazpur	2631	8729	38
Kalutara	658	7996	38
Zouerate	2274	-1247	38
Voorburg	5207	436	38
Dhī as Sufāl	1383	4411	38
Delaware	4030	-8307	38
Phultala	2272	8951	38
Guacamayas	1802	-10221	38
Roy	4116	-11203	38
Valley Stream	4066	-7371	38
‘Izbat al Burj	3151	3184	38
Khirdalan	4045	4976	38
Pôsto Fiscal Rolim de Moura	-1308	-6228	38
Mahbūbābād	1760	8000	38
Kapiri Mposhi	-1397	2867	38
Schertz	2955	-9827	38
Spanish Fork	4011	-11165	38
Constitución	-3533	-7241	38
Maihar	2427	8076	38
Geiro	-615	3687	38
Keizer	4499	-12303	38
Leander	3058	-9785	38
Karatau	4318	7047	38
Woodlawn	3932	-7673	38
Heist-op-den-Berg	5108	473	38
Arnold	5300	-113	38
Dibai	2821	7826	38
Lima	4074	-8411	38
Spartanburg	3495	-8193	38
Sint-Truiden	5082	519	38
Robertsganj	2469	8307	38
Jasło	4975	2147	38
Kekri	2597	7515	38
Tarikere	1371	7581	38
Maudaha	2568	8011	38
Houghton-Le-Spring	5484	-146	38
Bishops Stortford	5187	16	38
Bron	4574	491	38
Nanuque	-1784	-4035	38
Porsa	2667	7837	38
Caraballeda	1061	-6685	38
Al Bayda	1399	4557	38
Savanūr	1497	7534	38
Beckum	5176	804	38
Avezzano	4203	1343	38
Baniachang	2452	9136	38
Dori	1404	-3	38
Haltern am See	5174	718	38
Uchaly	5436	5944	38
Loralai	3037	6860	38
Otan Ayegbaju	795	479	38
Pratāpgarh	2403	7478	38
Targovishte	4325	2657	38
Tayshet	5593	9800	38
Park Ridge	4201	-8784	38
Hofheim am Taunus	5009	845	38
Sansanné-Mango	1036	47	38
Olkusz	5028	1957	38
Saint-Raphaël	1944	-7220	38
Bilāsipāra	2623	9023	38
Monopoli	4095	1730	38
Isfara	4013	7063	38
Ontinyent	3882	-61	38
Uglich	5753	3833	38
Vakfıkebir	4105	3928	38
Stendal	5261	1186	38
Qaşr-e Qand	2625	6075	38
Penticton	4948	-11959	38
Kampung Ayer Keroh	227	10228	38
Majene	-354	11897	38
Juanjuí	-718	-7673	38
Baja	4618	1895	38
Narón	4350	-819	38
Yolöten	3730	6236	38
Bijeljina	4476	1921	38
Dubno	5042	2573	38
Winter Haven	2802	-8173	38
Martina Franca	4070	1734	38
Quarto	4088	1414	38
Channarāyapatna	1291	7639	38
Ellenabad	2945	7466	38
Mae Chan	2015	9985	38
Manjo	484	982	38
Tenkodogo	1178	-37	38
Sitrah	2615	5062	38
Aboisso	547	-321	38
Ekangala	-2570	2875	38
Aventura	2596	-8014	38
Pāthri	1926	7643	38
Kawanoechō	3402	13358	38
Severna Park	3907	-7655	38
Royal Palm Beach	2671	-8023	38
St Albans	-3774	14480	38
Bhādra	2910	7517	38
Kulebaki	5541	4253	38
Bantvāl	1289	7503	38
Leyland	5370	-269	38
Ayabe	3530	13525	38
Kwidzyn	5372	1893	38
Yasynuvata	4813	3786	38
Troitsk	5548	3731	38
Beverwijk	5248	466	38
Brighton	3999	-10482	38
Rushden	5229	-60	38
Vilagarcía de Arousa	4260	-876	38
Levice	4822	1861	38
Phenix City	3247	-8500	38
Lokeren	5110	399	38
Faratsiho	-1940	4695	38
Los Realejos	2838	-1658	38
Milton	3413	-8430	38
Kotamangalam	1006	7663	38
Puerto Maldonado	-1259	-6919	38
Kidatu	-770	3696	38
Réo	1232	-247	38
Sungurlu	4017	3437	38
Dover	3916	-7552	38
Jekulo	-681	11093	38
Celje	4623	1526	38
Baksan	4369	4354	38
Perote	1956	-9724	38
Imsil	3561	12728	38
Tāybād	3474	6078	38
Braine-l'Alleud	5068	437	38
Muang Phônsavan	1945	10319	38
Jincheng	2443	11832	38
Hemer	5139	777	38
Tonekābon	3682	5087	38
Sun City	3360	-11227	37
Lake Worth	2662	-8007	37
Payandé	430	-7510	37
Yeoju	3730	12763	37
Vaulx-en-Velin	4579	493	37
Kew Gardens Hills	4073	-7382	37
Leh	3417	7758	37
Leighton Buzzard	5192	-66	37
Ono	3598	13649	37
Falkensee	5256	1309	37
Jamaica Plain	4231	-7112	37
Joué-lès-Tours	4735	67	37
Ogoja	666	880	37
Bairāgnia	2674	8527	37
Monrovia	3415	-11800	37
Dorcheh Pīāz	3262	5156	37
Hollister	3685	-12140	37
Los Banos	3706	-12085	37
Al Wāsiţah	2934	3121	37
Espírito Santo do Pinhal	-2212	-4668	37
Draa Ben Khedda	3673	396	37
Ogawa	3605	13927	37
Calaca	1393	12081	37
Arrah	667	-397	37
Bartın	4164	3234	37
Bāngarmau	2689	8021	37
Bindura	-1730	3133	37
Rezh	5737	6140	37
Plant City	2802	-8211	37
Buchholz in der Nordheide	5333	987	37
Jalalpur Pirwala	2951	7122	37
Bayt Ḩānūn	3154	3454	37
Novovoronezh	5131	3922	37
Morada Nova	-511	-3837	37
Struga	4118	2068	37
Yeadon	5386	-169	37
Barda	4038	4713	37
Progreso	2128	-8966	37
Paithan	1948	7539	37
Gosen	3773	13917	37
Lissone	4561	924	37
Kasulu	-458	3010	37
Greenfield	4296	-8801	37
Ḩarastā	3356	3637	37
Diamantina	-1825	-4360	37
Blyth	5513	-151	37
Santa Cruz do Rio Pardo	-2290	-4963	37
Tynda	5516	12472	37
Tayabas	1403	12159	37
Marion	4203	-9160	37
Del Pilar	1504	12070	37
Protvino	5487	3722	37
Ataq	1454	4683	37
Bonoua	527	-360	37
Dar el Beïda	3671	321	37
Pabbi	3401	7179	37
Barauli	2638	8459	37
Noveleta	1443	12088	37
Planeta Rica	841	-7559	37
Braintree	4220	-7100	37
Newnan	3338	-8480	37
Alfortville	4881	242	37
Eusébio	-389	-3845	37
La Courneuve	4893	240	37
Texarkana	3343	-9405	37
Eccles	5348	-233	37
Cantù	4574	913	37
Banjar	-720	10743	37
Sumusţā as Sulţānī	2892	3085	37
Sestroretsk	6010	2996	37
Barra Bonita	-2249	-4856	37
Sadāseopet	1762	7795	37
Aïn el Bya	3580	-30	37
Villaflores	1623	-9327	37
Monterotondo	4205	1262	37
Shādegān	3065	4866	37
Vettūr	872	7673	37
Chak Jhumra	3157	7318	37
Châtellerault	4682	55	37
Addison	4193	-8799	37
Capâo Bonito	-2401	-4835	37
Redcar	5462	-106	37
Salvatierra	2021	-10088	37
Köniz	4692	741	37
Bardsīr	2992	5657	37
Kalinkavichy	5213	2933	37
Mangai	-402	1953	37
Sahiwal	3197	7233	37
Xaçmaz	4146	4881	37
Reynoldsburg	3995	-8281	37
Riesa	5131	1329	37
Nosy Varika	-2058	4853	37
Tomobe	3635	14030	37
Muñoz	1572	12090	37
Kitakata	3765	13987	37
Azemmour	3329	-834	37
Odenton	3908	-7670	37
Airdrie	5587	-398	37
Malanville	1187	338	37
Sam Phran	1373	10022	37
Mableton	3382	-8458	37
Villepinte	4896	253	37
Dilling	1205	2965	37
Šibenik	4373	1589	37
Renala Khurd	3088	7360	37
Kanekomachi	3641	13900	37
Hilton Head	3222	-8075	37
Ripollet	4150	216	37
Grants Pass	4244	-12333	37
Patti	3128	7486	37
Melong	512	996	37
Risalpur Cantonment	3406	7199	37
Würselen	5082	613	37
Nurmijärvi	6046	2481	37
Indian Trail	3508	-8067	37
Bahía de Caráquez	-60	-8042	37
Garhmuktesar	2879	7810	37
Brasschaat	5129	449	37
Kampene	-360	2667	37
Kabare	-250	2879	37
Revelganj	2579	8464	37
Calumet City	4162	-8753	37
Mińsk Mazowiecki	5218	2157	37
Beberibe	-418	-3813	37
Giyani	-2330	3072	37
Peterlee	5476	-134	37
Lincoln Park	4225	-8318	37
Parola	2088	7512	37
Bentota	643	8000	37
Falun	6060	1563	37
Sukhothai	1701	9982	37
Tursunzoda	3851	6823	37
Ituverava	-2034	-4778	37
Lynnwood	4782	-12232	37
Nedroma	3501	-175	37
Imam Qasim	3230	4468	37
Beşikdüzü	4105	3923	37
Cesano Maderno	4563	915	37
Jesi	4352	1324	37
Benfica	3875	-920	37
Whitestone	4079	-7382	37
Farnham	5121	-80	37
Paungde	1849	9551	37
Mochudi	-2442	2615	37
Oleśnica	5121	1739	37
Vilvoorde	5093	443	37
Nishiwaki	3498	13497	37
Fredericia	5557	975	37
Melito di Napoli	4092	1423	37
Goes	5150	389	37
Manapparai	1061	7843	37
Sassuolo	4454	1078	37
Hanawa	4018	14079	37
Serik	3692	3110	37
Swords	5346	-622	37
Chester-le-Street	5486	-157	37
Vavatenina	-1747	4920	37
Dom Pedrito	-3098	-5467	37
Smarhon’	5448	2640	37
Sciacca	3751	1308	37
Yanam	1673	8221	37
Beloit	4251	-8903	37
Talas	3869	3555	37
Rāhuri	1939	7465	37
Belleville	4079	-7415	37
Kranj	4624	1436	37
Rāwatbhāta	2493	7559	37
Hojāi	2600	9286	37
Akbarpur	2643	8253	37
Ninh Bình	2026	10598	37
Longview	4614	-12294	37
Santa Teresa	1984	-9923	37
Skövde	5839	1385	37
Santiago	2543	-10015	37
Germering	4813	1138	37
Debila	3352	695	37
Ronda	3674	-517	37
La Chaux-de-Fonds	4710	683	37
Los Palacios y Villafranca	3716	-592	37
Wermelskirchen	5114	722	37
Kakhovka	4681	3349	37
Morondava	-2029	4432	37
Columbia	3562	-8704	37
Tinghir	3151	-553	37
San Jerónimo Cuatro Vientos	1929	-9884	37
Great Malvern	5211	-233	37
Itapema	-2709	-4861	37
Vuyyūru	1636	8084	37
Pilibangan	2945	7410	37
Kawm Ḩamādah	3076	3070	37
Portage	4158	-8718	37
Westfield	4004	-8613	37
Joal-Fadiout	1417	-1683	37
New Albany	3829	-8582	37
Katsina-Ala	717	928	37
Rosário do Sul	-3026	-5491	37
Kampung Baharu Nilai	280	10180	37
Eqbālīyeh	3530	5154	37
Boryslav	4929	2343	37
Kambove	-1087	2660	37
Barwāla	2937	7591	37
Anekal	1271	7770	37
Leinfelden-Echterdingen	4869	917	37
Fort Lee	4085	-7397	37
Sunan	3920	12569	37
Hørsholm	5588	1250	37
Retalhuleu	1454	-9168	37
Simpang	-126	10410	37
Serdobsk	5246	4422	37
Bogorodsk	5611	4351	37
Herne Bay	5137	113	37
Barra	4084	1432	37
Arris	3526	635	37
Kampli	1541	7660	37
Al Bājūr	3043	3104	37
Coesfeld	5194	717	37
Kantharalak	1464	10465	37
Wilmslow	5333	-223	37
Phulbāni	2048	8423	37
Brighton	4315	-7755	37
Attingal	870	7682	37
Bartlesville	3675	-9598	37
Houndé	1150	-352	37
Kanie	3513	13680	37
Wołomin	5234	2124	37
Castelli	-2595	-6062	37
La Ceja	603	-7543	37
Calauan	1415	12132	37
Ewing	4027	-7480	37
Tunduma	-930	3277	37
San Juan	2619	-9816	37
Salyan	3960	4898	37
Woodhaven	4069	-7386	37
Qiryat Bialik	3283	3509	37
Rauma	6113	2151	37
San Marcos	866	-7513	37
Temryuk	4527	3739	37
Schwäbisch Hall	4911	974	37
Licata	3710	1394	37
Upplands Väsby	5952	1791	37
Odorheiu Secuiesc	4630	2530	37
Cristalina	-1677	-4762	37
San José de Mayo	-3434	-5671	37
Cheyyar	1266	7954	37
Pereiaslav-Khmelnytskyi	5007	3145	37
Chuhuyiv	4984	3669	37
Herstal	5066	562	37
Lào Cai	2249	10397	37
Mission Bend	2969	-9566	37
Montenegro	457	-7575	36
Padra	2224	7308	36
Cambrai	5018	323	36
Kozáni	4030	2179	36
Niederkassel	5082	704	36
Karlskrona	5616	1559	36
Newton Abbot	5053	-361	36
Sarankhola	2231	8979	36
Uzunköprü	4127	2669	36
Matale	747	8062	36
Chunār	2513	8288	36
Tây Ninh	1131	10610	36
Sanāwad	2217	7607	36
Bayjī	3493	4349	36
San Juan Capistrano	3350	-11766	36
Naviraí	-2307	-5419	36
Osmancık	4098	3480	36
Pahrump	3621	-11598	36
Stirling	5612	-394	36
Cascais	3870	-942	36
Poissy	4893	205	36
Tuyên Quang	2182	10521	36
Mangotsfield	5149	-250	36
Maia	4124	-862	36
Novokubansk	4512	4103	36
Bayāna	2691	7729	36
Lakki	3261	7091	36
Curuzú Cuatiá	-2979	-5805	36
Modugno	4108	1678	36
Saint Charles	3860	-7694	36
Temple City	3411	-11806	36
Porta Westfalica	5223	892	36
Marion	4059	-8313	36
Conflans-Sainte-Honorine	4900	210	36
Itu	520	798	36
La Troncal	-242	-7934	36
Mechanicsville	3761	-7737	36
Prijedor	4498	1671	36
Topi	3407	7262	36
Datteln	5166	735	36
Billericay	5163	42	36
Lufkin	3134	-9473	36
Pennsauken	3996	-7506	36
Sukhoy Log	5691	6203	36
Sakaiminato	3554	13323	36
Rome	3426	-8516	36
Watari	3803	14085	36
Kempen	5136	642	36
Ramon	1678	12154	36
Vršac	4512	2130	36
Hövsan	4037	5009	36
Yirga ‘Alem	675	3842	36
Nihommatsu	3758	14043	36
Arys	4243	6881	36
Claremont	3410	-11772	36
Chefchaouene	3517	-526	36
Komárno	4776	1812	36
Piaseczno	5208	2102	36
Włochy	5218	2095	36
Yaita	3680	13993	36
Tábor	4941	1466	36
Koumra	891	1755	36
Srono	-840	11427	36
Jalilabad	3921	4849	36
Arucas	2812	-1552	36
Maasmechelen	5097	569	36
Photharam	1369	9985	36
São Francisco do Sul	-2624	-4864	36
Solano	1652	12118	36
Franklin	4289	-8804	36
Richfield	4488	-9328	36
Vargem Grande do Sul	-2183	-4689	36
Slantsy	5912	2809	36
Mont-de-Marsan	4389	-50	36
Bell	3398	-11819	36
Izkī	2293	5777	36
Lewiston	4410	-7021	36
Sofifi	74	12756	36
Zutphen	5214	620	36
Kestel	4020	2921	36
Coelho Neto	-426	-4301	36
Kayalpattinam	857	7812	36
Heemskerk	5251	467	36
Bongabon	1563	12114	36
Dunedin	2802	-8277	36
Ameca	2055	-10405	36
Butel	4203	2145	36
Kendall West	2571	-8044	36
Del Rio	2936	-10090	36
Hangu	3353	7106	36
Viana do Castelo	4169	-883	36
’Aïn Deheb	3484	155	36
Al Qunayţirah	3313	3582	36
Oakville	3847	-9030	36
Nanyuki	1	3707	36
Ramat HaSharon	3215	3484	36
Spruce Grove	5353	-11392	36
Açu	-558	-3691	36
Commack	4084	-7329	36
An Nuşayrāt	3145	3439	36
Kanda	3378	13098	36
Plaisir	4882	195	36
Menomonee Falls	4318	-8812	36
Dhāka	2667	8517	36
St. Thomas	4277	-8118	36
Chipping Sodbury	5154	-239	36
Moorpark	3429	-11888	36
Hitchin	5195	-28	36
Teramo	4266	1370	36
Paracambi	-2261	-4371	36
Lage	5199	879	36
Sadābād	2744	7804	36
Zacapa	1497	-8953	36
Gadsden	3401	-8601	36
Amboasary	-2503	4638	36
Issaquah	4753	-12203	36
Heunghae	3611	12935	36
Agua Dulce	1814	-9415	36
Llucmajor	3949	289	36
Caleta Olivia	-4644	-6753	36
Mandera	394	4186	36
Shinshiro	3490	13750	36
Bayawan	936	12280	36
Narok	-108	3587	36
Bindki	2604	8058	36
Spring Hill	3575	-8693	36
Voghera	4499	901	36
Masasi	-1072	3880	36
Al Aaroui	3501	-301	36
Trumbull	4124	-7320	36
Teykovo	5686	4054	36
Kahama	-383	3260	36
Olive Branch	3496	-8983	36
Mooresville	3558	-8081	36
Guayaramerín	-1083	-6536	36
Cañada de Gómez	-3282	-6139	36
West Torrington	4182	-7314	36
Hato Mayor del Rey	1876	-6926	36
Rio Bonito	-2271	-4261	36
Blagodarnyy	4510	4344	36
Nishishinminato	3678	13708	36
Willowbrook	3392	-11826	36
Marseille 07	4328	536	36
Leavenworth	3931	-9492	36
Dobropillya	4846	3709	36
Parkent	4129	6968	36
Akoupé	638	-389	36
Clinton	3877	-7690	36
Realejo Alto	2838	-1659	36
Shibganj	2469	8816	36
Paphos	3478	3242	36
Lohja	6025	2407	36
Zhmerynka	4904	2811	36
Kidodi	-760	3700	36
Nuoro	4032	933	36
Chernushka	5651	5608	36
Walkden	5352	-240	36
Tyldesley	5351	-247	36
La Rinconada	3749	-598	36
Cottage Grove	4483	-9294	36
Jipijapa	-135	-8058	36
Port-Vila	-1774	16831	36
Wildwood	3858	-9066	36
Waregem	5089	343	36
Capão da Canoa	-2975	-5001	36
Hammam Bou Hadjar	3538	-97	36
Zvishavane	-2033	3007	36
Yalutorovsk	5665	6630	36
Valuyki	5020	3811	36
Esperanza	-3145	-6093	36
Novokazalinsk	4585	6215	36
Limache	-3302	-7127	36
Marignane	4342	521	36
Develi	3839	3549	36
Richmond	3983	-8489	36
Dwārka	2224	6897	36
Kraśnik	5092	2223	36
Oregon City	4536	-12261	36
Sārangpur	2357	7647	36
Avdiyivka	4814	3774	36
Goldsboro	3538	-7799	36
El Vendrell	4122	153	36
Manhattan Beach	3388	-11841	36
Parkland	4716	-12243	36
Chippenham	5146	-212	36
Martinez	3352	-8208	36
Atambua	-911	12489	36
Don Benito	3896	-586	36
Tagudin	1694	12044	36
Daryāpur	2092	7733	36
Backnang	4895	944	36
Tessaoua	1376	799	36
San Jose	1335	12355	36
Victoria Falls	-1793	2583	36
Phichit	1644	10035	36
Bertioga	-2385	-4614	36
Rāmganj Mandi	2465	7594	36
Sisak	4547	1638	36
Kericho	-37	3528	36
East Florence	3481	-8765	36
Kyle	2999	-9788	36
Kearns	4066	-11200	36
Linton Hall	3876	-7757	36
Kumo	1005	1121	36
Billingham	5459	-129	36
Dieppe	4992	108	36
Xalisco	2145	-10490	36
South Miami Heights	2560	-8038	36
Gariadhar	2154	7158	36
Kakrāla	2789	7919	36
Pontypool	5170	-304	36
Tupelo	3426	-8870	36
Coyotepec	1978	-9921	36
Abovyan	4027	4463	36
Det Udom	1491	10508	36
Puerto del Rosario	2850	-1386	36
Wesseling	5083	697	36
Puntarenas	998	-8484	36
Rio Claro	1031	-6118	36
Úbeda	3801	-337	36
Igunga	-428	3388	36
Hwangju-ŭp	3867	12578	36
Ciudad Mendoza	1881	-9718	36
Montélimar	4455	475	36
Hot Springs	3450	-9306	36
Kualakapuas	-301	11439	36
Wildomar	3360	-11728	36
Arantāngi	1017	7899	36
Samālkha	2924	7701	36
Kyŏngsŏng	4159	12961	36
Beslan	4319	4454	36
Wentzville	3881	-9085	36
Kovūr	1450	7999	36
Tuljāpur	1801	7607	36
Kaminoyama	3815	14027	36
Tremblay-en-France	4895	257	36
Choisy-le-Roi	4877	242	36
Tibati	647	1263	36
Jagodina	4398	2126	36
Kokkola	6384	2313	36
Cieszyn	4975	1863	36
Ban Phai	1606	10273	36
Emsdetten	5217	753	36
Oriximiná	-177	-5587	36
Roseville	4501	-9316	36
Barreiros	-882	-3519	36
Currais Novos	-626	-3652	36
Morsi	2134	7801	36
Valrico	2794	-8224	36
Babīna	2524	7847	36
Pir Jo Goth	2759	6862	36
Yangambi	77	2444	36
Wangon	-752	10905	36
Misungwi	-285	3308	36
Saint-Martin-d'Hères	4518	576	36
Coventry	4170	-7168	36
Capivari	-2300	-4751	36
Paraíba do Sul	-2216	-4329	36
Skellefteå	6475	2095	36
Ohangaron	4091	6964	36
Camajuaní	2248	-7975	36
Sidi ech Chahmi	3566	-52	36
Rosenberg	2956	-9581	36
Stutterheim	-3257	2742	36
Dongargarh	2119	8075	36
Abucay	1473	12053	36
Bettendorf	4152	-9052	36
Manakara	-2215	4801	35
Ashta	1695	7441	35
Mâcon	4631	483	35
Hınıs	3936	4169	35
East Point	3368	-8444	35
Pala	936	1490	35
Igatpuri	1970	7356	35
Rādhanpur	2383	7160	35
Abay	4964	7286	35
Bougouni	1142	-748	35
El Kala	3690	844	35
Budhāna	2929	7748	35
Xique Xique	-1082	-4273	35
Wageningen	5197	567	35
Lūnāvāda	2313	7361	35
Shamkhor	4083	4602	35
Prattville	3246	-8646	35
Ōfunato	3907	14172	35
Betamcherla	1545	7815	35
Langen	4999	867	35
Bermejo	-2273	-6434	35
Kundian	3246	7148	35
Ponte Vedra Beach	3024	-8139	35
Teruel	4035	-111	35
Tala	2065	-10370	35
Rājpīpla	2187	7350	35
San Martín Azcatepec	1969	-9897	35
Hlukhiv	5168	3392	35
Boardman	4102	-8066	35
Kajaani	6423	2773	35
Caltagirone	3724	1452	35
Ad Dilam	2399	4716	35
Cerquilho	-2316	-4774	35
Humenné	4894	2192	35
Cooper City	2606	-8027	35
Dinar	3806	3017	35
Kasimov	5494	4140	35
Oxon Hill-Glassmanor	3880	-7697	35
Geoktschai	4065	4774	35
Pir Mahal	3077	7243	35
Tlapacoyan	1996	-9721	35
Tonalá	1609	-9375	35
Accrington	5375	-236	35
Funaishikawa	3647	14057	35
Falkirk	5600	-379	35
Saint-Benoît	-2104	5572	35
Aquidauana	-2047	-5579	35
Villamaría	505	-7551	35
Date	4247	14087	35
Yerköy	3964	3447	35
Neu Isenburg	5005	869	35
Khurrianwala	3150	7327	35
Tha Bo	1785	10258	35
Sumberpucung	-816	11248	35
Egypt Lake-Leto	2802	-8251	35
Barpeta Road	2650	9097	35
Znojmo	4886	1605	35
Sherghāti	2456	8479	35
Loei	1749	10173	35
Umarkhed	1960	7769	35
Mehrabpur	2811	6803	35
Santo Antônio da Platina	-2330	-5008	35
Delmiro Gouveia	-939	-3800	35
Hendek	4080	3075	35
Castricum	5255	467	35
Poções	-1453	-4037	35
Příbram	4969	1401	35
Lanciano	4223	1439	35
Wāris Alīganj	2502	8564	35
Oak Creek	4289	-8786	35
Safranbolu	4125	3269	35
Santiago de las Vegas	2297	-8239	35
Migori	-106	3447	35
Peachtree City	3340	-8460	35
Châtelet	5040	453	35
Pulgaon	2072	7832	35
Kawardha	2201	8123	35
Bollate	4555	912	35
Merrillville	4148	-8733	35
Villena	3864	-87	35
Zweibrücken	4925	737	35
Mazarrón	3760	-131	35
Shumerlya	5550	4641	35
Sinsheim	4925	888	35
La Barca	2029	-10255	35
Cieza	3824	-142	35
Sambir	4952	2320	35
El Aïoun	3458	-251	35
Hot Springs National Park	3453	-9306	35
Buddh Gaya	2470	8499	35
Luebo	-535	2142	35
Praya	-871	11627	35
Saint Cloud	2825	-8128	35
Briton Ferry	5163	-382	35
Hoddesdon	5176	-1	35
Ciampino	4180	1260	35
Talas	4252	7224	35
Conceição do Coité	-1156	-3928	35
N’diareme limamoulaye	1478	-1738	35
Aketi	274	2378	35
Lębork	5454	1775	35
Prestea	543	-214	35
Bridlington	5408	-19	35
Zagora	3033	-584	35
Akçakoca	4109	3112	35
La Porte	2967	-9502	35
Tortosa	4081	52	35
San Pablo Autopan	1936	-9966	35
Lakshmeshwar	1513	7547	35
Atmakūr	1588	7859	35
Seram	1718	7729	35
Alhaurín de la Torre	3666	-456	35
Niwai	2636	7592	35
Tangkak	227	10255	35
Vác	4778	1914	35
Harrismith	-2827	2913	35
Bell Ville	-3263	-6269	35
Prince Albert	5320	-10577	35
Korsakov	4663	14278	35
Jacarezinho	-2316	-4997	35
Tiassalé	590	-482	35
Ieper	5085	289	35
Aïn Arnat	3619	531	35
Pindi Bhattian	3190	7327	35
Dubrājpur	2379	8738	35
Panjakent	3950	6761	35
La Asunción	1103	-6386	35
Carini	3813	1318	35
Greven	5209	759	35
Goryachevodskiy	4402	4309	35
Velika Gorica	4571	1608	35
Samut Songkhram	1341	10000	35
Meulaboh	414	9613	35
Ciudad Melchor Múzquiz	2788	-10152	35
University City	3866	-9031	35
Jalālābād	2773	7966	35
Helsingør	5604	1261	35
New Amsterdam	625	-5752	35
Rifu	3833	14098	35
Lugazi	37	3294	35
Sānand	2299	7238	35
Yecla	3861	-111	35
Kodaikānāl	1024	7749	35
Diriamba	1186	-8624	35
Romans-sur-Isère	4505	507	35
Usuki	3312	13180	35
Mohr	2756	5288	35
Gero	3580	13723	35
Oke Ila	795	498	35
Malakwal City	3255	7321	35
Oeiras	3869	-931	35
Arima	1064	-6128	35
Shtime	4243	2104	35
Podujeva	4291	2119	35
Dragash	4203	2065	35
Uelzen	5297	1056	35
Jonava	5508	2428	35
Malmesbury	-3346	1873	35
Agdzhabedy	4005	4746	35
Sidi Okba	3475	590	35
Chikodi	1643	7459	35
Mlimba	-880	3582	35
Kafr Şaqr	3079	3163	35
Shāhābād	2857	7901	35
Mafinga	-725	3507	35
Gul’kevichi	4535	4069	35
Al Burayj	3144	3440	35
Hoogvliet	5186	436	35
Itapecuru Mirim	-339	-4436	35
Tozeur	3392	813	35
Tarkwa	530	-199	35
Tāsgaon	1704	7460	35
Arzano	4091	1427	35
Kodīnar	2079	7070	35
Pandi	1487	12096	35
Tokmak	4726	3571	35
San Pedro de Alcántara	3649	-499	35
Embu	-54	3746	35
Saint-Raphaël	4342	677	35
Simav	3909	2898	35
Upper Arlington	3999	-8306	35
Torrington	4180	-7312	35
Kichha	2891	7952	35
Pūrna	1918	7703	35
San Isidro	937	-8370	35
Azogues	-274	-7885	35
Beverly Hills	3407	-11840	35
Bernau bei Berlin	5268	1359	35
Inver Grove Heights	4485	-9304	35
Tuttlingen	4798	882	35
Cumberland	4197	-7143	35
Kathu	792	9833	35
La Unión	-540	-8074	35
Sinop	4203	3516	35
Viborg	5645	940	35
Bentley	5353	-115	35
Ixmiquilpan	2048	-9922	35
Januária	-1549	-4436	35
Pleasant Hill	3795	-12206	35
Aqsay	5117	5300	35
Pontault-Combault	4880	261	35
Atbasar	5181	6836	35
Stow	4116	-8144	35
Al ‘Ayyāţ	2962	3126	35
Lauderdale Lakes	2617	-8021	35
Ninove	5083	403	35
La Vergne	3602	-8658	35
Winter Springs	2870	-8131	35
Rovaniemi	6650	2572	35
Uddevalla	5835	1194	35
Merseburg	5135	1199	35
Masumbwe	-363	3218	35
Six-Fours-les-Plages	4309	582	35
Narang Mandi	3190	7452	35
Rapperswil	4723	882	35
Jāmadoba	2372	8640	35
Joliette	4602	-7342	35
Périgueux	4519	71	35
Amnat Charoen	1586	10463	35
Dupnitsa	4227	2312	35
Beja	3802	-786	35
Gowurdak	3781	6605	35
San Leonardo	1536	12096	35
Merritt Island	2854	-8067	35
Gorinchem	5184	497	35
Tramandaí	-2998	-5013	35
Janīn	3246	3530	35
Nabagrām	2229	8851	35
Tuusula	6040	2503	35
Aurillac	4493	244	35
Nueve de Julio	-3544	-6088	35
Jardinópolis	-2102	-4776	35
Theunissen	-2841	2670	35
Tudela	4206	-160	35
Teresa	1456	12122	35
Oliveira	-2070	-4483	35
Czechowice-Dziedzice	4991	1900	35
Rahachow	5309	3005	35
West Little River	2586	-8024	35
Geel	5117	499	35
Ajā	3094	3129	35
Brunswick	4124	-8184	35
Tādif	3635	3753	35
Abinsk	4487	3816	35
Homagama	684	8000	35
Ti Port-de-Paix	1993	-7283	35
Rājula	2104	7144	35
Shikārpūr	2828	7801	35
Gorizia	4594	1362	35
Al Ibrāhīmīyah	3072	3156	35
Namerikawa	3676	13736	35
Fraccionamiento Real Palmas	2590	-10016	35
Los Rastrojos	1003	-6924	35
Itaqui	-2913	-5655	35
Boyarka	5032	3030	35
Pīpār	2638	7354	35
San Dimas	3411	-11781	35
Osório	-2989	-5027	35
Okunoya	3628	14042	35
Mascouche	4575	-7360	35
Mirabel	4565	-7408	35
Esposende	4154	-878	35
Monroe	3499	-8055	35
Sagauli	2676	8474	35
Queen Creek	3325	-11163	35
Pīrgaaj	2586	8836	35
Caivano	4096	1431	35
San Miguel Topilejo	1920	-9914	35
Santa Cruz del Sur	2072	-7800	35
Steinfurt	5215	734	35
Uden	5166	562	35
Barcellona Pozzo di Gotto	3815	1521	35
Kaneohe	2140	-15780	35
Kattivākkam	1322	8032	35
Nakhon Phanom	1741	10478	35
Asipovichy	5330	2864	35
Gahanna	4002	-8288	35
Banjul	1345	-1658	35
Malakwal	3255	7321	35
Chacabuco	-3464	-6047	35
Curridabat	991	-8403	35
Surubim	-783	-3575	35
Leawood	3897	-9462	35
Dinskaya	4522	3923	35
Ruteng	-861	12046	35
Burriana	3989	-8	35
Bājitpur	2422	9095	35
Nakamura	3298	13293	35
Fiumicino-Isola Sacra	4177	1224	35
Karjat	1891	7332	35
Itápolis	-2160	-4881	35
Sankeshwar	1626	7448	35
Mojo	859	3912	35
Maddaloni	4104	1438	35
Satun	662	10007	35
Owasso	3627	-9585	35
Baltiysk	5465	1991	35
Derry Village	4289	-7131	35
Sighișoara	4622	2479	35
Águilas	3741	-158	35
Bakhtiyārpur	2546	8553	35
Agar	2371	7602	35
Sundbyberg	5936	1797	35
Manggar	-288	10827	35
Makouda	3679	406	35
Karabulak	4331	4490	35
Trëkhgornyy	5481	5846	35
Cahul	4590	2820	34
Moss	5943	1066	34
Nilanga	1812	7675	34
Halle	5073	423	34
Thul	2824	6878	34
Neuilly-sur-Marne	4885	255	34
Wernigerode	5184	1078	34
Frankston East	-3813	14513	34
Orange	4077	-7423	34
Nurlat	5443	5081	34
Central Islip	4079	-7320	34
San Vicente	996	-8405	34
San Vicente de Moravia	996	-8405	34
Adrano	3766	1483	34
Hoboken	5118	435	34
Satānā	2059	7420	34
Zuénoula	743	-605	34
Exmouth	5062	-340	34
Victoriaville	4605	-7197	34
Ibara	3460	13347	34
Char Bhadrāsan	2331	9023	34
Zharkent	4417	8001	34
Ungheni	4721	2780	34
Minas de Matahambre	2259	-8395	34
Brant	4313	-8035	34
Balingen	4828	885	34
’Aïn Merane	3616	97	34
Norristown	4012	-7534	34
Margate	-3086	3037	34
Yate	5154	-242	34
Bongouanou	665	-420	34
Ostrogozhsk	5087	3908	34
Nong Bua Lamphu	1720	10244	34
Patāmundai	2058	8656	34
Angamāli	1019	7639	34
Dyker Heights	4062	-7401	34
Barinitas	876	-7041	34
Empoli	4372	1095	34
Glendale	4070	-7389	34
Pila	1423	12136	34
Maravatío de Ocampo	1989	-10044	34
Porsgrunn	5914	966	34
Bragança	4181	-676	34
Golāghāt	2651	9396	34
Liévin	5042	278	34
Goba	702	3998	34
Agen	4420	62	34
Paiçandu	-2346	-5205	34
Kondopoga	6221	3426	34
Tādepalle	1648	8060	34
Ferreñafe	-664	-7979	34
Felling	5495	-157	34
Hirara	2480	12530	34
Butterworth	-3233	2815	34
Police	5355	1457	34
Jaito	3045	7489	34
Cottonwood Heights	4062	-11181	34
Gojō	3435	13570	34
Kinel’	5323	5063	34
Chalinze	-664	3835	34
Gallatin	3639	-8645	34
Jutiapa	1429	-8990	34
Américo Brasiliense	-2172	-4810	34
Quixeramobim	-520	-3929	34
Tsuma	3210	13140	34
Moyale	353	3906	34
Manapla	1096	12312	34
Czeladź	5032	1908	34
Gharaunda	2954	7697	34
Staraya Russa	5799	3136	34
Schönebeck	5202	1173	34
Pindi Gheb	3324	7226	34
Kunwi	3623	12857	34
Babati	-422	3575	34
Houma	2960	-9072	34
Franconville	4898	223	34
Colwyn Bay	5329	-373	34
Orlová	4985	1843	34
Rubidoux	3400	-11741	34
Gisborne	-3865	17800	34
Sibut	572	1907	34
Dolyns'ka	4811	3276	34
Alghero	4056	832	34
Kochani	4192	2241	34
Santa Helena de Goiás	-1781	-5060	34
Beruwala	648	7998	34
Aoji	4252	13040	34
Varberg	5711	1225	34
Göksun	3802	3650	34
Radcliffe	5356	-232	34
Katsuren-haebaru	2633	12787	34
Blagoveshchensk	5503	5598	34
Aparecida	-2285	-4523	34
San Nicolas	1817	12060	34
Pórticos de San Antonio	3244	-11703	34
Mugnano di Napoli	4091	1421	34
Sarāqib	3586	3681	34
Takeochō-takeo	3319	13002	34
Collinwood	4156	-8157	34
San Antonio	1495	12009	34
Çay	3859	3103	34
Kodungallūr	1023	7620	34
Glendale Heights	4191	-8806	34
Karonga	-993	3393	34
Naranjito	-217	-7947	34
Ladispoli	4195	1207	34
Bayt al Faqīh	1452	4332	34
Pioltello	4550	933	34
Meppen	5269	729	34
Butte	4600	-11253	34
Pandaan	-765	11269	34
Dana Point	3347	-11770	34
Imishli	3987	4806	34
Gafargaon	2443	9056	34
Benton	3456	-9259	34
Szekszárd	4635	1871	34
Vestavia Hills	3345	-8679	34
Totton	5092	-149	34
La Presa	3271	-11700	34
Ágioi Anárgyroi	3803	2372	34
Dzierżoniów	5073	1665	34
Râs el Aïoun	3567	565	34
Oakton	3888	-7730	34
Ausa	1825	7650	34
Rovereto	4589	1104	34
Tepeji del Río de Ocampo	1990	-9934	34
São Gotardo	-1931	-4605	34
Hamīrpur	2596	8015	34
Morrinhos	-1773	-4910	34
Slavgorod	5300	7864	34
Bordj Ghdir	3590	490	34
Jhābua	2277	7459	34
Nawābganj	2854	7963	34
Coroatá	-413	-4412	34
Zahir Pir	2881	7052	34
Guajará Mirim	-1078	-6534	34
Papenburg	5308	740	34
Antalaha	-1490	5028	34
Remedios	2250	-7955	34
Ahuachapán	1392	-8984	34
Argyroúpoli	3791	2375	34
Fereydūn Kenār	3668	5252	34
Sinnar	1985	7400	34
Guaíra	-2032	-4831	34
Pen	1874	7310	34
Chester	3985	-7536	34
Jacaltenango	1567	-9171	34
Shakiso	576	3891	34
Indi	1718	7595	34
Bodø	6728	1441	34
Medianeira	-2530	-5409	34
Fajardo	1833	-6565	34
Kushva	5829	5976	34
Ranam	4171	12968	34
Tomé Açu	-242	-4815	34
Mount Vernon	4842	-12233	34
Dunyapur	2980	7174	34
Biharamulo	-263	3131	34
Coatzintla	2049	-9747	34
Pemangkat	117	10897	34
Presidente Venceslau	-2188	-5184	34
Pāppinisshēri	1196	7534	34
Mokokchūng	2632	9452	34
Aliaga	1550	12084	34
Salisbury	3567	-8047	34
Geldern	5152	632	34
Sathyamangalam	1151	7724	34
Fatehpur	2717	8121	34
Kehl	4857	782	34
Almada	3868	-916	34
Gambat	2735	6852	34
Riviera Beach	2678	-8006	34
Ust’-Dzheguta	4408	4198	34
Pandan	1174	12210	34
Puerto Berrío	649	-7440	34
Orangevale	3868	-12123	34
Oswego	4168	-8835	34
Dar Chabanne	3647	1075	34
Kakata	653	-1035	34
Barbalha	-731	-3930	34
El Mirage	3361	-11232	34
Somanda	-337	3395	34
West Lake Sammamish	4758	-12210	34
Ocotal	1363	-8648	34
Durazno	-3338	-5652	34
Chelmsford	4260	-7137	34
Bay City	4359	-8389	34
Jülich	5092	636	34
Fada N'gourma	1206	36	34
Além Paraíba	-2189	-4270	34
Horki	5429	3099	34
Starokostiantyniv	4976	2720	34
Nacogdoches	3160	-9466	34
Shrewsbury	4230	-7171	34
McMinnville	4521	-12320	34
Ouled Mimoun	3490	-103	34
Chorley	5365	-262	34
Leer	5323	746	34
IJsselstein	5202	504	34
Køge	5546	1218	34
Umluj	2502	3727	34
Bariadi	-280	3398	34
Schaffhausen	4770	863	34
Nagua	1938	-6985	34
Ceerigaabo	1062	4737	34
Dalton	3477	-8497	34
Guledagudda	1605	7579	34
Bicester	5190	-115	34
Haywards Heath	5100	-10	34
Maramag	776	12501	34
Olney	3915	-7707	34
Boa Esperança	-2109	-4557	34
Melur	1003	7834	34
La Virginia	490	-7588	34
North Providence	4185	-7147	34
Hammam Sousse	3586	1060	34
Nzega	-248	2956	34
Bhiwadi	2821	7686	34
Limburg an der Lahn	5038	805	34
Luuq	380	4254	34
Parras de la Fuente	2544	-10218	34
Newark	3968	-7575	34
Oak Hill	3893	-7740	34
Deer Park	2971	-9512	34
Madruga	2291	-8186	34
Villajoyosa	3851	-23	34
Casalecchio di Reno	4448	1127	34
Olivais	3877	-911	34
Knokke-Heist	5135	327	34
Guskhara	2349	8773	34
Sindgi	1692	7623	34
Antiguo Cuscatlán	1366	-8925	34
Timbó	-2682	-4927	34
Nowy Targ	4948	2003	34
Sant Adrià de Besòs	4143	222	34
Caracal	4412	2435	34
Narsīpatnam	1767	8261	34
Ichchāpuram	1911	8469	34
Bahjoi	2840	7863	34
Tuensang	2627	9482	34
Gremda	3475	1078	34
Holland	4279	-8611	34
Irvine	5562	-466	34
Schio	4571	1136	34
San Isidro	1934	-9895	34
Zacatlán	1994	-9796	34
Panadura	671	7990	34
Kashmor	2843	6958	34
Marmaris	3685	2827	34
Wigston Magna	5258	-109	34
Dharangaon	2101	7527	34
Hermosa	1483	12051	34
Santa Isabel	-2332	-4622	34
Goch	5168	616	34
Kalāleh	3738	5549	34
Artëmovskiy	5736	6187	34
Krasnoznamensk	5560	3704	34
Saint-Joseph	-2138	5562	34
L'Aquila	4235	1340	34
Sainte-Geneviève-des-Bois	4865	232	34
Juticalpa	1467	-8622	34
Maubeuge	5028	397	34
Kuala Tungkal	-82	10346	34
Throgs Neck	4082	-7382	34
Corsico	4543	911	34
Tabanan	-854	11513	34
Northbrook	4213	-8783	34
Gaspar	-2693	-4896	34
Albany	-3503	11788	34
Hilliard	4003	-8316	34
Unión de Reyes	2280	-8154	34
Wenatchee	4742	-12031	34
Puerto Cabezas	1404	-8339	34
Kelīshād va Sūdarjān	3255	5153	34
Mount Hagen	-586	14423	34
Schoten	5125	450	34
Petrovsk	5231	4539	34
Oshakati	-1779	1570	34
Pulivendla	1442	7823	34
Beni Douala	3662	408	34
Caucete	-3165	-6828	34
Dowlatābād	3280	5170	34
Lebaksiu	-705	10914	34
Jerantut	394	10236	34
Alipur	2938	7091	34
Ostfildern	4873	925	34
West Fargo	4687	-9690	34
Fair Lawn	4094	-7413	34
Malilipot	1332	12374	34
San Gil	656	-7314	34
Korba	3658	1086	34
Almendralejo	3868	-641	34
São Manuel	-2273	-4857	34
Kennesaw	3402	-8462	34
Peddapalli	1861	7937	34
Labuan	-638	10583	34
Takahagi	3672	14072	34
Sicuani	-1427	-7123	34
Áno Liósia	3808	2370	34
Maruoka	3615	13627	34
Grimbergen	5093	437	34
Sant'Antimo	4094	1423	34
Bauan	1379	12101	34
New City	4115	-7399	34
Dimona	3107	3503	34
Wednesfield	5260	-209	34
Long Beach	4059	-7366	34
Bay	1418	12129	34
Mlonggo	-653	11070	34
Madikeri	1243	7574	34
Mulleriyawa	693	7993	34
Fürstenwalde	5236	1406	34
Kopāganj	2602	8357	34
Yuzawa	3917	14050	34
Chilibre	915	-7962	34
Ban Ratsada	791	9840	34
Fürstenfeldbruck	4818	1125	34
Richmond	3775	-8429	34
Venaria Reale	4513	763	34
Canela	-2936	-5081	34
Olot	4218	249	34
Kāman	2766	7727	34
Ostróda	5370	1996	34
As Sūkī	1332	3388	34
Prachuap Khiri Khan	1182	9978	34
Erding	4831	1191	34
Pontevedra	-3475	-5870	34
Suitland-Silver Hill	3885	-7693	34
Chillum	3896	-7699	34
Delījān	3399	5068	34
Bagnolet	4887	242	34
Severoural’sk	6015	5995	34
Thāna Bhawan	2959	7742	33
Uravakonda	1494	7725	33
Pivijay	1046	-7462	33
Zhangatas	4356	6973	33
Ayagoz	4796	8043	33
Castelo Branco	3982	-749	33
Foster City	3756	-12227	33
Begamganj	2360	7834	33
San Luis	1504	12079	33
Naudero	2767	6836	33
Montcada i Reixac	4148	218	33
Merano	4667	1116	33
Fairborn	3982	-8402	33
Menlo Park	3745	-12218	33
Oleiros	4333	-832	33
Drogheda	5372	-635	33
Yablonovskiy	4499	3894	33
Campbell River	5002	-12524	33
Lawndale	3389	-11835	33
Felege Neway	630	3688	33
Dundalk	5400	-642	33
Kandana	705	7989	33
La Sebala du Mornag	3668	1029	33
Feldkirch	4723	960	33
Darsi	1577	7968	33
Francavilla Fontana	4053	1759	33
Kizilyurt	4319	4689	33
Erāttupetta	969	7678	33
Korschenbroich	5119	651	33
Nargund	1572	7539	33
Hinesville	3185	-8160	33
Zaidpur	2683	8133	33
Nartkala	4356	4385	33
Istra	5592	3687	33
Epe	5235	598	33
Waxahachie	3239	-9685	33
Dunkwa	596	-178	33
St. Charles	3861	-7692	33
Woodridge	4175	-8805	33
Āmli	2028	7302	33
Carrollwood	2805	-8249	33
Sohna	2825	7707	33
Arcos	-2028	-4554	33
Segezha	6374	3432	33
Marratxí	3962	273	33
Windsor	5148	-60	33
La Oroya	-1152	-7590	33
Dapaong	1086	21	33
Zima	5392	10204	33
Uchqŭrghon Shahri	4111	7208	33
Las Tejerías	1025	-6717	33
Tondano	131	12491	33
Alcabideche	3873	-941	33
Vinkovci	4529	1880	33
Santiago Atitlán	1464	-9123	33
Anūpgarh	2919	7321	33
Lebowakgomo	-2420	2950	33
Jogbani	2640	8727	33
Dobryanka	5846	5641	33
Santa Cruz	-3464	-7137	33
Dumfries	5507	-361	33
Sumbe	-1121	1384	33
Shikārpur	1427	7536	33
Shāhpura	2739	7596	33
Kunigal	1302	7703	33
Myszków	5058	1932	33
Lier	5113	457	33
Nirasaki	3570	13845	33
Calpulalpan	1959	-9857	33
Mission	4913	-12230	33
Dietzenbach	5001	878	33
Zgorzelec	5115	1501	33
Verkhniy Ufaley	5606	6024	33
Glossop	5344	-195	33
Cheb	5008	1237	33
Atamyrat	3784	6521	33
Utena	5550	2560	33
Elk Grove Village	4200	-8797	33
Ancaster	4322	-7999	33
Caeté	-1988	-4367	33
Kampong Speu	1145	10452	33
Aparri	1836	12164	33
Saumur	4726	-8	33
Pekin	4057	-8964	33
Socorro	3165	-10630	33
Kosamba	2146	7296	33
Kakuda	3797	14077	33
Hwange	-1836	2650	33
Isiolo	35	3758	33
Dyat’kovo	5360	3434	33
Elmont	4070	-7371	33
Redcliff	-1903	2978	33
Hotaka	3634	13788	33
Negara	-836	11462	33
Biarritz	4348	-156	33
Bensonville	645	-1061	33
Muhammadābād	2562	8376	33
Vyshneve	5039	3037	33
Cramlington	5509	-159	33
Trebinje	4271	1834	33
Quva	4052	7207	33
Adelanto	3458	-11741	33
Lakhyabad	2367	8667	33
Kapan	3921	4641	33
Tooele	4053	-11230	33
Āreka	707	3770	33
Fujishiro	3592	14012	33
Golden Glades	2591	-8020	33
Marrero	2990	-9010	33
Villa Bisonó	1956	-7088	33
Chichigalpa	1258	-8703	33
Koh Kong	1162	10298	33
Jackson	4225	-8440	33
Jhālrapātan	2454	7617	33
Foothill Farms	3868	-12135	33
Gualeguay	-3314	-5931	33
La Ciotat	4317	560	33
Kirando	-742	3060	33
Bathurst	-3342	14958	33
Pasni	2526	6347	33
Pudsey	5380	-166	33
Năvodari	4432	2860	33
Primorsko-Akhtarsk	4605	3817	33
Sīrkāzhi	1124	7974	33
Grugliasco	4507	758	33
Chaksu	2661	7595	33
Tarime	-135	3437	33
Échirolles	4515	571	33
Englewood	3965	-10499	33
Copperas Cove	3112	-9790	33
Slavuta	5030	2687	33
Bath Beach	4060	-7400	33
Prey Veng	1149	10533	33
Kotovsk	5259	4150	33
Santo Antônio de Pádua	-2154	-4218	33
Ebbw Vale	5178	-321	33
Ciudad Sabinas Hidalgo	2650	-10018	33
Newbury	5140	-132	33
Netishyn	5034	2664	33
Mushie	-302	1692	33
Brugherio	4555	930	33
Rājbirāj	2654	8675	33
Porur	1304	8016	33
Bardejov	4929	2127	33
Gaya	1188	345	33
Yarīm	1430	4438	33
Itzehoe	5392	952	33
Cantaura	931	-6436	33
São Francisco	-1595	-4486	33
Huntington Station	4085	-7341	33
Seaside	3661	-12185	33
Kearney	4070	-9908	33
Aral	4680	6166	33
Redan	3375	-8413	33
Manitowoc	4409	-8766	33
Bhādāsar	2831	7429	33
Asha	5500	5727	33
Machado	-2167	-4592	33
BABOR - VILLE	3649	554	33
Maspalomas	2776	-1559	33
Zintan	3193	1225	33
Bodītī	697	3787	33
Esik	4336	7745	33
Villefranche-sur-Saône	4599	472	33
Quảng Ngãi	1512	10879	33
Leamington	4205	-8260	33
Pápa	4733	1747	33
Pobé	698	266	33
Goshen	4158	-8583	33
Mouzaïa	3647	269	33
Eṭ Ṭaiyiba	3227	3501	33
Wickford	5161	52	33
Reggane	2672	17	33
Saint Charles	4191	-8831	33
El Aouinet	3587	789	33
Monaco	4373	742	33
Greenacres City	2662	-8013	33
Xanxerê	-2688	-5240	33
San Onofre	974	-7553	33
Wai	1795	7389	33
San Kamphaeng	1874	9912	33
Jagatsinghapur	2026	8617	33
Safaga	2675	3394	33
Bagasra	2149	7096	33
Río Grande	2383	-10303	33
Gyöngyös	4778	1993	33
Mildura	-3419	14216	33
Kadūr	1355	7601	33
Midsayap	719	12453	33
Marks	5171	4675	33
Aranda de Duero	4167	-369	33
Kirkkonummi	6012	2444	33
Canicattì	3736	1385	33
Dharmanagar	2437	9217	33
Tumbi	-507	3273	33
Seelze	5240	960	33
Salisbury	3836	-7560	33
Cradock	-3216	2562	33
Douglasville	3375	-8475	33
Obama	3550	13575	33
Ilhabela	-2378	-4536	33
Lahār	2619	7894	33
Security-Widefield	3875	-10471	33
Yāval	2117	7570	33
Mira Taglio	4543	1213	33
Lichfield	5268	-183	33
General Tinio	1535	12105	33
Brighouse	5370	-178	33
Campi Bisenzio	4382	1113	33
Gose	3445	13573	33
Tanggulangin	-750	11270	33
Feteşti	4438	2783	33
Kaimganj	2755	7934	33
University Place	4724	-12255	33
Sukheke Mandi	3187	7351	33
Pagani	4074	1461	33
Jānjgīr	2201	8258	33
Egra	2190	8754	33
Fribourg	4680	715	33
San Donà di Piave	4563	1257	33
Pullman	4673	-11718	33
Sneek	5303	566	33
Bihārīganj	2573	8699	33
Umreth	2270	7312	33
Taounate	3454	-464	33
Ticul	2040	-8954	33
Courtenay	4969	-12499	33
Gorna Oryahovitsa	4313	2570	33
Torres	-2934	-4973	33
Geleen	5097	583	33
Kardítsa	3936	2192	33
Espinho	4101	-864	33
Maassluis	5192	425	33
Tangjin	3689	12663	33
Jáltipan de Morelos	1797	-9471	33
Şarkîkaraağaç	3808	3137	33
Gudermes	4335	4611	33
Paine	-3381	-7074	33
Kameda-honchō	3787	13911	33
Venkatagiri	1396	7958	33
Mushābani	2251	8646	33
Porangatu	-1344	-4915	33
Hội An	1588	10833	33
Juneau	5830	-13442	33
Mörfelden-Walldorf	4999	858	33
Azuqueca de Henares	4057	-327	33
Riccione	4400	1266	33
Mauban	1419	12173	33
Mount Lebanon	4036	-8005	33
Víctor Rosales	2295	-10270	33
Châtenay-Malabry	4877	227	33
Höxter	5178	938	33
Alabaster	3324	-8682	33
Capitão Poço	-175	-4706	33
Mahālingpur	1639	7511	33
Wijchen	5181	572	33
Neem ka Thana	2774	7579	33
Hà Giang	2282	10498	33
Cravinhos	-2134	-4773	33
Farmers Branch	3293	-9690	33
Oildale	3542	-11902	33
Kholmsk	4705	14205	33
La Verne	3410	-11777	33
Maloyaroslavets	5501	3647	33
Ceará Mirim	-563	-3543	33
Gevelsberg	5132	734	33
Winsen	5336	1021	33
Mason	3936	-8431	33
Néa Ionía	3938	2293	33
Harper	438	-771	33
Mol	5119	512	33
Debre Tabor	1185	3802	33
Tawaramoto	3455	13579	33
Åkersberga	5948	1830	33
Eastpointe	4247	-8296	33
Yōkaichiba	3570	14055	33
Setharja Old	2721	6847	33
Gillette	4429	-10550	33
Lenbe	1971	-7240	33
Radebeul	5111	1366	33
Buyeo	3627	12691	33
Velikiy Ustyug	6076	4631	33
Yangiyer	4027	6882	33
Nienburg	5265	922	33
Valparaiso	4147	-8706	33
Viernheim	4954	858	33
Khewra	3265	7301	33
Midvale	4061	-11190	33
Nepānagar	2145	7639	33
Ennepetal	5130	736	33
Stains	4895	238	33
Badarganj	2567	8905	33
Bray	5320	-610	33
Prachin Buri	1405	10137	33
Spring Valley	4111	-7404	33
Ōiso	3532	13932	33
Sasaguri	3362	13055	33
Nautanwa	2743	8342	33
Kuroda	3535	13678	33
Vallabh Vidyanagar	2253	7290	33
Georgsmarienhütte	5220	804	33
Tamalous	3684	664	33
Tenosique	1747	-9142	33
Rome	4321	-7546	33
Pontal	-2102	-4804	33
Darwen	5370	-246	33
Jagna	965	12437	33
Al Abyār	3219	2060	33
Iława	5360	1957	33
Chanderi	2471	7814	33
Bambari	577	2068	33
Lewiston	4642	-11702	33
Manuguru	1793	8083	33
Rheinfelden	4756	779	33
Bāndarban	2220	9222	33
Agrigento	3731	1358	33
Königs Wusterhausen	5230	1363	33
Yubileyny	5593	3783	33
Stuhr	5303	875	33
Mahemdāvād	2282	7276	33
Mohyliv-Podilskyi	4845	2780	33
Aïn Kercha	3592	670	32
Vinces	-156	-7975	32
Aguilares	-2743	-6561	32
Bugarama	-287	3053	32
Örnsköldsvik	6329	1872	32
Wisbech	5267	16	32
Somma Vesuviana	4087	1444	32
North Ridgeville	4139	-8202	32
Petersburg	3723	-7740	32
Rethymno	3537	2448	32
Nueva Italia de Ruiz	1902	-10209	32
Timbuktu	1677	-301	32
San Antonio del Táchira	781	-7244	32
Desnogorsk	5415	3328	32
Kupjansk	4971	3762	32
Goribidnūr	1361	7752	32
Richmond	-2987	3027	32
Almora	2960	7966	32
Ken Caryl	3958	-10511	32
Bor	3789	3456	32
Randallstown	3937	-7680	32
Chur	4685	953	32
Westlake	4146	-8192	32
Granadero Baigorria	-3286	-6072	32
Cambrils	4107	106	32
Caicedonia	433	-7583	32
Al-`Ula	2661	3792	32
Kashima	3311	13009	32
Nakodar	3113	7548	32
Kazincbarcika	4825	2063	32
Aioi	3480	13447	32
Kudat	689	11682	32
Farrokh Shahr	3227	5098	32
Bangor	4480	-6878	32
Clermont	2855	-8177	32
Lukhovitsy	5498	3904	32
Châtillon	4880	229	32
Karamsad	2254	7290	32
Jaten	-758	11090	32
Zapotlanejo	2062	-10307	32
Gödöllő	4760	1936	32
Ikongo	-2188	4743	32
Udomlya	5788	3499	32
Chocope	-779	-7922	32
Granada	355	-7371	32
Sun Prairie	4318	-8921	32
Manali	1317	8027	32
Slobodskoy	5873	5018	32
Georgetown	3821	-8456	32
Jayrūd	3381	3674	32
Dharmābād	1889	7785	32
Coaraci	-1464	-3955	32
Nuevo Imperial	-1308	-7632	32
Imperial	-1306	-7635	32
Biberach an der Riß	4809	979	32
Otavalo	23	-7826	32
Fairbanks	6484	-14772	32
De Aar	-3065	2401	32
Guimba	1566	12077	32
College Park	3898	-7694	32
Yamaga	3302	13069	32
Aosta	4574	732	32
Vienne	4553	487	32
Schiltigheim	4861	775	32
Retreat	-3406	1848	32
Boyolangu	-812	11189	32
Springville	4017	-11161	32
El Triunfo	-193	-7997	32
Chalchuapa	1399	-8968	32
Natick	4228	-7135	32
North Cowichan	4884	-12369	32
Bogdanovich	5678	6205	32
Gyula	4665	2128	32
Crailsheim	4913	1007	32
Maşyāf	3507	3634	32
Svishtov	4362	2535	32
Massillon	4080	-8152	32
Gumushkhane	4046	3947	32
Vedaraniyam	1037	7985	32
Walla Walla	4606	-11834	32
Florida	-3410	-5621	32
Yanai	3397	13212	32
Ruma	4501	1982	32
Landskrona	5587	1283	32
Salto de Pirapora	-2365	-4757	32
Florence	3900	-8463	32
Macuspana	1776	-9260	32
Meschede	5135	828	32
Nyköping	5875	1701	32
Lucera	4151	1534	32
Puerto de la Cruz	2841	-1655	32
Paranaíba	-1968	-5119	32
Jayamkondacholapuram	1121	7936	32
Andover	4523	-9329	32
Câmara de Lobos	3265	-1698	32
Kālka	3084	7694	32
Hopkinsville	3687	-8749	32
Menongue	-1466	1769	32
Sidi Yahia El Gharb	3430	-630	32
Rheinberg	5155	660	32
Umarga	1784	7662	32
Curtea de Argeş	4513	2467	32
Borehamwood	5165	-28	32
Ja Ela	707	7989	32
Kumru	4087	3726	32
Chieri	4501	782	32
Moose Jaw	5040	-10553	32
Ma‘arratmişrīn	3601	3667	32
Pinjaur	3080	7692	32
Centro Familiar la Soledad	2114	-10175	32
Laramie	4131	-10559	32
Greenville	3341	-9106	32
Bisauli	2831	7894	32
Werl	5155	791	32
Seinäjoki	6279	2283	32
Curitibanos	-2728	-5058	32
Les Mureaux	4899	191	32
Turaiyūr	1115	7860	32
Żywiec	4969	1919	32
Kamo	3766	13904	32
Prestwich	5353	-228	32
Motherwell	5579	-399	32
Bethel Park	4033	-8004	32
Maputsoe	-2889	2790	32
Jinka	565	3665	32
Bocaiúva	-1711	-4381	32
Kurtalan	3793	4168	32
Akçakale	3671	3895	32
Bernburg	5179	1174	32
Cookeville	3616	-8550	32
Wavre	5072	460	32
Randolph	4216	-7104	32
Guarda	4054	-727	32
Favara	3732	1366	32
Oceanside	4064	-7364	32
Danville	4012	-8763	32
Quirinópolis	-1845	-5045	32
Boende	-28	2088	32
Quitilipi	-2687	-6022	32
Rumbek	681	2968	32
Antsohimbondrona	-1308	4885	32
Charqueadas	-2995	-5163	32
Holstebro	5636	862	32
Yeşilli	3734	4082	32
Smolyan	4157	2471	32
Pāvugada	1410	7728	32
Limbiate	4560	913	32
Tietê	-2310	-4771	32
Koupéla	1218	-35	32
Eisenhüttenstadt	5215	1465	32
Naranjal	-267	-7962	32
Itapagé	-369	-3959	32
Puerto Iguazú	-2560	-5457	32
Huixtla	1514	-9246	32
Montgomery Village	3918	-7720	32
Binche	5041	416	32
Sant Joan Despí	4137	206	32
Yamoto	3843	14121	32
Villaguay	-3187	-5903	32
Quvasoy	4030	7198	32
Ambasamudram	871	7745	32
Cleethorpes	5356	-3	32
Le Perreux-sur-Marne	4885	250	32
Zamānia	2542	8356	32
Ciudad Fernández	2194	-10001	32
North Olmsted	4142	-8192	32
Casilda	-3304	-6117	32
Ras Gharib	2836	3308	32
Lower Earley	5143	-92	32
Deeside	5320	-304	32
Malkapur	1726	7418	32
Kyzyl-Kyya	4026	7213	32
Midoun	3381	1099	32
Djidiouia	3593	83	32
Land O' Lakes	2822	-8246	32
Wedel	5358	970	32
Lommel	5123	531	32
Guyancourt	4877	207	32
Falmouth	5015	-507	32
Palaiseau	4872	225	32
Barbacha	3657	497	32
Kėdainiai	5529	2397	32
Shirdi	1977	7448	32
Bandipura	3442	7464	32
Nyahururu	4	3636	32
Richmond West	2561	-8043	32
Kokrajhar	2640	9027	32
Machakos	-152	3727	32
Donskoy	5397	3834	32
Gombong	-761	10951	32
Hajdúböszörmény	4767	2152	32
Of	4094	4026	32
Qarah Ẕīā’ od Dīn	3889	4503	32
Kimovsk	5397	3853	32
Kongolo	-539	2700	32
Vallentuna	5953	1808	32
Palladam	1099	7729	32
Hyde	5345	-208	32
IJmuiden	5246	461	32
Znamensk	4858	4573	32
Ourilândia do Norte	-675	-5108	32
Saint-Dizier	4864	495	32
Menen	5080	312	32
’Aïn el Bell	3434	322	32
İmamoğlu	3727	3566	32
Watertown	4237	-7118	32
Mamu Kanjan	3083	7280	32
Neuruppin	5293	1280	32
Hīt	3364	4283	32
Synel’nykove	4832	3552	32
Slagelse	5540	1135	32
Muddebihāl	1634	7613	32
el hed	3665	477	32
Lālganj	2587	8517	32
Rasrā	2586	8385	32
Glastonbury	4171	-7261	32
Islāmpur	2514	8521	32
Amlapura	-845	11562	32
Amlapura city	-845	11561	32
Ōdachō-ōda	3519	13251	32
Creil	4926	248	32
Ghugus	1994	7911	32
Saḩar	1532	4431	32
Sattur	936	7792	32
Sharqpur Sharif	3146	7410	32
Westmont	3394	-11830	32
Privolzhskiy	5141	4605	32
Anbyŏn-ŭp	3904	12752	32
Digri	2516	6911	32
Manjakandriana	-1892	4780	32
Ansbach	4930	1059	32
Bāsudebpur	2112	8673	32
Pekan	348	10340	32
Khāchrod	2342	7528	32
Galapagar	4058	-400	32
Kolea	3664	277	32
Alvalade	3875	-914	32
Santa Rita	1054	-7151	32
Gimbi	917	3583	32
Garfield	4088	-7411	32
Phủ Lý	2055	10591	32
Belalcázar	265	-7597	32
São Luiz Gonzaga	-2841	-5496	32
Gorodets	5665	4347	32
Vandœuvre-lès-Nancy	4865	618	32
Bhera	3248	7291	32
Yavné	3188	3474	32
Kreuztal	5097	799	32
Milazzo	3822	1524	32
Kabacan	711	12483	32
Dogondoutchi	1364	403	32
Santa Pola	3819	-57	32
General José de San Martín	-2654	-5934	32
Kotma	2320	8198	32
Al Qaryatayn	3423	3724	32
Laguna Hills	3361	-11771	32
Tienen	5081	494	32
Santa Maria Capua Vetere	4108	1425	32
Campo Maior	-483	-4217	32
Momostenango	1504	-9141	32
Jidd Ḩafş	2622	5055	32
Bhatkal	1399	7456	32
Kiskunfélegyháza	4671	1984	32
Tremembé	-2296	-4555	32
Kópavogur	6411	-2191	32
Jaguariúna	-2271	-4699	32
Isulan	663	12461	32
Nakhabino	5585	3718	32
Megarine	3319	609	32
Allanridge	-2775	2664	32
West Bend	4343	-8818	32
Uekimachi-mōno	3290	13069	32
Amecameca	1912	-9877	32
Thonon-les-Bains	4637	648	32
Nabīnagar	2389	9097	32
Castro-Urdiales	4338	-322	32
Willingboro	4003	-7487	32
Chichester	5084	-78	32
Barros Blancos	-3475	-5600	32
Morrelgonj	2246	8986	32
Sainte-Marie	-2090	5555	32
Lampertheim	4960	847	32
Angri	4074	1457	32
Sosnovoborsk	5612	9334	32
Sakrand	2614	6827	32
Papendrecht	5183	469	32
Shingū	3373	13598	32
Barnstaple	5108	-406	32
Evergem	5111	371	32
Khurai	2404	7833	32
Tando Jam	2543	6853	32
Idar-Oberstein	4971	731	32
Chittūr	1070	7675	32
Salqīn	3614	3645	32
Villarrica	-3929	-7223	32
Kudymkar	5901	5466	32
Javea	3878	17	32
Raiwind	3125	7422	32
Spalding	5279	-15	32
Mundelein	4226	-8800	32
Centereach	4086	-7310	32
Villanueva	1532	-8800	32
Béthune	5053	264	32
Cananea	3099	-11029	32
Vadigenhalli	1330	7780	32
Mozhaysk	5550	3603	32
Obukhiv	5011	3062	32
Agogo	680	-108	32
Mount Juliet	3620	-8652	32
Naugatuck	4149	-7305	32
Sijua	2378	8633	32
Zapala	-3890	-7005	32
Vandavāsi	1250	7961	32
Sambava	-1427	5017	32
San Luis	3249	-11478	32
San Carlos	-3642	-7196	32
Pankshin	933	944	32
Barabinsk	5536	7836	32
Torre-Pacheco	3774	-95	31
Lahān	2672	8648	31
Ceylanpınar	3685	4005	31
Masindi	167	3171	31
Loma Bonita	1811	-9588	31
Crema	4536	968	31
Lālsot	2656	7633	31
Brighton Beach	4058	-7396	31
Michigan City	4171	-8690	31
Dania Beach	2605	-8014	31
Bandar	205	9975	31
Fandriana	-2023	4738	31
San Javier	3781	-84	31
San José	1095	-8514	31
Bulanık	3909	4227	31
Coruripe	-1013	-3618	31
Alaminos	1406	12125	31
Shāhpur	1670	7684	31
Lewiston Orchards	4638	-11698	31
Chemmumiahpet	1590	7932	31
Ninomiya	3530	13926	31
Wankyi	774	-210	31
Oldenzaal	5231	693	31
Ajka	4710	1756	31
Osterholz-Scharmbeck	5323	880	31
Bahādurganj	2626	8782	31
Camargo	4341	-388	31
Lloydminster	5327	-11002	31
Trutnov	5056	1591	31
Côte-Saint-Luc	4547	-7367	31
Gomoh	2387	8615	31
Bramsche	5241	797	31
Lexington	4245	-7122	31
Quimbaya	462	-7576	31
Jalālpur	2631	8274	31
Muyuka	429	941	31
Birendranagar	2860	8163	31
Navarre	3040	-8686	31
Holly Springs	3565	-7883	31
Maluso	654	12188	31
Orosháza	4657	2067	31
Khunti	2308	8528	31
Kangayam	1101	7756	31
Colomiers	4361	133	31
Cauquenes	-3597	-7232	31
Lalian	3182	7280	31
Kutoarjo	-772	10991	31
Zira	3097	7499	31
Kerava	6040	2511	31
Lohmar	5084	721	31
Herrenberg	4860	887	31
Murakami	3823	13948	31
Bussum	5227	516	31
Palín	1440	-9070	31
Mvomero	-625	3867	31
Grottaglie	4054	1744	31
Santa Eulària des Riu	3898	153	31
Cheongsong gun	3643	12906	31
Barra do Bugres	-1507	-5718	31
Huatusco	1915	-9697	31
San José Guadalupe Otzacatipan	1934	-9959	31
Hengchun	2200	12074	31
Shawnee	3533	-9693	31
Jhanjhārpur	2626	8628	31
Sāngola	1744	7519	31
Casale Monferrato	4513	845	31
Jinan-gun	3579	12743	31
Bahau	281	10240	31
Galesburg	4095	-9037	31
Banī Suhaylā	3134	3432	31
Neuchâtel	4699	693	31
Sakai-nakajima	3627	13925	31
Bayburt	4026	4022	31
Marovoay	-1611	4664	31
Vavoua	738	-648	31
Ţafas	3274	3607	31
Bowling Green	4137	-8365	31
Singānallūr	1100	7703	31
Nogent-sur-Marne	4884	248	31
Karangampel	-646	10845	31
Ōtsuki	3562	13897	31
Athis-Mons	4871	239	31
Nemuro	4332	14557	31
Des Moines	4740	-12232	31
Krabi	807	9891	31
Güstrow	5380	1217	31
Bāfq	3160	5540	31
Arcos de la Frontera	3675	-581	31
Villa Regina	-3910	-6707	31
Humaitá	-752	-6303	31
Tucano	-1096	-3879	31
Guapimirim	-2254	-4298	31
Leioa	4333	-299	31
Liptovský Mikuláš	4908	1962	31
Wheat Ridge	3977	-10508	31
Kāramadai	1124	7696	31
Rutherglen	5583	-421	31
Kuala Belait	458	11423	31
Cloppenburg	5285	804	31
Saint-Georges	4611	-7067	31
Rāmāpuram	1310	7918	31
Thornton-Cleveleys	5387	-302	31
Chilapa de Álvarez	1760	-9917	31
Balakliya	4946	3686	31
Ban Khlong Bang Sao Thong	1364	10083	31
Shepparton	-3638	14540	31
Valdepeñas	3876	-338	31
Barberà del Vallès	4152	212	31
Ortaköy	3874	3404	31
Ganderkesee	5303	853	31
Hayama	3528	13958	31
Aberdare	5171	-345	31
Kouvola	6087	2670	31
Pavlovskaya	4614	3978	31
Viry-Châtillon	4867	239	31
Travnik	4423	1767	31
Kičevo	4151	2096	31
Houilles	4892	219	31
Nawanshahr	3112	7612	31
Merzig	4944	664	31
Cabadbaran	912	12554	31
Campina Grande do Sul	-2531	-4906	31
Yaring	687	10137	31
Florence	3303	-11139	31
Tigre	-3443	-5858	31
’Aïn Benian	3680	292	31
Betioky	-2372	4438	31
Soissons	4938	332	31
Likino-Dulevo	5571	3895	31
Kula	3855	2865	31
Louveira	-2309	-4695	31
Mankāchar	2553	8986	31
Surallah	638	12475	31
Dyurtyuli	5549	5487	31
Deggendorf	4884	1296	31
Sfizef	3523	-24	31
Rāzampeta	1420	7916	31
Adamantina	-2169	-5107	31
Valkenswaard	5135	546	31
Verbania	4592	855	31
Freha	3675	432	31
Caerphilly	5157	-322	31
Dreux	4874	137	31
Gurnee	4237	-8790	31
Jiménez	2833	-10540	31
Pagaluñgan	714	12438	31
San Giuliano Milanese	4539	929	31
São Sebastião do Passé	-1251	-3850	31
Termoli	4200	1499	31
Minaçu	-1353	-4822	31
Kornwestheim	4886	919	31
Kwang Binh	1747	10662	31
Rostov	5719	3941	31
Myrtle Beach	3369	-7889	31
Sabalgarh	2625	7741	31
Hailākāndi	2468	9256	31
Jagdīspur	2547	8442	31
Jagdīshpur	2675	8055	31
Nagai	3810	14003	31
Na Klang	1731	10219	31
Sirūr	1883	7437	31
Heusden	5104	528	31
Rāwatsār	2927	7440	31
Shamsābād	2702	7812	31
Mateur	3704	967	31
Mimarsinan	4102	2856	31
Ruislip	5157	-42	31
Ibanda	-13	3050	31
Lucban	1411	12156	31
Partūr	1960	7622	31
Parkersburg	3927	-8156	31
Carballo	4321	-869	31
Puttūr	1344	7955	31
Terracina	4129	1324	31
Taastrup	5565	1230	31
Hellín	3851	-170	31
Gūduvāncheri	1285	8006	31
Miami Lakes	2591	-8031	31
Saratoga	3726	-12202	31
Khairpur Tamewah	2958	7224	31
East Lake	2811	-8269	31
Wevelgem	5080	317	31
Palmeira das Missões	-2790	-5331	31
Famaillá	-2705	-6540	31
Nasarawa	854	771	31
Banning	3393	-11688	31
Motala	5854	1504	31
Goleta	3444	-11983	31
Lakeside	3013	-8177	31
Long Branch	4030	-7399	31
Itaitinga	-397	-3853	31
Erandol	2092	7533	31
Pasān	2284	8220	31
Kesabpur	2291	8922	31
Ḩadīthah	3414	4238	31
Baalbek	3401	3622	31
Arendal	5846	877	31
Fair Oaks	3864	-12127	31
Charenton-le-Pont	4882	241	31
Nahiyat Ghammas	3174	4462	31
San Andrés del Rabanedo	4261	-562	31
Chanika	-542	3802	31
Kusŏng	3998	12524	31
Oława	5095	1729	31
Northeim	5171	1000	31
Kachia	987	795	31
Wayne	4004	-7539	31
Lake Stevens	4802	-12206	31
Lobatse	-2522	2568	31
Senigallia	4372	1321	31
Villeneuve-Saint-Georges	4873	245	31
Champotón	1935	-9072	31
Dover	4320	-7087	31
Yugorsk	6131	6333	31
Radnor	4005	-7536	31
Massafra	4059	1712	31
Rūdarpur	2644	8361	31
Oyem	160	1158	31
Miguel Alemán (La Doce)	2884	-11148	31
Pinerolo	4489	733	31
Itoigawa	3703	13785	31
Holladay	4067	-11182	31
Safidon	2941	7667	31
Mompós	924	-7443	31
Guasdualito	724	-7073	31
Hatta	2413	7960	31
Manghit	4212	6006	31
Hillerød	5593	1230	31
Biga	4023	2724	31
Matozinhos	-1956	-4408	31
Macerata	4330	1345	31
Kharan	2858	6542	31
Cholargós	3800	2380	31
Herriman	4051	-11203	31
Elūr	1007	7628	31
Élancourt	4878	196	31
Basavana Bāgevādi	1657	7597	31
Kaminokawa	3643	13992	31
South Kingstown	4145	-7152	31
Bielawa	5069	1662	31
Bom Jesus do Itabapoana	-2113	-4168	31
Saint Neots	5222	-27	31
Werne	5166	763	31
Geraardsbergen	5077	388	31
Agudos	-2247	-4899	31
Ružomberok	4907	1931	31
Or Yehuda	3203	3486	31
Perambalur	1123	7888	31
Estero	2644	-8181	31
Escuinapa	2283	-10578	31
Ithaca	4244	-7650	31
Alençon	4843	9	31
Tocoa	1568	-8600	31
North Tonawanda	4304	-7886	31
Dorohoi	4795	2640	31
Āsbe Teferī	909	4087	31
Brooklyn Center	4508	-9333	31
San Luis de Sincé	924	-7515	31
Conegliano	4589	1230	31
San Benito	1692	-8992	31
Pikesville	3937	-7672	31
Iyo	3375	13270	31
New Iberia	3000	-9182	31
Alamogordo	3290	-10596	31
Panarukan	-770	11392	31
Novogrudok	5359	2582	31
Karasu	4110	3070	31
Pallisa	115	3371	31
Vrilissia	3803	2383	31
Bad Vilbel	5018	874	31
Orangeville	4392	-8010	31
Parkville	3938	-7654	31
Sorochinsk	5243	5316	31
Bad Hersfeld	5087	971	31
Wattala	699	7989	31
Augusta	3724	1522	31
Statesboro	3245	-8178	31
Peliyagoda	697	7988	31
Souran	3529	3675	31
Făgăraș	4585	2497	31
Morgantown	3963	-7996	31
Los Gatos	3723	-12197	31
Gangtok	2733	8861	31
Yany Kapu	4596	3379	31
Meppel	5270	619	31
Lökbatan	4033	4973	31
Xirivella	3947	-43	31
Kyela	-958	3385	31
Matthews	3512	-8072	31
Mālūr	1300	7794	31
Mednogorsk	5141	5759	31
Alcázar de San Juan	3939	-321	31
Usilampatti	997	7779	31
Un	2389	7177	31
Los Altos	3739	-12211	31
Abbiategrasso	4540	892	31
Chajarí	-3075	-5798	31
Clearfield	4111	-11203	31
Vushtrri	4282	2097	31
Palapye	-2255	2713	31
Mercedes	-2918	-5808	31
Franklin	4208	-7140	31
Burgess Hill	5096	-13	31
Korem	1251	3952	31
Mūdbidri	1307	7500	31
Rājākhera	2690	7817	31
Jaguariaíva	-2424	-4971	31
Mānwat	1930	7650	31
Nāḩīyat Saddat al Hindīyah	3272	4428	31
Owings Mills	3942	-7678	31
Ambanja	-1367	4845	31
Sotteville-lès-Rouen	4941	109	31
Pilar	-960	-3596	31
Curanilahue	-3748	-7334	31
L’Arbaa Naït Irathen	3663	420	31
Aiken	3356	-8172	31
Wādi	1705	7699	31
Ōmachi	3650	13787	31
Anta	2515	7630	31
Banamba	1355	-745	31
Plainfield	3970	-8640	31
Beverley	5385	-42	31
Tantoyuca	2135	-9823	31
Helena	4659	-11204	31
Cosamaloapan	1837	-9580	31
Ballwin	3860	-9055	31
Manchester	4178	-7252	31
Topki	5528	8562	31
Puruándiro	2009	-10152	31
Algonquin	4217	-8829	31
Bel Air North	3955	-7637	31
Kirzhach	5615	3886	31
Playas	-263	-8039	31
Newington	4170	-7272	31
Vera Cruz	-1263	-4103	31
Deal	5122	140	31
Baie-Mahault	1627	-6159	31
Mahārāganj	2714	8356	31
Masaki-chō	3379	13271	31
Westfield	4066	-7435	31
Santa Paula	3435	-11906	31
Barberena	1431	-9036	31
Fallbrook	3338	-11725	31
Eldersburg	3940	-7695	31
Orange	4414	481	31
Karamürsel	4069	2962	31
Mutuáli	-1487	3700	31
Sherwood	3482	-9222	31
Springfield Gardens	4066	-7376	31
Āsosa	1007	3453	31
Wishaw	5577	-392	31
Nyachera	-90	3042	31
Manises	3949	-46	31
Takehara	3434	13292	31
Oued Sly	3610	120	31
Butajīra	812	3837	31
Khovd	4801	9164	31
Kostopil’	5088	2645	31
Paraiso	1088	12336	30
Lawrenceville	3396	-8399	30
Gladstone	-2385	15126	30
Lupeni	4536	2324	30
Springfield	3879	-7719	30
Mizque	-1794	-6534	30
Tarakeswar	2289	8801	30
Huatabampo	2683	-10964	30
Kaysville	4104	-11194	30
Rongai	-17	3586	30
Keelakarai	923	7879	30
Łuków	5193	2238	30
Granger	4175	-8611	30
Guariba	-2136	-4823	30
Starominskaya	4653	3905	30
Burlingame	3758	-12237	30
Post Falls	4772	-11695	30
Liberty	3925	-9442	30
Sint-Pieters-Leeuw	5078	424	30
Robbah	3328	691	30
Forchheim	4972	1106	30
Kwinana	-3223	11578	30
Mehar	2718	6782	30
Nicolás R Casillas	2055	-10347	30
Borzya	5038	11652	30
Pontypridd	5160	-334	30
Kakching	2450	9398	30
Kemalpaşa	3843	2742	30
Jaraguá	-1576	-4933	30
Oer-Erkenschwick	5164	726	30
Pililla	1449	12131	30
Panambi	-2829	-5350	30
San Pablo	3796	-12235	30
Gevrai	1926	7575	30
Śrem	5209	1702	30
Alaquàs	3946	-46	30
Savage	4478	-9334	30
Tagoloan	854	12475	30
Görele	4103	3900	30
Poughkeepsie	4170	-7392	30
Pihānī	2762	8020	30
Vasto	4211	1471	30
Ujiie	3668	13997	30
Garibaldi	-2926	-5153	30
Mosonmagyaróvár	4787	1727	30
Binnish	3596	3671	30
Nebbi	248	3109	30
Ambositra	-2053	4724	30
Texarkana	3344	-9404	30
Villenave-d'Ornon	4478	-57	30
Sarkhej	2298	7250	30
Beykonak	3633	3030	30
Kaeng Khoi	1459	10100	30
Presidente Dutra	-529	-4449	30
Voluntari	4449	2617	30
Remuna	2153	8687	30
Khangah Dogran	3183	7362	30
Sidareja	-748	10879	30
Télimélé	1090	-1303	30
North Royalton	4131	-8172	30
Petrich	4140	2321	30
Tönisvorst	5132	649	30
Bad Nauheim	5036	874	30
Pontoise	4905	210	30
Khairpur Nathan Shah	2709	6773	30
Chicago Heights	4151	-8764	30
Jāsim	3299	3606	30
Sri Mādhopur	2747	7560	30
Bakri	204	10265	30
Tlajomulco de Zúñiga	2047	-10345	30
Bouinan	3653	299	30
Lumbang	1430	12146	30
Udaipur	2772	7547	30
Lebanon	3621	-8629	30
Winsford	5319	-252	30
Monze	-1628	2748	30
Walajapet	1293	7937	30
Villazón	-2209	-6559	30
Villiers-sur-Marne	4883	255	30
Pedana	1626	8114	30
Asprópyrgos	3806	2359	30
Dunakeszi	4764	1914	30
Harpenden	5182	-36	30
Walnut	3402	-11787	30
Schwelm	5129	729	30
Stratford	4337	-8095	30
Ferokh	1118	7584	30
Salāya	2231	6960	30
Cardona	1449	12123	30
Waltrop	5162	740	30
Bhāndāria	2249	9006	30
Burgdorf	5245	1001	30
Grajaú	-582	-4614	30
Bogoroditsk	5377	3812	30
Coxim	-1851	-5476	30
Pakisaji	-807	11260	30
Kuah	633	9984	30
Musiri	1095	7844	30
Ciudad Vieja	1452	-9076	30
Debal’tseve	4834	3840	30
Madison Heights	4249	-8311	30
Rayleigh	5159	60	30
Whitstable	5136	103	30
DeLand	2903	-8130	30
Nirgua	1015	-6856	30
Savalou	793	198	30
Cedar City	3768	-11306	30
Selogiri	-778	11087	30
Orillia	4461	-7942	30
Parkland	2631	-8024	30
Kórinthos	3794	2295	30
Khair	2794	7784	30
Candelária	-2967	-5279	30
Kibiti	-772	3894	30
Pointe-Claire	4545	-7382	30
Novo Horizonte	-2147	-4922	30
Arrentela	3863	-910	30
Camberley	5134	-74	30
Moanda	-157	1320	30
Ōtake	3421	13222	30
West Warwick	4170	-7152	30
Kifrī	3469	4496	30
Chītāpur	1712	7708	30
Nkowakowa	-2389	3029	30
Kombissiri	1207	-134	30
Kostomuksha	6457	3058	30
Risod	1998	7679	30
Buhi	1343	12352	30
Sakété	674	266	30
Ahrensburg	5368	1023	30
Piombino	4293	1053	30
Ashburton	-4390	17173	30
Telsiai	5598	2225	30
Seria	461	11432	30
Radolfzell	4774	897	30
Chatou	4889	216	30
Postmasburg	-2833	2307	30
Uruaçu	-1452	-4914	30
Vernier	4622	608	30
Jamestown	4210	-7924	30
Meskiana	3563	767	30
Karpinsk	5977	6000	30
New Bern	3511	-7704	30
Shatura	5557	3954	30
Salima	-1378	3446	30
Houthalen	5103	537	30
Helchteren	5106	538	30
Dhandhuka	2238	7199	30
Ar Rudayyif	3438	816	30
Goussainville	4901	247	30
Canosa di Puglia	4122	1607	30
Ptolemaḯda	4051	2168	30
Rochester	4330	-7098	30
Purral	996	-8403	30
Puente-Genil	3739	-477	30
Tambo Grande	-493	-8034	30
Fatehpur Sīkri	2709	7766	30
Cleburne	3235	-9739	30
Divnogorsk	5596	9237	30
Bidur	412	10128	30
Achim	5301	903	30
Obala	417	1153	30
Kuta	-872	11517	30
Montijo	3871	-897	30
Honchō	4189	14069	30
Zaïo	3494	-273	30
Redondela	4228	-861	30
Dibba Al-Fujairah	2559	5626	30
Ghormach	3573	6378	30
Vilyeyka	5449	2691	30
Las Animas	-3981	-7322	30
Nagqu	3148	9206	30
Fuyuan	4836	13429	30
Wittenberg	5187	1265	30
Rødovre	5568	1245	30
Albertslund	5566	1236	30
Lardjem	3575	155	30
Atamaría	3760	-81	30
Puerto del Carmen	2892	-1367	30
Barnet	5165	-20	30
Ts’khinvali	4223	4397	30
Maros	-501	11957	30
Birpara	2670	8915	30
Yanamalakuduru	1649	8067	30
Cherpulassery	1088	7631	30
Suong	1191	10566	30
Kurye	3521	12746	30
Rivas	1144	-8583	30
Ypenburg	5204	437	30
Petrovskaya	5555	3778	30
Nikulino	5567	3747	30
Lazarevskoye	4391	3933	30
Annino	5558	3726	30
Piešťany	4859	1783	30
Dara	1535	-1548	30
Khorugh	3749	7155	30
Köneürgench	4233	5915	30
Pervomays’kyy	4939	3621	30
Cát Bà	2073	10705	30
Ruwa	-1789	3124	30
Oranjestad	1252	-7003	30
Amla	2192	7813	30
Salt	4197	279	30
Jarabacoa	1912	-7064	30
Bedworth	5248	-147	30
Narsinghgarh	2371	7709	30
Giżycko	5404	2176	30
Talāja	2135	7204	30
Dharmadam	1178	7546	30
Winter Park	2860	-8134	30
Carney	3939	-7652	30
Southlake	3294	-9713	30
Gérakas	3802	2386	30
San Carlos	3751	-12226	30
Castro	-4247	-7377	30
Săcele	4562	2571	30
Araklı	4094	4006	30
Kushchëvskaya	4656	3963	30
Aldaia	3947	-46	30
Bhongaon	2726	7918	30
Mascalucia	3757	1505	30
Affery	632	-395	30
Nanga Eboko	468	1237	30
Marigliano	4092	1446	30
Woodstock	3410	-8452	30
Lomme	5064	299	30
Metamórfosi	3807	2376	30
Grabouw	-3415	1902	30
Delbrück	5177	856	30
Malvar	1404	12116	30
East Hill-Meridian	4741	-12217	30
Vierzon	4722	207	30
Niles	4202	-8780	30
Tiruchchendur	850	7812	30
Laplace	3007	-9048	30
Barcarena	-151	-4863	30
Upper Dir	3521	7188	30
Farafenni	1357	-1560	30
Westchester	2575	-8033	30
Sāsvad	1834	7403	30
Sasovo	5435	4192	30
Faaa	-1755	-14960	30
Yemanzhelinsk	5475	6132	30
Ambad	1961	7579	30
San Rafael del Sur	1185	-8644	30
Rāmgarh	2725	7518	30
Kabalo	-605	2691	30
Shīeli	4417	6674	30
Springe	5221	955	30
Pāsārgād	3020	5318	30
Tsiombe	-2530	4548	30
Aringay	1639	12035	30
Jalālābād	3061	7426	30
Frattamaggiore	4094	1428	30
Ōzu	3288	13087	30
Atascadero	3549	-12067	30
Ribeirão	-851	-3538	30
Tongeren	5078	546	30
Deinze	5098	353	30
Kent	4115	-8136	30
Łowicz	5211	1995	30
Baie-Comeau	4922	-6815	30
Iturama	-1973	-5020	30
Kisesa	-308	3415	30
San Paolo	4112	1679	30
Shar’ya	5837	4552	30
Tequisquiapan	2052	-9989	30
Soro	2128	8669	30
Santa Elena de Uairén	460	-6111	30
Weißenfels	5120	1197	30
Heswall	5333	-310	30
Mandalī	3375	4556	30
Betafo	-1983	4685	30
Levittown	1845	-6618	30
Lingsugūr	1616	7652	30
Puerto Asís	51	-7650	30
San Miguel Ajusco	1922	-9920	30
Gloucester	4261	-7066	30
Waterloo	5071	440	30
Písek	4931	1415	30
Ghauspur	2814	6908	30
Charneca de Caparica	3862	-919	30
Arteixo	4330	-851	30
Mathba	2229	8996	30
Tallkalakh	3467	3626	30
Nicholasville	3788	-8457	30
Augustów	5384	2298	30
Oak Park	4246	-8318	30
Gajendragarh	1574	7597	30
Anloga	579	90	30
Madurāntakam	1251	7988	30
Highland Park	4218	-8780	30
Saint-Médard-en-Jalles	4490	-72	30
Tobias Barreto	-1118	-3800	30
Umaria	2352	8084	30
Sovetskaya Gavan’	4897	14029	30
Euclides da Cunha	-1051	-3902	30
Karakoçan	3895	4003	30
Sidi Amrane	3350	601	30
Vechta	5273	829	30
Samal	1477	12054	30
Hucknall	5303	-120	30
Devarkonda	1669	7892	30
Thiais	4876	240	30
Naumburg	5115	1181	30
Tangub	806	12375	30
Ibusuki	3123	13065	30
Carpentras	4406	505	30
Vertientes	2126	-7815	30
L'Haÿ-les-Roses	4878	234	30
Lukuledi	-1057	3880	30
Waegwan	3599	12840	30
Kolín	5003	1520	30
Uychi	4108	7192	30
Dhāmnod	2221	7547	30
La Rinconada	-1463	-6945	30
Elizabethtown	3769	-8586	30
Austintown	4110	-8076	30
‘Ajab Shīr	3748	4589	30
Coyula	2066	-10323	30
Nardò	4018	1803	30
Leticia	-422	-6994	30
Calp	3864	4	30
Bilāri	2862	7880	30
Mūvattupula	998	7658	30
Egham	5143	-55	30
East Palo Alto	3747	-12214	30
South Gate	3913	-7663	30
Adūr	916	7673	30
Menton	4378	750	30
Metu	830	3558	30
Byaroza	5253	2498	30
Saoner	2139	7892	30
Pueblo West	3835	-10472	30
Rāisinghnagar	2954	7345	30
Mīrānpur Katra	2803	7967	30
Winterswijk	5197	672	30
Bilzen	5087	552	30
Wegberg	5114	628	30
Port Chester	4100	-7367	30
San Juan Nepomuceno	995	-7508	30
Morales	275	-7663	30
Isawa	3565	13863	30
Imatra	6117	2875	30
Jaguarão	-3257	-5338	30
Sundern	5133	800	30
Cativá	936	-7983	30
Kirovsk	6761	3367	30
Pinotepa Nacional	1634	-9805	30
Betong	577	10107	30
Princeton	4035	-7466	30
Kalpatta	1161	7608	30
Andernach	5043	740	30
Ārangaon	1903	7471	30
Fort Hood	3113	-9778	30
LaGrange	3304	-8503	30
Alushta	4468	3441	30
Vukovar	4535	1900	30
Fălticeni	4745	2630	30
Kalavoor	957	7633	30
San Vicente de Tagua Tagua	-3444	-7108	30
Ciro Redondo	2202	-7870	30
Mekla	3668	426	30
Mānsa	2343	7266	30
Ibaté	-2195	-4800	30
Az Zabadānī	3372	3610	30
Salem	4279	-7120	30
Weil am Rhein	4759	762	30
Bang Phae	1369	9993	30
Turek	5202	1850	30
Srandakan	-794	11025	30
Opelika	3265	-8538	30
Alma	4855	-7165	30
Louvain-la-Neuve	5067	461	30
Saint-Laurent-du-Var	4367	719	30
Begoro	639	-38	30
Saintes	4575	-63	30
Boxtel	5159	533	30
Rahway	4061	-7428	30
Jinotepe	1185	-8620	30
Sevenoaks	5127	19	30
Kozluk	3819	4148	30
Taunusstein	5015	815	30
Zunheboto	2597	9452	29
Gaggenau	4880	833	29
Bandeirantes	-2311	-5037	29
North Chicago	4233	-8784	29
Middle Village	4072	-7388	29
Kefamenanu	-945	12448	29
Geesthacht	5344	1038	29
’Aïn Abid	3623	694	29
Constanza	1891	-7074	29
Kidsgrove	5309	-224	29
Hamar	6079	1107	29
Morristown	3621	-8329	29
Kasama	3638	14027	29
Escárcega	1861	-9075	29
Sestao	4331	-301	29
Abqaiq	2593	4967	29
Courcelles	5046	437	29
Bregenz	4750	975	29
Zeitz	5105	1214	29
Aïn Bessem	3629	367	29
Maināguri	2656	8882	29
Garzón	220	-7563	29
Limoeiro do Norte	-515	-3810	29
Bačka Palanka	4525	1940	29
Tangi	3430	7165	29
Cheshire	4150	-7290	29
Nāgar Karnūl	1648	7832	29
Branford	4128	-7282	29
Haan	5119	701	29
Minamata	3222	13040	29
Rochefort	4594	-97	29
Utmanzai	3419	7176	29
Malakoff	4882	230	29
Singojuruh	-832	11423	29
Gürpınar	4099	2861	29
Shamakhi	4063	4864	29
Nurota	4056	6569	29
Khedbrahma	2403	7305	29
Raytown	3901	-9446	29
Mława	5311	2038	29
Mlandizi	-670	3873	29
Tārānagar	2867	7503	29
Qahderījān	3258	5145	29
Umm Şalāl Muḩammad	2542	5141	29
Xàtiva	3899	-52	29
Santarém	3923	-868	29
Pontes e Lacerda	-1523	-5934	29
Pālkonda	1860	8376	29
Marfil	2099	-10128	29
George Town	1929	-8137	29
Yasugichō	3542	13324	29
Togitsu	3283	12985	29
Newtownards	5459	-569	29
Fruit Cove	3011	-8164	29
Atimonan	1400	12192	29
Kavajë	4119	1956	29
Kiskunhalas	4643	1948	29
Dhāri	2133	7103	29
Sosnogorsk	6360	5388	29
Didcot	5161	-124	29
Mirnyy	6133	4454	29
Almenara	-1618	-4069	29
Thal	3548	7224	29
Port Huron	4297	-8242	29
Smach Mean Chey	1155	10304	29
Tewksbury	4261	-7123	29
Tela	1577	-8747	29
Vega Baja	1844	-6639	29
Franklin Square	4071	-7368	29
Ingenio	2792	-1543	29
Ouricuri	-788	-4008	29
Nelson	5383	-220	29
Draveil	4868	241	29
Jewar	2812	7756	29
Trelleborg	5538	1316	29
Yehud-Monosson	3203	3488	29
Santa Isabel	3263	-11558	29
Savelugu	962	-83	29
Inca	3972	291	29
Oak Ridge	3601	-8427	29
Oelde	5183	815	29
Southgate	4221	-8319	29
Rusape	-1853	3213	29
Emmerich	5184	625	29
Cordova	1024	12394	29
Morozovsk	4836	4183	29
Sarikei	212	11152	29
Saint-Leu	4673	450	29
Piton Saint-Leu	-2122	5532	29
Kalyandurg	1455	7711	29
Dighwāra	2574	8501	29
Zernograd	4685	4031	29
Shīnḏanḏ	3330	6215	29
Shāhpura	2562	7492	29
Ţayyibat al Imām	3527	3671	29
East Haven	4128	-7287	29
Brunssum	5095	597	29
Minchianabad	3016	7357	29
Upper Alton	3891	-9015	29
Lampa	-3329	-7088	29
San Roque	3621	-538	29
Johnston	4182	-7151	29
Muvattupuzha	998	7657	29
Burntwood	5268	-193	29
Seonghwan	3692	12713	29
Olhão	3703	-784	29
Saint-Sébastien-sur-Loire	4721	-150	29
Hajīn	3470	4083	29
Atwater	3735	-12061	29
Bucak	3746	3059	29
Bachhraon	2893	7823	29
Krotoszyn	5170	1744	29
Vigia	-86	-4814	29
Rujewa	-870	3438	29
Galdakao	4323	-284	29
Actopan	2027	-9894	29
Pereval’s’k	4844	3884	29
Leusden	5213	543	29
Moramanga	-1895	4823	29
Totana	3777	-150	29
Ban Phan Don	1714	10297	29
Andkhōy	3695	6512	29
Comé	641	188	29
Carrickfergus	5472	-581	29
Irinjālakuda	1034	7621	29
West Falls Church	3886	-7719	29
Tequila	2088	-10384	29
Williamsport	4124	-7700	29
Mangrūl Pīr	2031	7734	29
Bühl	4870	814	29
Wongsorejo	-799	11440	29
Ilula	-768	3604	29
Duluth	3400	-8414	29
Friedberg	4836	1098	29
São João dos Inhamuns	-600	-4028	29
Kampong Masjid Tanah	235	10212	29
Bochnia	4997	2043	29
Fort Bragg	3514	-7901	29
Muborak	3926	6515	29
Rota	3663	-636	29
Warrnambool	-3838	14249	29
Felixstowe	5196	135	29
San Fernando	2485	-9815	29
Russellville	3528	-9313	29
Pacasmayo	-740	-7957	29
Ciutadella	4000	384	29
Le Chesnay	4882	212	29
Navolato	2477	-10770	29
Garh Maharaja	3083	7190	29
Kendal	5433	-275	29
Wetter (Ruhr)	5139	739	29
Madukkarai	1091	7696	29
Islāmnagar	2833	7873	29
Ariyalūr	1114	7908	29
Damāvand	3572	5207	29
Sanford	3548	-7918	29
Harker Heights	3108	-9766	29
Ponmana	901	7652	29
Consett	5485	-183	29
Voorhees	4048	-7448	29
Huşi	4667	2806	29
Burbank	4173	-8778	29
Kroměříž	4930	1739	29
Maó	3989	427	29
Monterusciello	4087	1408	29
Tournefeuille	4359	132	29
Muikamachi	3707	13888	29
Kamogawa	3510	14010	29
Tanah Merah	580	10215	29
Mānāvadar	2150	7014	29
Witney	5178	-149	29
Selçuk	3795	2737	29
Tame	646	-7174	29
Jahanian Shah	3181	7228	29
Trenggalek	-808	11171	29
Gragnano	4069	1452	29
Mastung	2980	6685	29
Marion	4056	-8566	29
Cernusco sul Naviglio	4553	933	29
Garango	1180	-55	29
Inkhil	3302	3613	29
Best	5151	539	29
Ipatovo	4572	4290	29
Tarui	3537	13653	29
Chŏngju	3969	12521	29
Clichy-sous-Bois	4891	255	29
Mioveni	4496	2494	29
Tunceli	3910	3954	29
Igarapava	-2004	-4775	29
Kaeng Khro	1611	10226	29
Granite City	3870	-9015	29
San Simon	1500	12078	29
Nouna	1273	-386	29
Boaco	1247	-8566	29
Póvoa de Varzim	4138	-876	29
Milford Mill	3935	-7677	29
Maki	3775	13888	29
Ashton in Makerfield	5348	-265	29
Ixtapa	2072	-10520	29
Sirsāganj	2706	7869	29
Tocache	-819	-7652	29
Bibai	4332	14186	29
Unecha	5285	3267	29
Bria	654	2199	29
Dikwa	1204	1392	29
Lake in the Hills	4218	-8833	29
Sānchor	2475	7177	29
Sainte-Julie	4558	-7333	29
Bethlehem	3170	3520	29
Krimpen aan den IJssel	5192	460	29
Sandūr	1509	7655	29
Tandag	908	12620	29
Evans	3353	-8213	29
Swarzędz	5241	1709	29
Visconde do Rio Branco	-2101	-4284	29
Krasnoarmeyskaya	4537	3821	29
O'Fallon	3859	-8991	29
Chodavaram	1783	8294	29
Sūrandai	898	7742	29
Senftenberg	5153	1400	29
Mariel	2299	-8275	29
Asse	5091	420	29
Kokhma	5693	4109	29
Chaumont	4811	514	29
Banda	2404	7896	29
Agoo	1608	12010	29
Aïn Smara	3627	650	29
Piro	2533	8440	29
Fort Hamilton	4062	-7403	29
Carlsbad	3242	-10423	29
Centenario	-3883	-6813	29
Turrialba	990	-8368	29
Saint-Étienne-du-Rouvray	4938	110	29
Mollendo	-1702	-7201	29
Cheadle Hulme	5338	-219	29
Lasem	-669	11145	29
Yara	2027	-7695	29
Suār	2903	7906	29
Ballymena	5486	-628	29
Senhora da Hora	4119	-865	29
Meyzieu	4577	500	29
Manoharpur	2730	7595	29
Agüimes	2791	-1545	29
Kangdong-ŭp	3914	12610	29
Ferry Pass	3051	-8721	29
Businga	334	2089	29
Marinha Grande	3975	-893	29
Kingman	3519	-11405	29
Pallanza-Intra-Suna	4594	857	29
Sueca	3920	-31	29
Porto União	-2624	-5108	29
Dayr Ḩāfir	3616	3771	29
Orcutt	3487	-12044	29
Póvoa de Santa Iria	3886	-906	29
Yerres	4872	249	29
Ostuncalco	1487	-9162	29
Henderson	3784	-8759	29
Quezaltepeque	1383	-8927	29
Needham	4228	-7123	29
Am Timan	1103	2028	29
Rājūra	1978	7936	29
Gagarin	5555	3500	29
Crown Point	4142	-8737	29
Vulcan	4538	2327	29
Vaihingen an der Enz	4894	896	29
Montbéliard	4751	680	29
Ar Ruseris	1187	3439	29
Big Spring	3225	-10148	29
Asilah	3547	-603	29
Chortkiv	4902	2580	29
Kotagiri	1142	7686	29
Kelaniya	696	7992	29
Bouarfa	3253	-196	29
Saint-Cloud	4885	220	29
Sarno	4081	1462	29
Ararat	3983	4471	29
Dracut	4267	-7130	29
San Miguel	987	-8406	29
Garupá	-2748	-5583	29
Yakuplu	4099	2868	29
Novoyavorivs'k	4993	2357	29
Bariri	-2207	-4874	29
Tsyurupyns’k	4662	3272	29
La Salud	2287	-8242	29
West Kelowna	4986	-11958	29
Schererville	4148	-8745	29
Burton	4300	-8362	29
Esztergom	4779	1874	29
Turnu Măgurele	4375	2487	29
Rusera	2575	8603	29
Ridgecrest	3562	-11767	29
Inozemtsevo	4409	4309	29
Windsor	4185	-7264	29
Molina	-3511	-7128	29
Uvarovo	5198	4226	29
Altos	-504	-4246	29
Šumperk	4997	1697	29
Santa Rita do Sapucaí	-2225	-4570	29
Eagle Pass	2871	-10050	29
Zarzal	439	-7607	29
Agawam	4207	-7261	29
Gobernador Virasora	-2805	-5603	29
Samtredia	4215	4234	29
Weatherford	3276	-9780	29
Czerwionka-Leszczyny	5015	1868	29
Moriki	1287	649	29
Al Hasaheisa	1475	3330	29
West Elkridge	3921	-7673	29
Azhiyūr	1169	7556	29
Maiurno	1342	3367	29
Stanford-le-Hope	5152	43	29
Howick	-2948	3023	29
El Abadia	3627	169	29
Tanuma	3637	13958	29
Pilar	-2686	-5831	29
Köthen	5175	1197	29
Partinico	3805	1312	29
Várzea da Palma	-1760	-4473	29
Kuvandyk	5148	5736	29
Września	5233	1757	29
Sens	4820	328	29
Adjumani	338	3179	29
East Chicago	4164	-8745	29
Le Gosier	1621	-6149	29
Nelamangala	1310	7739	29
Gusev	5459	2220	29
Laon	4956	363	29
Zalingei	1291	2347	29
Soron	2789	7875	29
Amphoe Sikhiu	1490	10171	29
Igrejinha	-2957	-5079	29
Tecamachalco	1888	-9773	29
Nokia	6147	2350	29
El Charco	248	-7811	29
Rietberg	5181	843	29
Bideford	5102	-421	29
Rochester	5139	51	29
Avola	3691	1514	29
Chaupimarca	-1041	-7646	29
Kibondo	-359	3072	29
Yenişehir	4026	2965	29
Redmond	4427	-12117	29
Delfzijl	5333	692	29
Partille	5774	1211	29
Mukher	1871	7737	29
Ceper	-767	11068	29
Sholinghur	1312	7942	29
Bahār	3491	4844	29
Bah-Bah	861	12591	29
Jacksonville	3487	-9211	29
Barneveld	5214	558	29
Socorro Mission Number 1 Colonia	3164	-10629	29
Târnăveni	4633	2430	29
Pabellón de Arteaga	2215	-10228	29
Lambersart	5065	303	29
Gadhada	2197	7158	29
Crevillente	3825	-81	29
Gorlice	4966	2116	29
Kaman	3936	3372	29
Pandacaqui	1517	12065	29
Norwood	4219	-7120	29
Mālpura	2628	7536	29
Karasuk	5374	7804	29
Barra dos Coqueiros	-1091	-3704	29
Gerede	4080	3220	29
Bouar	593	1560	29
Buturlinovka	5083	4061	29
Tula de Allende	2005	-9934	29
Vsetín	4934	1800	29
Kurunegala	748	8037	29
Naga	1021	12376	29
Isakogorka	6445	4065	29
Sawākin	1911	3733	29
Toshbuloq	4092	7158	29
Ālangulam	886	7750	29
Ciudad Sahagun	1978	-9857	29
Addanki	1581	7997	29
Kisii	-68	3477	29
Shipley	5383	-177	29
Pitangueiras	-2101	-4822	29
Northampton	4233	-7264	29
Englewood	4089	-7397	29
Hammamet	3545	795	29
Warstein	5144	835	29
Randudongkal	-710	10932	29
Bulan	1267	12388	29
Formia	4126	1361	29
Lake Magdalene	2807	-8247	29
Milak	2861	7917	29
Kartaly	5305	6065	29
Sequeira	4055	-723	29
Sa Kaeo	1381	10207	28
Meissen	5116	1347	28
Fraijanes	1447	-9044	28
Coondapoor	1363	7469	28
Kochubeyevskoye	4464	4185	28
Esquel	-4291	-7132	28
Serendah	336	10160	28
Balapulang	-705	10910	28
Perry Hall	3941	-7646	28
Maryville	3576	-8397	28
Lākheri	2567	7618	28
Ambatolampy	-1938	4742	28
Zheleznogorsk-Ilimskiy	5658	10412	28
Bozyazı	3611	3296	28
Morón de la Frontera	3712	-545	28
San Felipe	2148	-10122	28
Mpika	-1183	3145	28
Lālgola	2442	8825	28
Utraula	2732	8242	28
Mananwala	3159	7369	28
Dubrovnik	4264	1811	28
Yangiqo‘rg‘on	4119	7172	28
Oliva	3892	-12	28
Itogon	1636	12068	28
Penja	464	968	28
Titlāgarh	2029	8315	28
Jūybār	3664	5291	28
Hobart	4153	-8726	28
Ölgii	4897	8996	28
Ben Mehidi	3677	791	28
Tukuyu	-925	3365	28
Terme	4121	3697	28
Fresh Meadows	4073	-7379	28
Kaffrine	1411	-1555	28
Acaraú	-289	-4012	28
Mehlville	3851	-9032	28
Bang Bo District	1358	10082	28
Ubaitaba	-1431	-3932	28
Ubud	-851	11527	28
Neuburg an der Donau	4873	1119	28
Trappes	4877	202	28
Greer	3494	-8223	28
Voúla	3784	2378	28
Nova Venécia	-1871	-4040	28
Kamaterón	3806	2371	28
Sant Pere de Ribes	4126	177	28
San Donato Milanese	4541	927	28
Gierłoż	5408	2150	28
Lansing	4156	-8754	28
Visaginas	5560	2644	28
Paidha	242	3099	28
Harrison	4097	-7371	28
Carmona	3747	-565	28
Narra	927	11840	28
Aiud	4631	2372	28
Luwero	85	3247	28
Monterey	3660	-12189	28
Rodez	4435	257	28
Tirukkoyilur	1197	7920	28
West Islip	4071	-7331	28
Desert Hot Springs	3396	-11650	28
Geilenkirchen	5097	612	28
Kpandu	700	29	28
Sonāmukhi	2331	8741	28
Seoni Mālwa	2245	7747	28
Fukiage-fujimi	3610	13945	28
American Fork	4038	-11180	28
Icó	-640	-3886	28
Rendsburg	5431	966	28
Mytilene	3911	2656	28
Saki	4513	3360	28
Znomenka	4871	3266	28
Bergerac	4485	48	28
Bādāmi	1591	7568	28
Mavoor	1127	7592	28
Mohale’s Hoek	-3015	2748	28
Tomilino	5566	3795	28
Algemesí	3919	-44	28
Māvelikara	926	7656	28
Pokhvistnevo	5365	5213	28
Dalnerechensk	4593	13374	28
Segrate	4549	930	28
Maur	3008	7525	28
Central	3055	-9104	28
Newburgh	4150	-7401	28
Hole Narsipur	1279	7624	28
Dhanaura	2896	7826	28
Patigi	873	576	28
Buri Ram	1499	10310	28
Saint-Leu	-2117	5529	28
Maisí	2025	-7415	28
Annemasse	4619	624	28
Bjelovar	4590	1685	28
Vinaròs	4047	48	28
Āgaro	785	3665	28
Adrogué	-3480	-5838	28
São Miguel do Guamá	-163	-4748	28
La Garde	4312	601	28
Juan Griego	1108	-6397	28
Iporá	-1644	-5112	28
Piravam	987	7650	28
Kraksaan	-776	11340	28
Chamblee	3389	-8430	28
Tampin	247	10223	28
Ribeira do Pombal	-1083	-3854	28
Schwandorf in Bayern	4933	1211	28
São Mateus do Maranhão	-404	-4448	28
Bardaskan	3526	5797	28
Millville	3940	-7504	28
Tabatinga	-423	-6994	28
Durango	4317	-263	28
Esch-sur-Alzette	4950	598	28
Culleredo	4329	-839	28
Caxito	-858	1366	28
Thung Song	816	9968	28
North Andover	4270	-7114	28
Namanyere	-752	3105	28
Mandi	3171	7693	28
SeaTac	4745	-12229	28
Fazilpur	3218	7507	28
Elmira	4209	-7681	28
Líbano	492	-7506	28
Shrīgonda	1862	7470	28
Plettenberg	5121	787	28
Pandua	2307	8829	28
Metepec	1926	-9960	28
Spring Valley	3274	-11700	28
Chiredzi	-2105	3167	28
Ban Chang	1273	10106	28
Stockbridge	3354	-8423	28
Glen Ellyn	4188	-8807	28
Lyman	4899	3780	28
Popondetta	-877	14823	28
Pūnch	3377	7409	28
Kandyagash	4947	5742	28
Zaventem	5088	447	28
Burgos	1573	12057	28
Monroeville	4042	-7979	28
Baunatal	5125	941	28
Kętrzyn	5408	2138	28
Benicia	3805	-12216	28
Cruz del Eje	-3073	-6480	28
Lučenec	4833	1967	28
Honda	521	-7474	28
Veendam	5311	688	28
Hiratachō	3543	13282	28
Talamba	3053	7224	28
Pilāni	2837	7560	28
Cândido Mota	-2275	-5039	28
Bretten	4904	871	28
Giddalūr	1537	7893	28
Maddūr	1258	7704	28
San Sebastián el Grande	2053	-10343	28
Khmilnyk	4956	2796	28
Nuevo México	2076	-10344	28
Berriozábal	1680	-9327	28
Douz	3347	902	28
Driefontein	-2702	3045	28
El Hajeb	3369	-537	28
Maddagiri	1366	7721	28
Fredericksburg	3830	-7746	28
Ermont	4899	226	28
Jogonalan	-770	11054	28
Garhākota	2378	7914	28
Bezhetsk	5779	3670	28
Massamá	3875	-928	28
Suisun	3824	-12204	28
Kunjah	3253	7397	28
Lennestadt	5112	807	28
Lipkovo	4216	2159	28
Aberdeen	4546	-9849	28
Coria del Río	3729	-605	28
Argun	4330	4587	28
Cranberry Township	4068	-8011	28
Garfield Heights	4142	-8161	28
South Chicago	4174	-8755	28
Cataño	1844	-6612	28
Empangeni	-2876	3189	28
Cornelius	3549	-8086	28
Koynanagar	1740	7377	28
Ulaangom	4998	9207	28
Palmar de Varela	1074	-7475	28
João Pinheiro	-1774	-4617	28
Poykovskiy	6123	7333	28
Oakdale	4496	-9296	28
Sibulan	936	12328	28
Goryachiy Klyuch	4463	3913	28
Gölbaşı	3778	3764	28
Rillieux-la-Pape	4582	490	28
Sabirabad	4001	4848	28
Oak Forest	4160	-8774	28
Dronten	5252	572	28
Castelvetrano	3768	1279	28
Machagai	-2693	-6005	28
Matosinhos	4118	-869	28
Llallagua	-1842	-6658	28
Shcherbinka	5550	3756	28
Kevelaer	5158	625	28
Garner	3571	-7861	28
Sitten	4623	736	28
Drexel Hill	3995	-7529	28
North Kingstown	4155	-7147	28
Masinloc	1554	11995	28
Mkuranga	-712	3921	28
Ajalpan	1838	-9726	28
’Aïn el Hammam	3656	431	28
Ambalavao	-2183	4693	28
Mranggen	-703	11052	28
Polysayevo	5460	8625	28
Buluan	672	12480	28
Saalfeld	5065	1137	28
Ancud	-4187	-7382	28
Aleysk	5249	8278	28
Tultitlán de Mariano Escobedo	1965	-9917	28
Jaru	-1044	-6247	28
Papakura	-3707	17494	28
Villa Dolores	-3195	-6519	28
Timaru	-4440	17125	28
Aleksandrovskoye	4471	4300	28
Kamyshlov	5684	6271	28
Santa Maria	1695	12044	28
Villemomble	4888	250	28
Brierley Hill	5248	-212	28
Saint Helier	4919	-210	28
Sahavato	-2060	4833	28
Mirnyy	6276	4034	28
Kumta	1443	7442	28
Khust	4818	2330	28
Bella Vista	3648	-9427	28
Melrose	4246	-7107	28
Fitchburg	4296	-8947	28
Villa Bruzual	933	-6912	28
Hōjō	3398	13278	28
Apaseo el Alto	2046	-10062	28
Rincón de Romos	2223	-10232	28
Wellesley	4230	-7129	28
Aso	3294	13108	28
Enterprise	3132	-8586	28
Winchester	3613	-11512	28
Tizi Gheniff	3659	377	28
Losal	2740	7492	28
Yanaul	5628	5493	28
Geislingen an der Steige	4862	983	28
Camiri	-2004	-6352	28
Kasangulu	-458	1517	28
San Francisco Acuautla	1935	-9886	28
Labasa	-1643	17936	28
Diffa	1332	1261	28
Yaguachi Nuevo	-210	-7969	28
Hisuā	2483	8542	28
Slidell	3028	-8978	28
Kłodzko	5043	1666	28
Deli Tua	351	9868	28
Sanctorum	1910	-9825	28
Ksour Essaf	3542	1099	28
Oudenaarde	5085	361	28
University Heights	4086	-7391	28
Einbeck	5182	987	28
Terneuzen	5134	383	28
Dāsna	2868	7752	28
Hovd	4467	10217	28
Pierrefitte-sur-Seine	4897	236	28
Piedade	-2371	-4743	28
West Springfield	4211	-7262	28
Dodge City	3775	-10002	28
Ban Bang Kadi Pathum Thani	1400	10055	28
Adirampattinam	1034	7938	28
Mocímboa	-1132	4035	28
Tālīkota	1647	7631	28
Maner	2565	8487	28
Geldrop	5142	556	28
Paragould	3606	-9050	28
Molo	-25	3573	28
Jhawarian	3236	7262	28
Maywood	3399	-11819	28
Birmitrapur	2240	8477	28
Kolpashevo	5831	8291	28
Erraguntla	1464	7854	28
Bungu	-763	3906	28
Le Kremlin-Bicêtre	4881	236	28
Piskent	4090	6935	28
Hiji	3337	13153	28
Seguin	2957	-9796	28
Tapah Road	417	10120	28
Bolobo	-216	1623	28
To‘rqao‘rg‘on	4100	7151	28
Bāmor Kalān	2489	7815	28
Kibre Mengist	588	3898	28
Shirley	4080	-7287	28
Livingston	4080	-7431	28
Round Lake Beach	4237	-8809	28
Kalakkādu	851	7755	28
Chatan	2631	12777	28
Rinteln	5219	908	28
Uenohara	3562	13912	28
Termas de Río Hondo	-2749	-6486	28
Klungkung	-853	11540	28
Cheraga	3677	296	28
Jászberény	4750	1992	28
Dagestanskiye Ogni	4212	4819	28
Baesweiler	5091	619	28
Toyoshina	3630	13790	28
Rāzām	1845	8366	28
Stratford-upon-Avon	5219	-171	28
Frankfort	3820	-8487	28
José Bonifácio	-2105	-4969	28
Bad Neuenahr-Ahrweiler	5054	711	28
Sterling	3901	-7743	28
Giannitsá	4079	2241	28
Safed	3296	3550	28
Satita	3482	3612	28
Margasari	-710	10902	28
Charata	-2721	-6119	28
Kurihashi	3613	13970	28
Middletown	4145	-7442	28
Khashuri	4199	4360	28
Nasirabad	2738	6792	28
Kareli	2292	7906	28
Mechraa Bel Ksiri	3457	-596	28
Bom Conselho	-917	-3668	28
Jalgaon Jamod	2105	7653	28
São Fidélis	-2165	-4175	28
Rajaori	3338	7431	28
Buurhakaba	280	4408	28
Sijunjung	-70	10098	28
Sunbury-on-Thames	5140	-42	28
Winnenden	4888	940	28
São José de Ribamar	-256	-4405	28
Jaswantnagar	2688	7890	28
Champs-sur-Marne	4885	260	28
Chato	-264	3177	28
Santa Cruz	-623	-3602	28
Santa Vitória do Palmar	-3352	-5337	28
Bongor	1028	1537	28
Fountain	3868	-10470	28
Saratoga Springs	4308	-7378	28
Fūman	3722	4931	28
Mongo	1218	1869	28
Zarechnyy	5681	6133	28
Newry	5418	-634	28
Nong Phai	1599	10106	28
Santa Rosa de Copán	1477	-8878	28
Afzalgarh	2939	7867	28
Senak’i	4227	4207	28
Kirkwood	3858	-9041	28
Qibray	4139	6947	28
Drexel Heights	3214	-11103	28
Deer Park	4076	-7333	28
Ndibène Dahra	1533	-1548	28
Lafayette	3999	-10509	28
Hà Tĩnh	1834	10591	28
Zolotonosha	4967	3204	28
Byādgi	1467	7549	28
Soe	-986	12428	28
Boyabat	4147	3477	28
Neftekumsk	4476	4499	28
Robertson	-3380	1989	28
Nordenham	5349	848	28
Fridley	4509	-9326	28
West Scarborough	4357	-7039	28
Rehli	2364	7906	28
Aracataca	1059	-7419	28
Bazar-Korgon	4104	7275	28
Queensbury	4338	-7361	28
Rāipur	3031	7809	28
Sant Vicenç dels Horts	4139	201	28
Aleshtar	3386	4826	28
Heiligenhaus	5133	697	28
Charef	3462	280	28
Mungeli	2207	8169	28
Almuñécar	3673	-369	28
Lebedyn	5059	3448	28
Gondomar	4114	-853	28
Nahualá	1484	-9132	28
Murun-kuren	4963	10016	28
Theniet el Had	3587	203	28
Mananjary	-2123	4834	28
Águas Santas	4121	-858	28
Menuma	3622	13938	28
Krychaw	5371	3172	28
Rodniki	5711	4173	28
Kasamwa	-285	3243	28
Nushki	2955	6602	28
Prokuplje	4323	2159	28
Ashington	5518	-156	28
Sitges	4124	181	28
Lucas	-1633	-5593	28
Rexburg	4383	-11179	28
Taurage	5525	2229	28
Aarschot	5099	484	28
Aix-les-Bains	4569	591	28
Wheeling	4006	-8072	28
Shaker Heights	4147	-8154	28
Vila do Conde	4135	-875	28
Manāwar	2224	7509	28
Iskandar	4155	6970	28
Nowy Dwór Mazowiecki	5243	2072	28
Paramonga	-1067	-7783	28
Mililani Town	2145	-15802	28
Kondagaon	1959	8166	28
Tomohon	132	12480	28
Bergenfield	4093	-7400	28
Marshalltown	4205	-9291	28
Az̧ Z̧āhirīyah	3141	3497	28
Catemaco	1842	-9511	28
Tehri	3039	7848	28
Cambuslang	5581	-416	28
Contla	1933	-9817	28
Novoaleksandrovsk	4549	4122	28
Mamanguape	-684	-3513	28
Gibara	2111	-7613	28
Panauti̇̄	2758	8551	28
Kotel’nich	5831	4835	28
Vynohradiv	4814	2303	28
Machalí	-3418	-7065	28
Waddān	2916	1614	28
Ōmiya	3655	14042	28
Sīta Road	2703	6785	28
Nyūzen	3694	13750	28
Tucker	3385	-8422	28
Zakopane	4930	1995	28
Bou Hanifia el Hamamat	3531	-5	28
Nutley	4082	-7416	28
Bezons	4892	221	28
Yugawara	3515	13907	28
Cajati	-2474	-4812	28
Kulmbach	5010	1145	28
Brumadinho	-2014	-4420	28
Roldanillo	441	-7615	28
Guararapes	-2126	-5064	28
Atkarsk	5187	4501	28
Svendborg	5506	1061	28
Bad Zwischenahn	5318	800	28
Hadjout	3651	241	28
Liverpool	-3392	15093	28
Umarkot	1967	8221	28
Nāhan	3056	7729	28
Niquelândia	-1447	-4846	28
Selm	5170	747	28
Kirkby in Ashfield	5310	-124	28
Mechernich	5059	665	28
Leyva Solano	2566	-10864	28
Piscinola	4089	1423	28
Lake Jackson	2903	-9543	28
Annau	3789	5852	28
Sānkrāil	2255	8823	28
Tuxpan	1956	-10338	28
Kalach-na-Donu	4869	4353	28
Caransebeş	4542	2222	28
Mae Sai	2043	9988	28
Ribeira	4275	-844	28
Port Moody	4928	-12282	28
Gurlan	4184	6039	28
Plum	4050	-7975	28
Touba	828	-768	28
Aguaí	-2206	-4698	28
Willenhall	5259	-206	28
Leichlingen	5111	702	27
Königsbrunn	4828	1089	27
Manamadurai	967	7847	27
Kharagpur	2512	8656	27
Karlskoga	5933	1452	27
Beldānga	2393	8826	27
Friedberg	5034	876	27
Valašské Meziříčí	4947	1797	27
Burngreave	5339	-146	27
Arai	3700	13823	27
San Pedro	993	-8405	27
Dijkot	3122	7300	27
Peñaranda	1535	12100	27
Denton	5346	-212	27
Windsor	3855	-12282	27
Rāhatgarh	2379	7839	27
Tepeaca	1897	-9790	27
West Chicago	4188	-8820	27
Hamminkeln	5173	659	27
Táriba	782	-7222	27
Hōryūji	3461	13574	27
Bossangoa	649	1746	27
Malkara	4089	2690	27
Allen Park	4226	-8321	27
Pārdi	2051	7295	27
Soroca	4816	2828	27
Ilgın	3828	3191	27
San Rafael Abajo	983	-8429	27
Eibar	4318	-247	27
Madang	-522	14579	27
Sol’-Iletsk	5116	5499	27
Roșiorii de Vede	4412	2498	27
Neckarsulm	4919	923	27
Wilmette	4207	-8772	27
Manduria	4040	1764	27
Imperial Beach	3258	-11711	27
Entre Rios	-1194	-3808	27
Glen Cove	4086	-7363	27
Premià de Mar	4149	237	27
Shalqar	4783	5960	27
Syracuse	4109	-11206	27
Cleckheaton	5372	-171	27
Santiago de Tolú	952	-7558	27
Mīrānpur	2929	7795	27
Abasolo	2045	-10153	27
Maryland Heights	3871	-9043	27
Brejo Santo	-749	-3899	27
Emmendingen	4812	785	27
Ashford	5143	-46	27
Caldas da Rainha	3940	-914	27
Brejo da Madre de Deus	-815	-3637	27
Bulakamba	-687	10896	27
Mason City	4315	-9320	27
Pulupandan	1052	12280	27
Cisterna di Latina	4159	1283	27
Silvassa	2027	7300	27
Kālānwāli	2984	7497	27
Savonlinna	6187	2888	27
Bakhchysarai	4476	3386	27
Crofton	3900	-7669	27
Huimanguillo	1783	-9339	27
Bronkhorstspruit	-2581	2874	27
Brodnica	5326	1940	27
Bearsden	5592	-433	27
Anderson	3450	-8265	27
Eagle Mountain	4031	-11201	27
Sŏnbong	4235	13038	27
Piuí	-2047	-4596	27
Gaur	2676	8528	27
Chakapara	2263	8835	27
Parit Buntar	513	10049	27
Puerto Boyacá	598	-7459	27
Quesada	1032	-8443	27
College Point	4079	-7385	27
Castillejos	1493	12020	27
Ans	5066	552	27
Kayyerkan	6938	8774	27
Kalamb	1904	7396	27
Vallauris	4358	705	27
Winchester	3919	-7816	27
Bouznika	3379	-716	27
Santo Estêvão	-1243	-3925	27
Hīrākud	2153	8387	27
Lindenhurst	4069	-7337	27
Tandaltī	1302	3187	27
Taverny	4903	222	27
Jarrow	5498	-148	27
Illkirch-Graffenstaden	4853	772	27
Krasnoural’sk	5836	6004	27
Badr Ḩunayn	2378	3879	27
La Teste-de-Buch	4463	-115	27
Demak	-689	11064	27
Lupon	690	12601	27
Sebeş	4596	2357	27
Doboj	4473	1809	27
Spanaway	4710	-12243	27
Semīrom	3142	5157	27
Belmont	3752	-12228	27
Ipirá	-1216	-3974	27
Māgadi	1296	7722	27
Quezon	773	12510	27
Simanggang	125	11145	27
Hunts Point	4081	-7388	27
Overath	5093	728	27
Kundarkhi	2868	7879	27
Gundlupēt	1181	7669	27
Holbrook	4081	-7308	27
Permatang Kuching	546	10038	27
Leimen	4935	869	27
Caetité	-1407	-4248	27
Maych’ew	1279	3954	27
New London	4136	-7210	27
Bilgrām	2718	8003	27
Gobō	3388	13517	27
Santa Uxía de Ribeira	4255	-899	27
Melton Mowbray	5277	-89	27
Bidhūna	2680	7951	27
Paso Robles	3563	-12069	27
Tualatin	4538	-12276	27
Nikolayevsk-on-Amure	5315	14072	27
Yong Peng	201	10307	27
Moyotzingo	1925	-9840	27
Wamba	894	860	27
Novelda	3838	-77	27
Viñales	2262	-8371	27
Fleming Island	3009	-8172	27
Workington	5464	-354	27
Baynjiwayn	3562	4595	27
Conceição do Araguaia	-826	-4927	27
Rathenow	5261	1234	27
Sikonge	-563	3277	27
Taquari	-2980	-5186	27
Perumpāvūr	1012	7648	27
La Tebaida	445	-7579	27
Sarny	5134	2660	27
Winona	4405	-9164	27
Berasia	2363	7743	27
Petershagen	5238	897	27
Katsuyama	3606	13650	27
Neapoli	4065	2294	27
Épernay	4904	396	27
Villagrán	2051	-10100	27
Jēkabpils	5650	2586	27
Zomin Shaharchasi	3996	6840	27
La Fría	822	-7225	27
Paciran	-688	11238	27
Shalkar	4803	4890	27
Asino	5700	8614	27
São Pedro	-2255	-4791	27
Malyn	5077	2924	27
Labytnangi	6666	6642	27
Gobindpur	2263	8607	27
Epsom	5133	-27	27
Manolo Fortich	837	12486	27
Thomasville	3588	-8008	27
Capitán Bermúdez	-3282	-6072	27
Tsiroanomandidy	-1877	4605	27
Limbach-Oberfrohna	5086	1276	27
Casselberry	2868	-8133	27
Ilmenau	5068	1092	27
Libenge	365	1864	27
Kırkağaç	3911	2767	27
Tabuk	1747	12147	27
Jarash	3228	3590	27
Wangen	4769	983	27
La Peca	-561	-7844	27
Haverhill	5208	44	27
Malinyi	-893	3613	27
Babat	-711	11216	27
Catarroja	3940	-40	27
Märsta	5962	1785	27
Sønderborg	5491	979	27
Promissão	-2154	-4986	27
Brilon	5139	857	27
Villiers-le-Bel	4901	240	27
Sillanwali	3183	7254	27
Mangaratiba	-2296	-4404	27
Litvínov	5060	1362	27
Vichy	4613	343	27
Alaca	4017	3484	27
Landsberg am Lech	4805	1088	27
Eureka	4080	-12416	27
Kotdwāra	2975	7852	27
East Saint Louis	3862	-9015	27
Mosquera	471	-7423	27
Garden City	3797	-10087	27
Corfu	3962	1992	27
Alton	3889	-9018	27
Milton	4225	-7107	27
Dedovsk	5587	3712	27
Coronel Suárez	-3745	-6193	27
Bhawanipur	2645	8703	27
‘Anah	3437	4198	27
Vohipaho	-2355	4750	27
Miandrarivo	-1943	4675	27
Smederevska Palanka	4437	2096	27
Zeya	5374	12726	27
Rio Pardo	-2999	-5238	27
Maghull	5352	-294	27
University Park	2575	-8037	27
Rapallo	4435	923	27
Biłgoraj	5054	2272	27
Tara	5689	7437	27
Auburn	4293	-7657	27
Aripuanã	-917	-6063	27
Amés	4290	-866	27
Barrinha	-2119	-4816	27
Kotovo	5032	4480	27
Williston	4815	-10362	27
Paramus	4094	-7408	27
Back Mountain	4134	-7600	27
West Milford	4113	-7437	27
Borşa	4766	2466	27
Valmiera	5754	2543	27
Siliana	3608	937	27
Chancay	-1157	-7727	27
Las Breñas	-2709	-6108	27
Pucón	-3928	-7195	27
Rājgarh	2724	7662	27
Showot	4166	6030	27
Mbandjok	445	1190	27
Jeffersontown	3819	-8556	27
Şāmitah	1660	4294	27
Sungai Besar	367	10099	27
Kasba	2586	8754	27
Iba	1533	11998	27
Douera	3667	294	27
Verden	5292	923	27
Komló	4619	1826	27
Garden City	4233	-8333	27
Sakai	3610	13980	27
Horn Lake	3496	-9003	27
Stoughton	4213	-7110	27
Easton	4069	-7522	27
Lerum	5777	1227	27
Naharlagun	2710	9370	27
Freeport	2653	-7870	27
Parral	-3614	-7183	27
Sankt Wendel	4947	717	27
Yylanly	4183	5965	27
Mombetsu	4435	14335	27
Prairieville	3030	-9097	27
Sāmba	3256	7512	27
Niscemi	3715	1439	27
Dix Hills	4080	-7334	27
Emmen	4708	827	27
San Giuseppe Vesuviano	4084	1450	27
Buzen	3361	13113	27
Léo	1110	-211	27
Vepagunta	1778	8322	27
Parramatta	-3382	15100	27
Atotonilco el Alto	2055	-10251	27
Geraldton	-2878	11461	27
Sannois	4897	225	27
Rösrath	5090	718	27
La Possession	-2093	5533	27
Stabat	373	9845	27
Boscoreale	4077	1448	27
Gladstone	3920	-9455	27
Marau	-2845	-5220	27
Rancho La Gloria	3245	-11700	27
Paete	1436	12148	27
San Juan del Cesar	1077	-7300	27
Uithoorn	5224	483	27
Igarapé Miri	-198	-4896	27
Cutler Ridge	2558	-8035	27
Driyorejo	-737	11262	27
Misantla	1993	-9685	27
Culemborg	5195	523	27
Jesús María	-3098	-6409	27
Bafoulabé	1381	-1083	27
Kulittalai	1093	7841	27
Baro	862	642	27
Independence	3894	-8454	27
Sirdaryo	4084	6866	27
Bulung’ur Shahri	3976	6727	27
Kelkheim (Taunus)	5014	845	27
Werota	1192	3770	27
Triggiano	4107	1693	27
Nola	352	1605	27
Hafnarfjörður	6407	-2194	27
Kandiaro	2706	6821	27
La Unión	1334	-8784	27
Banmankhi	2589	8719	27
Sheoganj	2514	7307	27
Catanauan	1359	12232	27
Amirdzhan	4043	4998	27
Calabanga	1371	12321	27
Sayula	1988	-10360	27
Zaida	3406	7247	27
Bor	621	3156	27
Tōno	3932	14153	27
Watertown	4397	-7591	27
Mucuri	-1809	-3955	27
Kunri	2518	6957	27
Andradas	-2207	-4657	27
Fizuli	3960	4715	27
Samokov	4234	2355	27
Pedro Betancourt	2273	-8129	27
Ogre	5682	2461	27
Gonesse	4899	245	27
Indāpur	1830	7325	27
Wooster	4081	-8194	27
Dembī Dolo	853	3480	27
Camaiore	4394	1030	27
Tha Muang	1396	9964	27
Fontana	-2742	-5902	27
Bessemer	3340	-8695	27
Kemrī	2881	7920	27
Merrimack	4287	-7149	27
Mtinko	-455	3485	27
Babaeski	4143	2709	27
Nagykőrös	4703	1978	27
Muntok	-207	10516	27
Lemon Grove	3274	-11703	27
Monfalcone	4580	1353	27
Sausar	2166	7880	27
Shimoda	3468	13894	27
Goseong	3498	12832	27
Kyrenia	3534	3332	27
Kartārpur	3144	7550	27
Kalat	2903	6659	27
Marabella	1031	-6145	27
La Mesa	527	-7392	27
Karhal	2700	7894	27
Vigneux-sur-Seine	4870	241	27
Viana	-322	-4500	27
Cavaillon	4383	504	27
Lar	2620	8397	27
Deūlgaon Rāja	2002	7604	27
Ouro Branco	-2052	-4369	27
Toshloq	4048	7177	27
Miracema	-2141	-4220	27
Albano Laziale	4173	1266	27
Grodzisk Mazowiecki	5210	2063	27
Ouro Preto do Oeste	-1075	-6222	27
Ath	5063	378	27
Martorell	4147	193	27
Mata de São João	-1253	-3830	27
Ipu	-432	-4071	27
Tekeli	4483	7883	27
Kikuchi	3298	13082	27
Kankakee	4112	-8786	27
Rambouillet	4864	183	27
Coffs Harbour	-3030	15311	27
Montebelluna	4578	1205	27
Ipís	997	-8401	27
Wethersfield	4171	-7265	27
Bristol	3660	-8219	27
Mahād	1808	7342	27
Boukadir	3607	113	27
Hualmay	-1110	-7761	27
McHenry	4233	-8827	27
Benicarló	4042	43	27
Cherbourg-Octeville	4964	-162	27
Alīganj	2749	7917	27
Strausberg	5258	1389	27
Salou	4108	114	27
Armentières	5069	288	27
Villarrobledo	3927	-260	27
Apan	1971	-9845	27
Clydebank	5590	-441	27
Cibolo	2956	-9823	27
Stantsiya Novyy Afon	4308	4084	27
Fukuechō	3270	12885	27
Al Wajh	2625	3645	27
Rāver	2125	7604	27
Fondi	4136	1343	27
Francisco I. Madero	2577	-10327	27
Wyszków	5259	2146	27
Saugus	4246	-7101	27
Ron Phibun	818	9985	27
Panāgar	2329	8000	27
Dubnica nad Váhom	4896	1817	27
Magdalena de Kino	3063	-11096	27
Gubakha	5884	5755	27
Hāngal	1476	7512	27
Stevens Point	4452	-8957	27
Truskavets’	4928	2351	27
Lom	4382	2324	27
Cartago	986	-8392	27
Voinjama	842	-975	27
West Linn	4537	-12261	27
Okuta	922	318	27
Lunel	4368	414	27
Cobija	-1103	-6877	27
Nzega	-422	3318	27
Cayambe	4	-7815	27
Superior	4672	-9210	27
Dalfsen	5251	626	27
Chiavari	4432	932	27
Kulp	3850	4101	27
Birnin Kudu	1145	948	27
Pavlovsk	5046	4011	27
Ceeldheer	385	4718	27
Trípoli	3751	2238	27
Okha	5359	14295	27
Sidi Akkacha	3646	130	27
Agía Varvára	3799	2366	27
Perumbavoor	1011	7647	27
Blenheim	-4152	17395	27
Teapa	1755	-9295	27
Nový Jičín	4959	1801	27
Itaperuçu	-2522	-4935	27
Gibraltar	3614	-535	27
Cachan	4880	234	27
Carmo do Paranaíba	-1900	-4632	27
Maramba	-505	3862	27
Cueto	2065	-7593	27
Shofirkon Shahri	4012	6450	27
Dún Laoghaire	5329	-614	27
Ratia	2969	7558	27
Gravina di Catania	3756	1506	27
East Grinstead	5112	-1	27
Le Grand-Quevilly	4940	105	27
Bongao	503	11977	27
Níjar	3697	-221	27
Greenville	3314	-9611	27
Pauri	3015	7878	27
El Campello	3843	-40	27
Shāhganj	2605	8268	27
Magna	4071	-11210	27
Río de Teapa	1778	-9290	27
Las Pintitas	2056	-10330	27
Mesagne	4056	1781	26
Dhrol	2257	7042	26
Batavia	4185	-8831	26
Salor	4137	6938	26
Bielsk Podlaski	5277	2319	26
Danvers	4258	-7093	26
Pallippatti	1194	7840	26
Buy	5848	4154	26
Nazaré da Mata	-774	-3523	26
Mühlheim am Main	5012	883	26
Boisbriand	4562	-7383	26
São Martinho	3264	-1694	26
Oktyabr’sk	5317	4870	26
Shoreview	4508	-9315	26
Paradise	3976	-12162	26
Villaviciosa de Odón	4036	-390	26
Fremont	4143	-9650	26
Glauchau	5082	1254	26
Smithtown	4086	-7320	26
Gulābpura	2590	7466	26
Changsu	3565	12752	26
Pearl	3227	-9013	26
Abbeville	5011	184	26
Sandanski	4157	2328	26
Biritiba Mirim	-2357	-4604	26
Beitbridge	-2222	3000	26
Nayoro	4435	14246	26
Santa Catalina	933	12286	26
Câmpia Turzii	4655	2388	26
Rumoi	4393	14164	26
Riihimäki	6074	2478	26
Hadgāon	1950	7766	26
Wete	-506	3973	26
Gadhinglaj	1622	7435	26
Rajpur	2230	7436	26
Flint	5324	-313	26
Rio Branco do Sul	-2519	-4931	26
Mansfield City	4177	-7223	26
Al Wakrah	2517	5160	26
Lebrija	3692	-608	26
Luboń	5235	1689	26
Canidelo	4112	-865	26
Santa Cruz	1577	11991	26
Uherské Hradiště	4907	1746	26
Mercerville-Hamilton Square	4023	-7467	26
Caravaca	3811	-186	26
Tayu	-654	11105	26
Terdāl	1649	7505	26
Kapellen	5131	444	26
North Creek	4782	-12218	26
El Amria	3552	-102	26
Lauf an der Pegnitz	4951	1128	26
Sant Andreu de la Barca	4145	197	26
Sprockhövel	5135	724	26
Esquina	-3001	-5953	26
Carbondale	3773	-8922	26
Dibba Al-Hisn	2562	5627	26
Daud Khel	3288	7157	26
Ishii	3407	13444	26
Westport	4114	-7336	26
Mitha Tiwana	3225	7211	26
Rangia	2645	9161	26
La Garenne-Colombes	4890	225	26
Dellys	3692	391	26
Badagry	642	288	26
Zaltbommel	5181	524	26
Izegem	5091	321	26
Bektemir	4121	6933	26
Espelkamp	5238	862	26
Canavieiras	-1568	-3895	26
Mühlacker	4895	884	26
Liwá	2453	5656	26
Dubti	1173	4108	26
Kaisarianí	3796	2377	26
Montigny-lès-Metz	4910	615	26
San Miniato Basso	4369	1084	26
Parabiago	4556	895	26
Iwŏn-ŭp	4032	12866	26
Viseu	4066	-791	26
Ad Dujayl	3385	4423	26
Werkendam	5181	489	26
Metallostroy	5980	3055	26
Papeete	-1754	-14957	26
Olteniţa	4408	2663	26
Chacarita	998	-8478	26
Matoury	485	-5232	26
Takahata	3800	14019	26
Hodonín	4885	1713	26
Medina	4114	-8186	26
Kongoussi	1333	-153	26
Jora	2634	7781	26
Bay Shore	4073	-7325	26
Kahului	2089	-15647	26
Rawson	-4330	-6510	26
Alingsås	5793	1253	26
Kheri	2790	8080	26
Formigine	4457	1085	26
Bilsi	2813	7891	26
Erzin	3695	3620	26
Vernon Hills	4222	-8798	26
Lübbecke	5231	861	26
Hazro City	3391	7249	26
La Unión	-4029	-7308	26
Comiso	3695	1461	26
Ngunut	-811	11202	26
Zionsville	3995	-8626	26
Taloda	2156	7421	26
Wiehl	5095	755	26
Alenquer	-194	-5474	26
Polūr	1251	7912	26
Ayorou	1473	92	26
Norco	3393	-11755	26
Kālāvad	2221	7038	26
Isla	1803	-9553	26
Baden	4801	1623	26
Vihti	6042	2432	26
Wasco	3559	-11934	26
Colomadu	-753	11075	26
Kokopo	-434	15227	26
Ar Rahad	1272	3065	26
Mount Pleasant	4270	-8786	26
Nagarote	1227	-8656	26
Fortuna Foothills	3266	-11441	26
Rheinbach	5063	695	26
Tirmitine	3665	398	26
Westhoughton	5355	-252	26
Rāmpur	2981	7745	26
Reforma	1787	-9315	26
Semiluki	5168	3903	26
Haqqulobod	4092	7212	26
Nālūt	3187	1098	26
Bayanhongor	4619	10072	26
Mendi	-615	14366	26
Żagań	5162	1531	26
San Antonio	1531	12086	26
Inđija	4505	2008	26
Ariguaní	1025	-7400	26
Tierralta	817	-7606	26
Wanaraja	-717	10798	26
Bignona	1281	-1623	26
Siyabuswa	-2511	2904	26
Brandon	4985	-9995	26
Barberton	4101	-8161	26
Kināna	1404	3317	26
Mpophomeni	-2957	3019	26
Rafiganj	2482	8463	26
Puerto Colombia	1099	-7495	26
Kingsville	2752	-9786	26
Muñiz	-3456	-5871	26
Statesville	3578	-8089	26
Douglas	5415	-448	26
Gedera	3181	3478	26
Plainview	4078	-7347	26
Laurel	3910	-7685	26
Karera	2546	7814	26
Halvad	2302	7118	26
Pineda de Mar	4163	269	26
Frome	5123	-232	26
Carrollton	3358	-8508	26
Rizal	1571	12111	26
Çan	4003	2705	26
Iradan	4027	7210	26
Limbang	475	11500	26
Susaki	3339	13329	26
Sintra	3880	-938	26
Ōno-hara	3428	13227	26
Ixtaczoquitlán	1885	-9706	26
Husainābād	2453	8400	26
Sulur	1102	7713	26
Kukshi	2221	7476	26
Eboli	4062	1506	26
Arlon	4968	582	26
San Giovanni Rotondo	4171	1573	26
Congleton	5316	-221	26
Elamanchili	1755	8286	26
Weinstadt-Endersbach	4881	936	26
Rājgarh	2401	7673	26
Arraial do Cabo	-2297	-4203	26
Welahan	-680	11072	26
Romano Banco	4542	911	26
Matsubase	3265	13067	26
Marolambo	-2005	4812	26
Encrucijada	2262	-7987	26
Fukagawa	4371	14204	26
South Pasadena	3412	-11815	26
Howard Beach	4066	-7384	26
Santana do Ipanema	-938	-3725	26
Bou Tlelis	3557	-90	26
Innoshima	3428	13318	26
Marhaura	2597	8487	26
Descalvado	-2190	-4762	26
Ogwashi-Uku	618	652	26
Schmallenberg	5115	829	26
Magugu	-402	3577	26
Hennigsdorf	5264	1320	26
Camden Town	5154	-14	26
Santiago Papasquiaro	2504	-10542	26
Apaseo el Grande	2054	-10068	26
Shiggaon	1499	7522	26
Four Corners	2833	-8165	26
Belyye Vody	4242	6983	26
Rāikot	3065	7560	26
Ban Talat Bueng	1307	10100	26
South Laurel	3907	-7685	26
Malazgirt	3915	4254	26
Mizdah	3145	1299	26
Asheboro	3571	-7981	26
Ehingen	4828	973	26
Allen	-3898	-6783	26
Ryde	5073	-116	26
Buenaventura Lakes	2834	-8135	26
Mondragone	4111	1389	26
Piracaia	-2305	-4636	26
Vanves	4882	229	26
Ciudad de Allende	2528	-10001	26
Clinton	4184	-9019	26
Cantel	1481	-9146	26
Zevenaar	5193	607	26
Mount Pleasant	4360	-8477	26
Temse	5113	421	26
El Kseur	3668	486	26
Bishop Auckland	5466	-168	26
San Juan	996	-8408	26
Mashiko	3647	14010	26
Sungai Udang	227	10214	26
Szczytno	5356	2099	26
Vernon	4909	146	26
Twentynine Palms	3414	-11605	26
Old Harbour	1794	-7711	26
Garmisch-Partenkirchen	4749	1110	26
Camas	3740	-603	26
Ocoyoacac	1927	-9946	26
Diapaga	1207	179	26
Rānāvāv	2169	6974	26
Mercedes	1001	-8413	26
Guadalupe	995	-8406	26
Huntley	4217	-8843	26
Marialva	-2348	-5179	26
Northolt	5155	-37	26
Batifa	3717	4301	26
Ishqoshim	3672	7161	26
Didim	3738	2726	26
Junnar	1921	7388	26
Ambatofinandrahana	-2055	4680	26
Lago da Pedra	-429	-4524	26
Shingū	3371	13043	26
Kānker	2027	8149	26
Melgar	420	-7464	26
Oisterwijk	5158	519	26
Harelbeke	5085	331	26
Kluczbork	5097	1822	26
Xenia	3968	-8393	26
Garbagnate Milanese	4557	908	26
Paço de Arcos	3870	-929	26
Wałcz	5328	1647	26
Marín	4239	-870	26
Olanchito	1548	-8657	26
Reisterstown	3947	-7683	26
Leiderdorp	5216	453	26
Newton Aycliffe	5462	-157	26
Armavir	4015	4404	26
Ankazoabo	-2228	4452	26
Horb am Neckar	4844	869	26
Kokologo	1219	-188	26
Novi Ligure	4476	879	26
Kinwat	1963	7820	26
Falconara Marittima	4363	1340	26
Gressier	1854	-7253	26
Kubinka	5558	3670	26
Si Satchanalai	1752	9976	26
São Mamede de Infesta	4119	-861	26
Makubetsu	4537	14182	26
Telabastagan	1512	12061	26
Nagari	1332	7959	26
Kālol	2261	7346	26
Goiatuba	-1801	-4935	26
Savigny-le-Temple	4857	258	26
Sagara	3469	13820	26
Ash Shaykh Miskīn	3283	3616	26
Tamra	3285	3520	26
Herentals	5118	483	26
Brecht	5135	464	26
Vrbas	4557	1964	26
Kaltan	5353	8725	26
Puerto Escondido	1587	-9708	26
Ozëry	5486	3855	26
Nev’yansk	5750	6021	26
Chīpurupalle	1831	8357	26
Green	4095	-8148	26
Brawley	3298	-11553	26
Renigunta	1365	7951	26
Dunga Bunga	2975	7324	26
Yukon	3551	-9776	26
Zest’aponi	4211	4304	26
Lepe	3725	-720	26
Ukmerge	5525	2475	26
Granja	-312	-4083	26
Dole	4709	549	26
Nalhāti	2430	8783	26
Aserrí	986	-8409	26
Rhyl	5332	-349	26
Shimo-furano	4335	14238	26
Villeneuve-sur-Lot	4441	70	26
Forest Hills	4296	-8549	26
Qo‘rg‘ontepa	4073	7276	26
Gokarna	1455	7432	26
Santo Tomás	1076	-7475	26
Hertford	5180	-8	26
Koregaon	1865	7406	26
Kāndla	2303	7022	26
Świecie	5341	1845	26
Lafayette	3789	-12212	26
Krasnoarmeysk	5102	4570	26
Villanueva de la Serena	3898	-580	26
Maao	1049	12299	26
Ramsey	4526	-9345	26
Fokino	4297	13241	26
Güroymak	3858	4202	26
Amizour	3664	490	26
Suitland	3885	-7692	26
Sokoni	-643	3955	26
Suşehri	4016	3808	26
Behror	2789	7628	26
Rosedale	4066	-7374	26
Terlizzi	4113	1655	26
Acatzingo	1898	-9778	26
Tha Kham	911	9923	26
Santa Fé do Sul	-2021	-5093	26
La Paz	1544	12073	26
Santa Cruz das Palmeiras	-2183	-4725	26
Severobaykal’sk	5564	10932	26
New Lenox	4151	-8797	26
Madison	3246	-9012	26
Ibaiti	-2385	-5019	26
Bireun	520	9670	26
Neenah	4419	-8846	26
Itako	3593	14055	26
Alvin	2942	-9524	26
Vaudreuil-Dorion	4540	-7403	26
Břeclav	4876	1688	26
Zittau	5090	1481	26
Les Ulis	4868	217	26
Sukumo	3293	13273	26
Marseille 02	4330	537	26
Nuwara Eliya	697	8078	26
Bečej	4562	2003	26
Didouche Mourad	3645	664	26
Omigawa	3585	14062	26
Pimenta Bueno	-1167	-6119	26
Avanigadda	1602	8092	26
Tahla	3405	-442	26
Srīnivāspur	1334	7821	26
Fichē	980	3873	26
Nongstoin	2552	9126	26
Key West	2456	-8178	26
Río Guayabal de Yateras	2037	-7502	26
Mussoorie	3045	7807	26
Annigeri	1543	7543	26
Lopez	1388	12226	26
Tecax	2021	-8929	26
Český Těšín	4975	1863	26
Punaauia	-1763	-14960	26
Cangas do Morrazo	4226	-878	26
Salinas	-1617	-4229	26
Osvaldo Cruz	-2180	-5088	26
Kushikino	3172	13027	26
Felipe Carrillo Puerto	1958	-8805	26
Machachi	-51	-7857	26
Berehove	4821	2264	26
Zirndorf	4944	1095	26
Néa Filadélfeia	3803	2374	26
Geldermalsen	5188	529	26
Randolph	4085	-7458	26
Buchanan	588	-1005	26
Temple Terrace	2804	-8239	26
Mahendragarh	2827	7615	26
Almansa	3887	-110	26
Jais	2626	8155	26
Owatonna	4408	-9323	26
Aman Garh	3401	7193	26
Staveley	5327	-135	26
Anaime	440	-7544	26
Bresso	4554	919	26
Raojān	2254	9192	26
Pawāyan	2807	8010	26
Homewood	3347	-8680	26
Monsefú	-687	-7987	26
Sahuarita	3196	-11096	26
Thetford-Mines	4609	-7131	26
Los Palacios	2259	-8325	26
Aş Şanamayn	3307	3618	26
Melouza	3598	419	26
Valente Diaz	1916	-9622	26
Oyonnax	4626	566	26
Narutō	3560	14042	26
Onda	3996	-26	26
Krasnoarmeysk	5610	3813	26
Nabua	1341	12337	26
Olpe	5103	785	26
Ampanihy	-2469	4475	26
Maple Valley	4739	-12205	26
Jumilla	3848	-132	26
Huejotzingo	1916	-9841	26
Walnut Grove	4916	-12264	26
Zavodoukovsk	5650	6655	26
Coleraine	5513	-667	26
Farnworth	5355	-240	26
Arnstadt	5084	1095	26
Zwedru	607	-814	26
Chhabra	2466	7684	26
Tchamba	903	142	26
Kaniv	4975	3146	26
Tacámbaro de Codallos	1924	-10146	26
Jarocin	5197	1750	26
Khajuraho Group of Monuments	2485	7993	26
Hazelwood	3877	-9037	26
Bartoszyce	5425	2081	26
Troy	4004	-8420	26
Tall Rif‘at	3647	3709	26
Sepuka	-475	3453	26
Yoshii	3625	13898	26
Molodohvardiys’k	4835	3965	26
Treinta y Tres	-3323	-5438	26
Lemoore	3630	-11978	26
Marcavelica	-488	-8071	26
Kozyatyn	4971	2883	26
Rustāq	3713	6983	26
Karor	3122	7095	26
Sādri	2519	7345	26
Jandiāla	3116	7562	26
Tejupilco de Hidalgo	1890	-10015	26
Cordeirópolis	-2248	-4746	26
Wiesloch	4930	870	26
Concepcion Ibaba	1392	12146	26
Mint Hill	3518	-8065	26
Arvayheer	4626	10278	26
Lapa	-2577	-4972	26
Ridgewood	4098	-7412	26
Bang Pakong	1354	10099	26
Herdecke	5140	744	26
Kot Diji	2734	6871	26
K’olīto	732	3808	26
Quinta Do Conde	3857	-904	26
Nazaré	-1304	-3901	26
Yehud	3203	3489	26
Uran	1888	7294	26
Kalandia	3187	3522	26
Oullins	4571	481	26
Le Creusot	4681	442	26
Bacoli	4080	1407	26
Cabot	3497	-9202	26
Pāsighāt	2807	9533	26
Koprivnica	4616	1683	26
Kalur Kot	3216	7127	26
Qacha’s Nek	-3012	2869	26
Panzos	1540	-8964	26
Eket	464	792	26
Reedley	3660	-11945	26
Kamba	1185	365	26
Unterschleißheim	4828	1158	26
Heemstede	5235	462	26
Edgewood	3942	-7629	26
Elmina	508	-135	26
Meadow Woods	2839	-8137	26
Beuningen	5186	577	26
South Portland	4364	-7024	26
Valle de Bravo	1920	-10013	26
Ekazhevo	4321	4482	26
Zhongxing New Village	2396	12069	26
Krnov	5009	1770	26
Nubl	3638	3699	26
Castelfranco Veneto	4567	1193	26
Übach-Palenberg	5092	612	26
Oltiariq	4039	7147	26
Pangkalan Brandan	402	9828	26
Val-d'Or	4810	-7780	26
West Whittier-Los Nietos	3398	-11807	26
Mauganj	2467	8187	26
Ganghwa-gun	3775	12649	26
Lebanon	4034	-7641	26
Tougué	1145	-1166	26
Kariba	-1652	2880	26
Rancharia	-2223	-5089	26
Tekkalakote	1553	7688	26
Crowthorne	5137	-79	26
San Vicente de Cañete	-1308	-7639	26
Santana do Paraíso	-1936	-4257	26
Meckenheim	5062	703	26
Helmstedt	5223	1101	26
Rocha	-3448	-5433	26
Subaykhān	3485	4060	26
Hawarden	5318	-303	26
Kallidaikurichi	869	7747	26
Kireyevsk	5393	3793	26
Rottweil	4817	863	26
Mixquiahuala de Juarez	2023	-9921	26
Bramhall	5336	-217	26
Colonelganj	2713	8170	26
Coulsdon	5132	-14	26
Yoshida-kasugachō	3768	13888	26
Quart de Poblet	3948	-44	25
Zanesville	3994	-8201	25
Prince Edward	4400	-7725	25
Mehndāwal	2698	8311	25
Soko	-748	11243	25
Koelwār	2558	8480	25
Cullinan	-2567	2852	25
Colleyville	3288	-9716	25
Kāgal	1658	7432	25
Rudolstadt	5072	1134	25
Bartley Green	5244	-200	25
Salaga	855	-52	25
Navrongo	1090	-109	25
Duiven	5195	601	25
Canton	3424	-8449	25
Dongen	5163	494	25
Velenje	4636	1511	25
Bannūr	1233	7686	25
St Austell	5034	-477	25
Heppenheim an der Bergstrasse	4964	863	25
Popasna	4863	3838	25
Moskháton	3795	2368	25
Ossining	4116	-7386	25
Hŭkkyo-ri	3880	12579	25
Kuttampuzha	1015	7674	25
Salem	3729	-8005	25
Budhlāda	2993	7556	25
Aţ Ţafīlah	3084	3560	25
Ayutuxtepeque	1374	-8920	25
Zelino	4198	2106	25
Limonar	2295	-8141	25
Neietsu	3718	12847	25
San Rafael	993	-8414	25
Burlington	4081	-9111	25
Saratoga Springs	4035	-11190	25
Nīlēshwar	1226	7514	25
Kamimaruko	3632	13827	25
Majuro	709	17138	25
Marataizes	-2104	-4082	25
Querecotillo	-484	-8065	25
Elmadağ	3992	3323	25
Pérama	3797	2357	25
Ixtepec	1656	-9510	25
Melrose Park	4190	-8786	25
Guadalupe	-725	-7948	25
Kārkala	1321	7499	25
Kokstad	-3055	2942	25
Hénin-Beaumont	5041	296	25
Salamína	3796	2350	25
G‘uzor	3862	6625	25
Starkville	3345	-8882	25
Omutninsk	5867	5219	25
Rhosllanerchrugog	5301	-306	25
Kadakkavoor	868	7677	25
Fleetwood	5393	-301	25
Chardara	4126	6797	25
Witham	5180	64	25
Wassenaar	5215	440	25
Veghel	5162	555	25
Nerekhta	5746	4057	25
Nelidovo	5622	3278	25
Bad Honnef	5064	723	25
São Lourenço do Sul	-3137	-5198	25
Orvault	4727	-162	25
Sundarnagar	3154	7691	25
Waddinxveen	5205	465	25
Lochearn	3934	-7672	25
Chanhassen	4486	-9353	25
Banganapalle	1532	7823	25
Āsandh	2952	7661	25
Carangola	-2073	-4203	25
Gerāsh	2767	5414	25
Hercules	3802	-12229	25
Hadagalli	1502	7593	25
Vohibinany	-1735	4903	25
Emiliano Zapata	1934	-9897	25
Anūpshahr	2836	7827	25
Cabagan	1743	12177	25
Galt	3825	-12130	25
Jalālābad	2962	7744	25
Nanchital de Lázaro Cárdenas del Río	1807	-9441	25
Daura	1303	832	25
Pszczyna	4998	1895	25
Griesheim	4986	857	25
Lumding Railway Colony	2575	9317	25
Prior Lake	4471	-9342	25
Iiyama	3685	13837	25
Pompéu	-1922	-4494	25
Ellwangen	4896	1013	25
Piraju	-2319	-4938	25
Songadh	2117	7356	25
Shamsābād	2754	7944	25
Morro Agudo	-2073	-4806	25
Ibrā’	2269	5853	25
Paraparaumu	-4092	17502	25
Kithor	2887	7794	25
Lajedo	-866	-3632	25
Reinbek	5352	1025	25
La Guaira	1060	-6693	25
Guanajay	2293	-8269	25
Assemini	3929	900	25
Grandview	3889	-9453	25
Clinton	3234	-9032	25
Wolfen	5166	1227	25
Machhlīshahr	2569	8241	25
Murree	3391	7339	25
Kinzan	3610	12749	25
Yarmouth	4171	-7023	25
Anserma	533	-7579	25
Mendī	980	3510	25
Baloda Bāzār	2166	8216	25
Şurmān	3276	1257	25
Rimavská Sobota	4838	2002	25
Petrila	4545	2342	25
Devanhalli	1325	7771	25
Tipasa	3659	245	25
Sainte-Thérèse	4564	-7383	25
Sapanca	4069	3027	25
Ijūin	3162	13040	25
Yuriria	2021	-10113	25
Varel	5340	814	25
Sandusky	4145	-8271	25
Balch Springs	3273	-9662	25
White Bear Lake	4508	-9301	25
Vilyuchinsk	5293	15840	25
Coudekerque-Branche	5102	239	25
Kaélé	1011	1445	25
Chaska	4479	-9360	25
Chai Badan	1520	10113	25
Harvey	4161	-8765	25
Mbinga	-1093	3502	25
Gursarāi	2562	7918	25
Middle River	3933	-7644	25
Dolores	-3631	-5768	25
Woodstock	4231	-8845	25
Mostovskoy	4441	4079	25
Plottier	-3897	-6823	25
Alice Springs	-2370	13388	25
Paraiso	1840	-9321	25
Faqirwali	2947	7303	25
Gelibolu	4041	2667	25
Ardmore	3417	-9714	25
Lockport	4159	-8806	25
Woodburn	4514	-12286	25
Rīngas	2736	7557	25
Nacka	5931	1816	25
Ciudad Altamirano	1836	-10067	25
Netphen	5092	810	25
Álamo	2091	-9768	25
Colinas	-603	-4425	25
Kağızman	4016	4313	25
Butzbach	5043	867	25
Wyandotte	4221	-8315	25
Vezirköprü	4114	3545	25
Herblay	4899	217	25
Al Bukayrīyah	2614	4366	25
Hermanus	-3442	1923	25
Arumuganeri	857	7809	25
Tatarsk	5522	7598	25
Teluk Nibung	300	9982	25
Santa Ana	-1287	-7272	25
Luchingu	-1090	3933	25
Flémalle-Haute	5060	544	25
Enzan	3570	13873	25
Bologoye	5789	3405	25
Victoria	-3262	-6015	25
Saryaghash	4146	6917	25
Makó	4622	2048	25
Mauldin	3478	-8231	25
Belvidere	4226	-8884	25
Sidi Mérouane	3652	626	25
Tanjungtiram	406	9837	25
Blackheath	5146	1	25
Yamazakichō-nakabirose	3500	13455	25
Lohne	5267	824	25
Mosbach	4935	915	25
Cuautlancingo	1909	-9827	25
Buritizeiro	-1735	-4496	25
Korostyshiv	5032	2906	25
Vayalār	971	7634	25
Norden	5360	721	25
Valls	4129	125	25
Budaörs	4746	1896	25
Akune	3202	13020	25
Himamaylan	1010	12287	25
San Marcos	1496	-9179	25
Sandomierz	5068	2175	25
Pfungstadt	4981	860	25
Roth	4925	1109	25
Ris-Orangis	4865	241	25
Ahraura	2502	8303	25
Rampachodavaram	1744	8178	25
Villaricca	4092	1419	25
Hannoversch Münden	5142	965	25
Fārsān	3226	5056	25
Campechuela	2023	-7728	25
Akyazı	4069	3062	25
Belluno	4614	1222	25
Afogados da Ingazeira	-775	-3764	25
Moscow	4673	-11700	25
Rioja	-606	-7717	25
Milford	4214	-7152	25
Malakanagiri	1836	8189	25
West Memphis	3515	-9018	25
Boysun	3821	6721	25
Santa Perpètua de Mogoda	4153	218	25
Swakopmund	-2268	1453	25
Ust’-Katav	5494	5818	25
Kanigiri	1541	7951	25
Athens	3933	-8210	25
Chengannūr	932	7662	25
Vught	5165	529	25
Mercer Island	4757	-12222	25
Lady Frere	-3170	2723	25
Hattersheim	5007	849	25
Chandauli	2526	8327	25
Bridgeton	3943	-7523	25
Mount Gambier	-3783	14078	25
Karoi	-1681	2969	25
Batu Berendam	225	10225	25
Katima Mulilo	-1750	2427	25
Yangirabot	4003	6596	25
Dākor	2275	7315	25
Yahyalı	3810	3536	25
Yŏnmu	3613	12710	25
Sucy-en-Brie	4877	253	25
Pak Phanang	835	10020	25
Lainate	4557	903	25
Kriens	4703	829	25
Encarnación de Díaz	2153	-10224	25
Sāndi	2729	7995	25
Maplewood	4073	-7427	25
Soledad	3642	-12133	25
Palmerston	-1249	13098	25
Luninyets	5225	2680	25
Fallingbrook	4548	-7548	25
Bojia	2647	11197	25
Pitsea	5156	51	25
Seririt	-819	11494	25
Daliyat al Karmel	3269	3505	25
Padam	3347	7688	25
Marayur	1028	7716	25
Kolasib	2422	9268	25
Shiraguppi	1662	7471	25
Qeshm	2695	5627	25
Marina di Carrara	4404	1004	25
Stung Treng	1353	10597	25
Muang Xay	2069	10198	25
Vangviang	1892	10245	25
Ampahana	-1475	5022	25
Hoensbroek	5092	593	25
Oman Smart Future City	2365	5760	25
Knjazevac	4357	2226	25
Volokolamsk	5603	3597	25
Shali	4315	4590	25
Gur’yevsk	5428	8593	25
Yuzhne	4662	3110	25
Slavutych	5152	3072	25
Farmington	4172	-7283	25
Midstream	-2592	2820	25
Cajicá	492	-7403	25
Ingelheim am Rhein	4997	806	25
Delitzsch	5153	1234	25
Ilha Solteira	-2043	-5134	25
Jarābulus	3682	3801	25
Koper	4555	1373	25
Brownsburg	3984	-8640	25
Petit-Bourg	1619	-6159	25
Saginaw Township North	4346	-8401	25
Edwardsville	3881	-8995	25
San Felipe	990	-8411	25
Radovis	4164	2246	25
Ābu	2459	7272	25
Sheohar	2651	8529	25
Zverevo	4802	4012	25
Riverside	3978	-8412	25
Makurazaki	3127	13032	25
Óbidos	-192	-5552	25
Talisay	1409	12102	25
Baggabag B	1651	12119	25
Athens	3480	-8697	25
Almassora	3995	-6	25
Darreh Shahr	3314	4738	25
Puerto Varas	-4132	-7299	25
Burg bei Magdeburg	5227	1185	25
Itsukaichi	3573	13922	25
Sanger	3671	-11956	25
Kunda	2572	8151	25
Ishige	3612	13997	25
Manouba	3681	1010	25
Westmont	4180	-8798	25
Grigny	4865	239	25
San Carlos	-3479	-5492	25
Bedburg	5099	657	25
Treviglio	4552	959	25
Deori Khās	2339	7902	25
Wakefield	4251	-7107	25
Sakleshpur	1294	7578	25
Zărnești	4556	2532	25
Rockledge	2835	-8073	25
Hastings	4059	-9839	25
Alba	4470	803	25
Santeramo in Colle	4079	1676	25
Cave Spring	3723	-8001	25
Orhei	4738	2882	25
North Tustin	3376	-11779	25
Elefsína	3804	2354	25
Bemetāra	2172	8153	25
En Nâqoûra	3312	3514	25
Hunucmá	2102	-8988	25
Cruces	2234	-8027	25
Bawāna	2880	7703	25
Jardín América	-2704	-5523	25
São Mateus do Sul	-2587	-5038	25
Sokolov	5018	1264	25
Salo	6038	2313	25
Whitehaven	5455	-358	25
Sho‘rchi	3800	6779	25
Yangiobod	4112	7009	25
Daphne	3060	-8790	25
Whitehall Township	4067	-7550	25
Igurusi	-885	3385	25
Periyanayakkanpalaiyam	1115	7695	25
Aschersleben	5176	1146	25
Mateus Leme	-1999	-4443	25
Ahmadpur Sial	3068	7174	25
Newport	5070	-129	25
Kānth	2906	7863	25
Puyo	-148	-7800	25
Charkhāri	2540	7975	25
Sabanagrande	1079	-7476	25
Skegness	5314	34	25
Szigetszentmiklós	4734	1904	25
Villa de Costa Rica	2459	-10739	25
Mangaldai	2644	9203	25
Soignies	5058	407	25
Wertheim	4976	951	25
Nkhotakota	-1293	3430	25
Paducah	3708	-8860	25
Selby	5378	-107	25
La Ligua	-3245	-7123	25
Jenjarum	287	10149	25
Cliffside Park	4082	-7399	25
Gagarin Shahri	4066	6817	25
Iturrama	4281	-166	25
Buenaventura	358	-7700	25
Elmwood Park	4192	-8781	25
Ar Rām wa Ḑāḩiyat al Barīd	3185	3523	25
Vineyard	3846	-12135	25
Lodi	4088	-7408	25
Thetford	5242	75	25
Vadnagar	2379	7264	25
Ebebiyin	215	1134	25
Laç	4164	1971	25
Hazleton	4096	-7597	25
Pires do Rio	-1730	-4828	25
Kosan	3886	12742	25
Takum	727	998	25
Takahashi	3478	13362	25
Shelui	-437	3420	25
Chimala	-886	3402	25
Susurluk	3991	2816	25
Manikchari	2284	9184	25
Aoulef	2697	108	25
Coronado	3269	-11718	25
San	1330	-490	25
Hillside	4071	-7379	25
Madaoua	1407	596	25
Fresnes	4876	232	25
Safīpur	2674	8034	25
Migdal Ha‘Emeq	3268	3524	25
Lamin	1335	-1643	25
La Calera	-3134	-6434	25
Buzovna	4052	5011	25
Apolda	5103	1152	25
Eagle River	6132	-14957	25
Soledade	-2882	-5251	25
Vittorio Veneto	4598	1230	25
Phalia	3243	7358	25
South Salt Lake	4072	-11189	25
Calahorra	4231	-197	25
Paris	3366	-9556	25
Zafar	4098	6890	25
Attendorn	5113	790	25
Romainville	4889	243	25
Northport	3323	-8758	25
Payshamba Shahri	4001	6623	25
Lanaken	5089	565	25
Kabrāi	2540	8000	25
Kheda	2275	7269	25
Farafangana	-2282	4783	25
University Park	3285	-9680	25
Uniondale	4070	-7359	25
Ponca City	3671	-9709	25
Ponneri	1334	8019	25
Muskego	4291	-8814	25
Collinsville	3867	-8998	25
Nowa Ruda	5058	1650	25
Talwāra	3194	7589	25
Orta di Atella	4096	1427	25
São Bento	-628	-3775	25
Vadakku Valliyūr	838	7761	25
Tres Isletas	-2634	-6043	25
Reading	4253	-7110	25
Bamusso	446	890	25
Santaluz	-1126	-3937	25
Cugir	4584	2337	25
Alicia	1678	12170	25
Gampola	716	8057	25
Short Pump	3765	-7761	25
Belmont	4240	-7118	25
Dedham	4224	-7117	25
Sandviken	6062	1677	25
De Pere	4445	-8806	25
Zumpango del Río	1765	-9953	25
Adh Dhayd	2529	5588	25
La Paz	-3074	-5965	25
Chilaw	758	7980	25
Debark’	1316	3790	25
G‘azalkent	4156	6977	25
Tharād	2440	7163	25
Kut Chap	1743	10257	25
New Yekepa	758	-854	25
Gauripur	2608	8996	25
Laredo	-809	-7896	25
Igbeti	875	413	25
Saltpond	521	-106	25
Kakonko	-328	3096	25
Haisyn	4881	2939	25
Hosdurga	1380	7628	25
Muktāgācha	2476	9026	25
Caledonia	4281	-8792	25
Tekkali	1861	8424	25
Mola di Bari	4106	1709	25
Fontenay-aux-Roses	4879	229	25
Pākāla	1345	7911	25
Mont-Dore	-2226	16657	25
Kirovsk	5988	3100	25
Waldkraiburg	4821	1240	25
Décines-Charpieu	4577	496	25
Mīnjūr	1328	8026	25
Airdrie	5130	-11404	25
Inkster	4229	-8331	25
Monte Caseros	-3025	-5764	25
Boa Viagem	-513	-3973	25
Mount Pearl	4752	-5278	25
Čadca	4944	1879	25
Nan	1878	10078	25
Veinticinco de Mayo	-3543	-6017	25
Vincentown	3993	-7475	25
Aci Catena	3761	1514	25
Kabarnet	49	3574	25
Arauco	-3725	-7332	25
Bingen am Rhein	4997	790	25
Siraha	2665	8621	25
Bixby	3594	-9588	25
Martos	3772	-397	25
Al Quşayr	2611	3428	25
Newton Mearns	5577	-433	25
Uvinza	-510	3039	25
Emporia	3840	-9618	25
Fort Dodge	4250	-9417	25
Naduvannūr	1149	7578	25
Nyalikungu	-318	3378	25
Walker	4300	-8577	25
Andol	1781	7808	25
Palmetto Bay	2562	-8032	25
Oristano	3990	859	25
Vale of Leven	5597	-458	25
Zaraysk	5476	3888	25
Hjørring	5746	998	25
Zheleznovodsk	4414	4302	25
Al Qubbah	3276	2224	25
Saint-Dié-des-Vosges	4828	695	25
Ottumwa	4102	-9241	25
Junction City	3903	-9683	25
Seal Beach	3374	-11810	25
Manibaug Pasig	1510	12056	25
San Carlos	880	-7570	25
São Francisco do Conde	-1263	-3868	25
San Borja	-1485	-6675	25
Dzyarzhynsk	5368	2714	25
Traralgon	-3820	14654	25
Tarpon Springs	2815	-8276	25
Ramallah	3190	3520	25
Franklin	3948	-8605	25
Gōtsuchō	3501	13223	25
Biny Selo	4045	5009	25
Lagdo	906	1367	25
Sakhnīn	3286	3530	25
Bijbehara	3379	7511	25
Fontaine	4519	569	25
Gorantla	1398	7777	25
Baarn	5221	529	25
Sevlievo	4303	2511	25
Yazman	2912	7174	25
Santa Rita do Passa Quatro	-2171	-4748	25
Duiwelskloof	-2369	3014	25
Herndon	3897	-7739	25
Netivot	3142	3459	25
Austin	4367	-9297	25
Dātāganj	2803	7941	25
Tamazunchale	2126	-9879	25
Acopiara	-610	-3945	25
Salzkotten	5167	860	25
Ranong	997	9863	25
Nagcarlan	1414	12142	25
Devrek	4122	3196	25
La Isla	1860	-9615	25
Çayeli	4109	4072	25
Victoria	-3823	-7233	25
Sachse	3298	-9660	25
Pasinler	3998	4167	25
Chinoz	4094	6876	25
Pathum Thani	1401	10053	25
Navan	5365	-668	25
Qarāwul	3722	6878	25
Holbæk	5572	1171	25
Kailāras	2630	7762	25
Juatuba	-1995	-4434	25
Chharra	2792	7840	25
Sun City West	3366	-11234	25
Faizpur	2117	7586	25
Athi River	-146	3698	25
Hakui	3688	13678	25
Mortsel	5117	445	25
Lamu	-227	4090	25
Watauga	3286	-9725	25
Sabang	589	9532	25
Lindau	4755	968	25
Kingstown	1316	-6123	25
Chhota Udepur	2230	7402	25
Watsa	304	2954	25
Hobaramachi	3782	14055	25
Al Ḩawātah	1342	3463	25
Šaľa	4815	1788	25
Jaynagar-Majilpur	2218	8842	25
Gürsu	4022	2919	25
Axim	487	-224	25
Ostrov	5734	2835	25
Burlington	4250	-7120	24
San Benito	2613	-9763	24
Auch	4365	59	24
Litoměřice	5053	1413	24
Korbach	5128	887	24
Achern	4863	808	24
Vị Thanh	978	10547	24
Freeport	4230	-8962	24
Bruay-la-Buissière	5048	255	24
Lisieux	4915	23	24
Dillenburg	5074	829	24
Tocopilla	-2209	-7020	24
Obertshausen	5007	885	24
Singāpur	1747	7813	24
Victoria	1423	12133	24
Sahaspur	2912	7862	24
Walsrode	5286	959	24
Āndippatti	1000	7762	24
Arriaga	1624	-9390	24
Zungeru	981	615	24
Sarreguemines	4911	707	24
Tbilisskaya	4536	4019	24
Lagoa Vermelha	-2821	-5153	24
Torres Vedras	3909	-926	24
Armyansk	4611	3369	24
Delanggu	-762	11068	24
Pérez	-3300	-6077	24
Friedrichsdorf	5025	864	24
Zottegem	5087	381	24
Kānt	2781	7979	24
Margherita	2728	9567	24
Wągrowiec	5281	1720	24
Ennis	5284	-899	24
Aldan	5861	12540	24
Werdau	5074	1238	24
Jalostotitlán	2117	-10246	24
Staunton	3815	-7907	24
Wobulenzi	73	3251	24
Selma	3657	-11961	24
South Windsor	4182	-7262	24
North Potomac	3908	-7726	24
Uruçuca	-1459	-3928	24
Mevasseret Ẕiyyon	3180	3515	24
Novopavlovsk	4396	4363	24
La Castellana	1032	12302	24
Raja Jang	3122	7425	24
Oliveira do Douro	4112	-858	24
Gáldar	2815	-1565	24
Kertih	451	10345	24
Tupaciguara	-1859	-4870	24
San Antonio Tecómitl	1922	-9899	24
Homer Glen	4160	-8794	24
Santa Quitéria	-433	-4016	24
Saint-Bruno-de-Montarville	4553	-7335	24
Jāmtāra	2396	8680	24
Torcy	4885	265	24
Gradignan	4477	-61	24
Wieluń	5122	1857	24
Tbeng Meanchey	1381	10498	24
Coral Terrace	2575	-8030	24
Kamojimachō-jōgejima	3407	13435	24
Adra	3675	-302	24
Partizánske	4863	1838	24
Norfolk	4203	-9742	24
Noordwijk-Binnen	5223	444	24
Bangassou	474	2282	24
Diemen	5234	496	24
Giussano	4570	921	24
Skopin	5382	3955	24
Havlíčkův Brod	4961	1558	24
Midland	4475	-7988	24
Lanester	4776	-334	24
Taiobeiras	-1581	-4223	24
Ridgeland	3243	-9013	24
Ghat	2496	1018	24
Longonjo	-1291	1525	24
Eisleben Lutherstadt	5153	1155	24
Pio	1505	12052	24
Nova Zagora	4248	2602	24
Zuru	1144	523	24
Wednesbury	5255	-202	24
Doba	865	1685	24
Yenagoa	493	627	24
Scaggsville	3915	-7690	24
Tayga	5606	8562	24
Avinashi	1119	7727	24
Feltham	5145	-41	24
Bad Oldesloe	5381	1037	24
Candelaria	2835	-1637	24
Iringal	1156	7562	24
Warburg	5149	915	24
Brétigny-sur-Orge	4861	231	24
Sirari	-125	3448	24
Uttiramerūr	1261	7976	24
Muret	4346	133	24
Gumdag	3921	5459	24
Ofaqim	3131	3462	24
Cudahy	3396	-11819	24
Aranđelovac	4431	2056	24
Bois-Colombes	4892	227	24
Semënov	5679	4449	24
Nikol’sk	5372	4607	24
Yumbe	347	3125	24
Washington	3713	-11351	24
New Smyrna Beach	2903	-8093	24
Vijāpur	2356	7275	24
Ébano	2222	-9838	24
Chak Five Hundred Seventy-five	3155	7383	24
Chiknāyakanhalli	1342	7662	24
Kangasala	6146	2408	24
South Plainfield	4058	-7441	24
Krishnarājpet	1267	7649	24
Saint-Laurent-du-Maroni	550	-5403	24
Pasadena	3911	-7657	24
Anjad	2204	7506	24
Rio Preto da Eva	-270	-5970	24
Al Jahrā’	2934	4766	24
Columbine	3959	-10507	24
Calasiao	1601	12036	24
Syke	5291	882	24
Thatcham	5140	-126	24
Āron	2438	7742	24
Socorro	-2259	-4653	24
Greenbelt	3900	-7688	24
Selydove	4815	3730	24
Narasannapeta	1841	8404	24
Artvin	4118	4182	24
Calafell	4120	157	24
Białogard	5401	1599	24
Blagnac	4363	139	24
Erandio	4330	-297	24
Loreto	2227	-10199	24
Hérouville-Saint-Clair	4921	-31	24
Glan	582	12520	24
South Riding	3892	-7750	24
Weiterstadt	4990	859	24
Citrus Park	2808	-8257	24
Boca Del Mar	2635	-8015	24
El Salto	2378	-10536	24
Libourne	4491	-24	24
Pishin	3058	6699	24
Ob’	5499	8272	24
Sühbaatar	5023	10621	24
Jiquílpan de Juárez	1999	-10272	24
Le Bouscat	4486	-60	24
Balabanovo	5518	3666	24
Newport	4149	-7131	24
Mahmutlar	3649	3209	24
Saint John’s	1712	-6184	24
Marcos Juárez	-3270	-6211	24
Sitārganj	2893	7970	24
Mbanza Kongo	-627	1424	24
Nueva Loja	9	-7690	24
Santiago Sacatepéquez	1464	-9068	24
Nāndgaon	2031	7466	24
Norton Shores	4317	-8626	24
Harsewinkel	5196	823	24
Ronse	5075	360	24
Barstow Heights	3487	-11706	24
Wallenhorst	5235	802	24
Rockville Centre	4066	-7364	24
Estrela	-2806	-5094	24
Ivatsevichy	5271	2534	24
Lushoto	-478	3828	24
Searcy	3525	-9174	24
North Platte	4112	-10077	24
Rolling Meadows	4208	-8801	24
Codlea	4570	2545	24
Licenciado Benito Juárez (Campo Gobierno)	2466	-10755	24
Gioia del Colle	4080	1692	24
Kushtagi	1576	7619	24
Sikandarpur	2604	8405	24
Miramas	4359	500	24
Marinilla	617	-7534	24
Carteret	4058	-7423	24
Tippi	720	3545	24
Hindley	5353	-258	24
Ludwigsfelde	5230	1325	24
Prigen	-768	11262	24
Beaune	4702	484	24
Ostuni	4073	1758	24
Yeongdong	3617	12778	24
Immokalee	2642	-8142	24
An Nimāş	1915	4212	24
Nivelles	5060	433	24
Ditzingen	4883	907	24
Tak	1687	9913	24
Greiz	5066	1220	24
Muhammadābād	2603	8338	24
Pourham	1435	-1642	24
Kumbalam	991	7631	24
Srīsailain	1607	7887	24
Medford	4082	-7300	24
Giarre	3772	1518	24
Haaksbergen	5216	674	24
Igarapé Açu	-113	-4762	24
Barki Saria	2418	8589	24
Lubliniec	5067	1868	24
Quthing	-3040	2770	24
Ino	3355	13343	24
Riverbank	3774	-12094	24
Cullera	3917	-25	24
Ayakudi	1045	7755	24
San Juan Ixtayopan	1923	-9900	24
Ometepec	1669	-9841	24
Samborondón	-196	-7972	24
Gangāpur	1970	7501	24
Zion	4245	-8783	24
Krolevets’	5155	3338	24
Chambas	2220	-7891	24
Schleswig	5452	956	24
Ibi	3863	-57	24
Aluva	1011	7635	24
Rājaldesar	2803	7447	24
Frederikshavn	5744	1054	24
Plymstock	5036	-409	24
Lentini	3729	1500	24
Nola	4093	1453	24
Kungälv	5787	1198	24
Radevormwald	5120	736	24
Grootfontein	-1957	1812	24
Falkenberg	5691	1249	24
As Sulayyil	2046	4558	24
Eaubonne	4900	228	24
Brunoy	4869	249	24
Kościan	5209	1665	24
Trotwood	3980	-8431	24
Lüdinghausen	5177	744	24
Hastināpur	2916	7801	24
North Haven	4139	-7286	24
Pāthardi	1917	7517	24
Summerlin South	3612	-11533	24
Gusinoozyorsk	5128	10650	24
Pundong	-795	11035	24
Colgong	2526	8723	24
Chettipālaiyam	1091	7704	24
Manāsa	2448	7514	24
Ati	1322	1834	24
Perico	2277	-8102	24
Ormskirk	5357	-288	24
Bra	4470	785	24
Tanjung Tokong	546	10031	24
Matai	-830	3152	24
Molins de Rei	4142	202	24
Mahwah	4109	-7414	24
Kalachinsk	5505	7458	24
Andenne	5049	510	24
Chak One Hundred Twenty Nine Left	3043	7305	24
Pando	-3472	-5596	24
Jakobsberg	5942	1784	24
Loma Linda	3405	-11726	24
Bhachāu	2330	7034	24
Peekskill	4129	-7392	24
Warwick	5228	-158	24
Keystone	2816	-8262	24
Tegina	1007	619	24
Jalapa	1392	-8612	24
Velingrad	4203	2399	24
Rugeley	5276	-194	24
Baldwin	4066	-7361	24
Bāgepalli	1378	7780	24
Kourou	516	-5264	24
Sipalay	975	12240	24
Yanggu	3811	12799	24
Icod de los Vinos	2837	-1671	24
Abou el Hassan	3642	120	24
Golborne	5348	-260	24
Atar	2052	-1305	24
Tosya	4102	3404	24
Fairfax	3885	-7731	24
Maywood	4188	-8784	24
Sebastian	2782	-8047	24
Bembèrèkè	1023	266	24
Rio Real	-1148	-3793	24
Kottūru	1482	7622	24
Verl	5188	852	24
La Gomera	1408	-9105	24
Gantang	2672	10977	24
Markkleeberg	5128	1237	24
Maevatanana	-1695	4683	24
Badou	758	60	24
Caazapá	-2620	-5637	24
East Gwillimbury	4410	-7944	24
Cumaribo	445	-6980	24
Candelaria	341	-7635	24
Setakamachi-takayanagi	3315	13047	24
Mūl	2007	7968	24
Patarrá	988	-8404	24
San Miguel el Alto	2103	-10240	24
Gornji Milanovac	4403	2046	24
Moineşti	4648	2649	24
Olching	4820	1133	24
Hisor	3853	6855	24
Don Luan	1153	10688	24
Gosforth	5500	-162	24
Holt	4264	-8452	24
Muscatine	4142	-9104	24
Ishiki	3480	13702	24
Elk River	4530	-9357	24
Rock Springs	4159	-10920	24
Embarcación	-2321	-6410	24
Golden Gate	2619	-8170	24
Arhribs	3679	431	24
Saint-Constant	4537	-7357	24
Svay Rieng	1109	10580	24
Chios	3837	2614	24
Owando	-48	1590	24
Davlekanovo	5422	5503	24
Corsicana	3210	-9647	24
Scottburgh	-3029	3075	24
Toritama	-801	-3606	24
Miahuatlán de Porfirio Díaz	1633	-9660	24
Ruvo di Puglia	4112	1648	24
Huntingdon	5233	-19	24
Villeparisis	4894	261	24
Hlohovec	4843	1780	24
Haenam	3457	12660	24
Shrīrangapattana	1242	7668	24
Hialeah Gardens	2587	-8032	24
Waverly	4274	-8462	24
Campo Formoso	-1051	-4032	24
Koulikoro	1286	-756	24
Fânzeres	4117	-853	24
Ouésso	161	1605	24
Hunt Valley	3950	-7664	24
Sonneberg	5036	1117	24
Fuquay-Varina	3558	-7880	24
Chengam	1231	7879	24
Pompei	4075	1450	24
Bāzpur	2915	7911	24
Belo sur Tsiribihina	-1970	4455	24
Dokuchayevs’k	4775	3768	24
Fountain Hills	3361	-11172	24
Kalianget	-705	11394	24
Forest Grove	4552	-12311	24
Māngrol	2533	7651	24
Miano	4089	1425	24
Unionport	4083	-7385	24
Champlin	4519	-9340	24
South Portland Gardens	4364	-7032	24
Zorgo	1225	-62	24
Mamburao	1322	12060	24
Kazan	4023	3268	24
Brockville	4459	-7569	24
Centerville	3963	-8416	24
Casa Santa	3803	1255	24
Daventry	5226	-116	24
Kelkit	4013	3943	24
Freudenstadt	4847	841	24
Tata	4765	1832	24
Jawor	5105	1619	24
Kemisē	1072	3987	24
Maroantsetra	-1544	4974	24
Bungo-Takada-shi	3356	13145	24
Sliedrecht	5182	478	24
Bloomington	3407	-11740	24
Miguel Pereira	-2245	-4347	24
Pazarcık	3749	3730	24
Sohāgpur	2270	7820	24
Murlīganj	2590	8700	24
Yurécuaro	2034	-10228	24
Quţūr	3097	3096	24
Montilla	3759	-464	24
Bainbridge Island	4763	-12252	24
San Giovanni a Teduccio	4084	1431	24
Kitahama	3517	13592	24
Nizhniy Lomov	5353	4368	24
Droitwich	5227	-215	24
Lesnoy	5864	5980	24
Montfermeil	4890	258	24
Rossano Stazione	3960	1663	24
Ciudad Serdán	1899	-9745	24
Dok Kham Tai	1916	9999	24
Hwacheon	3811	12771	24
Rădăuți	4785	2592	24
Morrisville	3582	-7883	24
Marshall	3254	-9437	24
Reoti	2585	8438	24
Watertown	4319	-8873	24
Le Robert	1468	-6094	24
Emet	3934	2926	24
Kernersville	3612	-8007	24
Fatehganj West	2847	7931	24
Weingarten	4781	964	24
Wārāseonī	2176	8004	24
Şarkışla	3935	3641	24
Capinzal	-2734	-5161	24
Āsasa	710	3920	24
Tāramangalam	1169	7797	24
Niimi	3498	13347	24
Propriá	-1021	-3684	24
Fada	1719	2158	24
Iguape	-2471	-4756	24
Al Ḩarāk	3275	3631	24
Step’anavan	4101	4439	24
Jardim	-2148	-5614	24
Altea	3860	-5	24
Diu	2071	7098	24
Monteros	-2717	-6550	24
Akwatia	604	-81	24
Dickinson	4688	-10279	24
Sora	4172	1361	24
Motozintla	1537	-9225	24
Genet	907	3850	24
New Milton	5076	-167	24
Old Bridge	4041	-7437	24
Qualiano	4092	1415	24
Ngemplak	-755	11072	24
Old Shinyanga	-355	3340	24
Troitskaya	4331	4498	24
Raychikhinsk	4979	12941	24
Palayan City	1554	12108	24
Armidale	-3050	15167	24
Gherla	4703	2392	24
Tanguá	-2273	-4271	24
Calw	4871	874	24
Ferizli	4094	3049	24
San Pedro del Pinatar	3784	-79	24
Río Cauto	2056	-7692	24
San Pedro	-2662	-5411	24
Bezenchuk	5298	4943	24
Manihāri	2534	8762	24
Volnovakha	4760	3750	24
Comăneşti	4642	2644	24
Lālganj	2593	8170	24
Guanhães	-1877	-4293	24
Teocaltiche	2143	-10257	24
Sèvres	4882	222	24
Urambo	-507	3205	24
Wipperfürth	5112	740	24
Rio das Pedras	-2284	-4761	24
Fougères	4835	-120	24
Mgandu	-595	3413	24
Gaigeturi	3346	12632	24
Fort Washington	3871	-7702	24
Khromtau	5025	5844	24
Lumezzane	4565	1026	24
Spinea-Orgnano	4549	1215	24
Kaseda-shirakame	3142	13032	24
Ammanford	5179	-399	24
San Fernando	1016	12371	24
Alwaye	1011	7635	24
Yverdon-les-Bains	4678	664	24
Masallātah	3262	1400	24
Dinuba	3654	-11939	24
Arad	3126	3521	24
Estoril	3871	-940	24
Portishead	5148	-277	24
Carnaxide	3873	-925	24
Zdolbuniv	5052	2624	24
Boshkengash	3847	6881	24
Lensk	6073	11493	24
Tānsen	2787	8355	24
Nchelenge	-935	2873	24
Barstow	3490	-11702	24
Droylsden	5348	-215	24
Macas	-231	-7811	24
Sovetskiy	6136	6358	24
Maaseik	5110	578	24
Comonfort	2072	-10076	24
Yershov	5135	4828	24
Fairland	3908	-7696	24
Merefa	4982	3605	24
Kharakvasla	1844	7378	24
Olenegorsk	6814	3325	24
Sarıkamış	4033	4259	24
Putignano	4085	1712	24
Brookings	4431	-9680	24
Dhanera	2451	7202	24
Penugonda	1665	8175	24
Poggioreale	4087	1429	24
Blue Island	4166	-8768	24
Kibaha	-677	3892	24
Faribault	4429	-9327	24
Castaños	2679	-10143	24
Skawina	4998	1983	24
Baileys Crossroads	3885	-7713	24
Groß-Gerau	4992	848	24
Arbroath	5656	-259	24
Mariāni	2666	9432	24
Dunajská Streda	4799	1761	24
Arfoud	3144	-423	24
Saint-Pol-sur-Mer	5103	234	24
Chrudim	4995	1580	24
Bogotol	5621	8953	24
Musselburgh	5594	-305	24
Allende	1816	-9439	24
São Luís de Montes Belos	-1652	-5037	24
Dudinka	6941	8618	24
Santa Cruz del Quiché	1503	-9115	24
Pruszcz Gdański	5426	1864	24
Songwa	-352	3352	24
Bassila	901	167	24
Eagle	4370	-11635	24
Langley	4910	-12266	24
Aguada de Pasajeros	2239	-8085	24
Szentendre	4767	1908	24
Norland	2595	-8021	24
Chawinda	3234	7471	24
Raisio	6049	2217	24
Oupeye	5071	565	24
Tash-Kumyr	4135	7222	24
Moutsamoudou	-1217	4440	24
Trucuk	-772	11066	24
Scotch Plains	4066	-7439	24
São Gonçalo do Amarante	-361	-3897	24
Semikarakorsk	4752	4081	24
Steenbergen	5158	432	24
Evesham	5209	-195	24
Jaleshwar	2665	8580	24
Guararema	-2341	-4603	24
La Madeleine	5065	308	24
Bouna	927	-300	24
Lyskovo	5603	4504	24
San Ignacio de Velasco	-1637	-6095	24
Oud-Beijerland	5182	441	24
Mino	3553	13692	24
Lādwa	2999	7705	24
Tacoronte	2848	-1641	24
Bogo	1105	12401	24
Glenville	4153	-8162	24
Itambé	-1524	-4062	24
Nazca	-1483	-7494	24
Juan José Ríos	2576	-10882	24
Seriate	4569	972	24
Lazarevac	4439	2026	24
Teloloapan	1837	-9987	24
El Cerrito	3792	-12231	24
Santa Cruz de El Seibo	1877	-6904	24
Nagar	2742	7710	24
Asia	955	12252	24
Strakonice	4926	1390	24
Whitefield	5355	-230	24
Dorāha	3080	7602	24
Sidi Abdelli	3507	-114	24
Gif-sur-Yvette	4868	213	24
Kreminna	4905	3822	24
Morinda	3079	7650	24
Mojoagung	-757	11235	24
Brandon	3227	-8999	24
Ağdaş	4065	4747	24
Duliāgaon	2737	9531	24
Pānchla	2254	8814	24
Al Kiswah	3336	3624	24
Tallkayf	3649	4312	24
Funehikimachi-funehiki	3745	14058	24
Vangaindrano	-2335	4760	24
Nādbai	2722	7720	24
San Martín de los Andes	-4016	-7135	24
Paiporta	3943	-42	24
Kiomboi	-427	3437	24
Kondoa	-490	3578	24
Bourgoin-Jallieu	4559	527	24
Joaçaba	-2718	-5150	24
Ogōri-shimogō	3410	13140	24
Tadotsu	3427	13375	24
Priego de Córdoba	3744	-420	24
Pinhal Novo	3863	-891	24
Fonseca	1089	-7285	24
Ban Bueng	1331	10111	24
Derby	3755	-9727	24
Rouyn-Noranda	4824	-7902	24
Bègles	4481	-55	24
Oltu	4054	4199	24
San Martín Cuautlalpan	1928	-9883	24
L’govskiy	5163	3528	24
Jhīnjhak	2656	7973	23
Hajdúszoboszló	4745	2140	23
Malpe	1335	7470	23
Pylaía	4060	2299	23
Birūr	1360	7597	23
Koło	5220	1864	23
Graham	4705	-12229	23
Copertino	4027	1805	23
Santa Maria da Vitória	-1339	-4420	23
Overijse	5077	453	23
La Paz Centro	1234	-8668	23
Mikuni	3622	13615	23
Māndal	2544	7457	23
Ilchester	3925	-7676	23
Ząbki	5229	2111	23
Shīshgarh	2873	7931	23
San José Iturbide	2100	-10038	23
Bayonet Point	2833	-8268	23
Keshorai Pātan	2529	7594	23
Armação de Búzios	-2275	-4188	23
Finote Selam	1070	3727	23
Ubauro	2816	6973	23
La Unión	453	-7610	23
Easton	4202	-7113	23
Lofthouse	5373	-150	23
Mégara	3799	2334	23
Loves Park	4232	-8906	23
Avon Lake	4151	-8203	23
Nocera Superiore	4074	1467	23
San Lorenzo	3768	-12212	23
Pawni	2079	7964	23
Morton Grove	4204	-8778	23
Gjirokastër	4008	2014	23
Penarth	5144	-317	23
Kingston	4193	-7400	23
Zug	4717	852	23
Mithi	2474	6980	23
Bishopbriggs	5591	-422	23
Chhātāpur	2622	8700	23
Kopřivnice	4960	1814	23
Belper	5302	-148	23
McDonough	3345	-8415	23
Romulus	4222	-8340	23
Ronnenberg	5232	966	23
Dipayal	2926	8094	23
Basni	2717	7365	23
Kabanovo	5575	3894	23
Rosemount	4474	-9313	23
Khātegaon	2260	7691	23
Rāmtek	2140	7933	23
Metahāra	890	3992	23
Ḩalfāyā	3526	3661	23
Visby	5764	1830	23
María la Baja	998	-7530	23
Ottaviano	4085	1448	23
Kamalasai	1634	10358	23
Sāvantvādi	1590	7382	23
Eckernförde	5447	984	23
Plunge	5591	2184	23
Ban Talat Nua	788	9839	23
Mansfield	4203	-7122	23
Bakhmach	5118	3283	23
Mirandopólis	-2113	-5110	23
Monte Estoril	3871	-941	23
Fedorovskiy	6161	7371	23
Laḩij	1306	4488	23
Pedro Carbo	-182	-8023	23
Sobue	3525	13672	23
Lermontov	4411	4297	23
Cesano Boscone	4544	909	23
Caniço	3265	-1684	23
Laguna Beach	3354	-11778	23
Geretsried	4786	1148	23
Balbriggan	5361	-618	23
Springfield	3993	-7532	23
Monoharpur	2211	8808	23
Kościerzyna	5412	1798	23
Bāgha Purāna	3069	7510	23
Baza	3749	-277	23
Zwevegem	5081	334	23
Bellview	3046	-8731	23
Kitsuki	3342	13162	23
Sangerhausen	5147	1130	23
San Marcos	1191	-8620	23
Injambakkam	1292	8025	23
Prudnik	5032	1757	23
Novo Mesto	4580	1517	23
Ōkawara	3805	14073	23
Salah Bey	3585	529	23
Dīnānagar	3214	7547	23
Chok Chai	1473	10217	23
Bagnoli	4081	1417	23
Cahors	4445	144	23
Formby	5356	-307	23
Burnham-on-Sea	5124	-300	23
Teotihuacán de Arista	1969	-9886	23
Catende	-867	-3572	23
Soygaon	2060	7562	23
Herzogenaurach	4957	1089	23
Alhaurín el Grande	3664	-469	23
Terrytown	2991	-9003	23
Millau	4410	308	23
Hazebrouck	5072	254	23
Ladang Seri Kundang	329	10152	23
Vikindu	-701	3930	23
Tamboril	1949	-7061	23
Toba	3448	13684	23
Ixtlán del Río	2104	-10437	23
Graneros	-3407	-7073	23
Olesa de Montserrat	4154	189	23
Nebaj	1541	-9115	23
Bāglung	2827	8359	23
Damnoen Saduak	1352	9995	23
Mwadui	-355	3360	23
Pekan Nenas	151	10351	23
Osa	5728	5546	23
Udaipur	2353	9148	23
Piastów	5218	2084	23
Peringat	603	10228	23
Akora	3400	7213	23
Nāsriganj	2505	8433	23
Selargius	3926	916	23
Broadstairs	5136	144	23
Katrineholm	5900	1621	23
Jaleshwar	2180	8722	23
Bewar	2722	7930	23
Uster	4735	872	23
Fray Bentos	-3312	-5831	23
Ivrea	4547	788	23
Sassandra	495	-609	23
Whitehorse	6072	-13505	23
Crestview	3076	-8657	23
Triolet	-2006	5755	23
Keene	4293	-7228	23
Niamtougou	977	111	23
Greenwood	3420	-8216	23
Villa Gesell	-3726	-5697	23
Koothanallur	1072	7952	23
Calimete	2253	-8091	23
Kroya	-763	10925	23
Dubăsari	4727	2917	23
Laranjeiras	-1081	-3717	23
Pontinha	3877	-920	23
Divichibazar	4120	4899	23
Vranov nad Topľou	4889	2168	23
Wierden	5236	659	23
Motul	2110	-8928	23
Ängelholm	5624	1286	23
Gallup	3553	-10874	23
Schijndel	5162	543	23
Brody	5009	2515	23
Turabah	2121	4163	23
South Old Bridge	4041	-7435	23
Cambre	4329	-835	23
Duncan	3450	-9796	23
Fabriano	4334	1290	23
Quaraí	-3039	-5645	23
Pindwāra	2480	7306	23
Beersel	5077	430	23
San Sebastiano	4565	1026	23
Świebodzice	5086	1632	23
Nuenen	5147	555	23
Chiffa	3646	274	23
Sisophon	1359	10297	23
Grande-Synthe	5102	230	23
Blieskastel	4924	726	23
Griffin	3325	-8426	23
Sucre	881	-7472	23
Sibaté	449	-7426	23
Navalgund	1556	7535	23
Loandjili	-476	1186	23
Dolton	4164	-8761	23
Muggiò	4559	923	23
Pfaffenhofen an der Ilm	4853	1151	23
Al Mishkhāb	3180	4449	23
Biancavilla	3764	1487	23
Tcholliré	840	1417	23
Zeribet el Oued	3468	651	23
Oadby	5261	-108	23
Shirahamachō-usazakiminami	3478	13472	23
Marki	5232	2110	23
Webster Groves	3859	-9036	23
Awgu	607	748	23
Yanacancha	-1024	-7665	23
Ponteareas	4217	-850	23
Putten	5226	561	23
Belton	3881	-9453	23
Columbus	3350	-8843	23
Nova Cruz	-648	-3543	23
Khandela	2760	7550	23
Tūkrah	3253	2058	23
Chākan	1876	7386	23
Mudanya	4038	2888	23
Macia	-2503	3310	23
São João Nepomuceno	-2154	-4301	23
Jesús del Monte	1938	-9929	23
Denison	3376	-9654	23
East Elmhurst	4076	-7387	23
Taesal-li	3697	12645	23
Kerrville	3005	-9914	23
La Valette-du-Var	4314	598	23
Alot	2376	7556	23
Pooler	3212	-8125	23
Dhāruhera	2821	7680	23
Mequon	4322	-8803	23
Kurduvādi	1809	7542	23
Vicksburg	3235	-9088	23
Alvarado	1877	-9576	23
Wright	3046	-8664	23
Morrisania	4083	-7391	23
Trairi	-328	-3927	23
Vel’sk	6107	4210	23
Chāndur	1973	7917	23
Zacualtipán	2065	-9866	23
Heanor	5301	-135	23
Palm City	2717	-8027	23
Vänersborg	5838	1232	23
Dodola	698	3918	23
Middleborough	4189	-7091	23
Larvik	5905	1004	23
Loulé	3714	-802	23
Thị Trấn Tân Thành	1026	10559	23
San Jorge Pueblo Nuevo	1925	-9963	23
Arnold	3903	-7650	23
San Sebastián de Mariquita	520	-7489	23
Hacıqabul	4004	4894	23
Klatovy	4940	1330	23
Nagato	3438	13120	23
Massawa	1561	3947	23
Fujikawaguchiko	3549	13869	23
Tearce	4208	2105	23
Oxkutzkab	2031	-8942	23
Isla Vista	3441	-11986	23
Moulins	4656	333	23
Colachel	818	7726	23
Dampit	-821	11275	23
Annaberg-Buchholz	5058	1301	23
Vero Beach South	2762	-8041	23
El Monte	-3368	-7098	23
Björlanda	5777	1183	23
Starnberg	4800	1134	23
Nakūr	2992	7730	23
Van Buren	3544	-9435	23
East Peoria	4067	-8958	23
Palmira	2224	-8039	23
Mont-Saint-Aignan	4946	109	23
Zafarwal	3234	7490	23
Landover	3893	-7690	23
Avellaneda	-2912	-5966	23
Stadthagen	5232	920	23
Bohumín	4990	1836	23
Shāmgarh	2419	7564	23
Kuchaiburi	2227	8617	23
Windham	4170	-7216	23
Al Finţās	2917	4812	23
Pinamungahan	1027	12358	23
Piteå	6532	2148	23
Wudil	1181	884	23
Jaguaribe	-589	-3862	23
Jacksonville Beach	3029	-8139	23
Dārwha	2031	7777	23
Sehnde	5231	997	23
Palotina	-2428	-5384	23
Calabasas	3416	-11864	23
Chapeltown	5347	-147	23
Béoumi	767	-558	23
Akdağmadeni	3966	3588	23
Pīpri	1979	7554	23
Tochio-honchō	3748	13900	23
Mansalay	1252	12144	23
Solon	4139	-8144	23
Wuyishan	2776	11803	23
Truro	5027	-505	23
Chantilly	3889	-7743	23
Muluppilagadu	1180	7545	23
Siófok	4690	1806	23
Nangomba	-1090	3850	23
Candler-McAfee	3373	-8427	23
Boumahra Ahmed	3646	751	23
Beloha	-2517	4505	23
Sechura	-556	-8082	23
Kurinjippādi	1155	7959	23
Chivasso	4519	789	23
Étampes	4844	216	23
Carmagnola	4485	772	23
Rio Negro	-2611	-4980	23
Mons-en-Barœul	5063	312	23
Kamiichi	3670	13737	23
Castellar del Vallès	4162	208	23
Ammi Moussa	3587	111	23
Agde	4331	348	23
Opladen	5107	700	23
‘Aqrah	3676	4389	23
Scheveningen	5210	428	23
Loon op Zand	5163	508	23
Sremčica	4468	2039	23
Forquilhinha	-2875	-4947	23
Enna	3757	1427	23
Kajiki	3173	13067	23
Botolan	1529	12002	23
Roselle	4198	-8808	23
Copiague	4068	-7340	23
Aalsmeer	5226	476	23
Baharly	3844	5743	23
Lidköping	5851	1316	23
Otradnaya	4439	4152	23
Munster	4156	-8751	23
Eravur Town	778	8160	23
Bavly	5439	5326	23
Elgin	5765	-332	23
Ladera Ranch	3357	-11764	23
Saint-Ouen-l'Aumône	4904	212	23
Kovancılar	3872	3986	23
Kūdligi	1490	7639	23
Maragondon	1427	12074	23
Motomachi	4383	14410	23
Litherland	5347	-300	23
Lebedyan’	5302	3917	23
Il’skiy	4484	3857	23
Papalotla	1917	-9820	23
Mendeleyevsk	5591	5229	23
Fröndenberg	5148	777	23
Lisle	4180	-8807	23
Staßfurt	5185	1159	23
İdil	3733	4189	23
Termini Imerese	3798	1370	23
Rodolfo Sánchez Taboada	3172	-11657	23
Bad Harzburg	5188	1056	23
Kot Samaba	2855	7047	23
Picnic Point-North Lynnwood	4786	-12229	23
East Naples	2614	-8177	23
Trebišov	4863	2172	23
Addiet Canna	1127	3748	23
Ṟuwandiz	3661	4452	23
Crystal	4503	-9336	23
Cloverleaf	2978	-9517	23
Tralee	5227	-970	23
Dixiana	3374	-8665	23
Highland	4155	-8745	23
Pindaré Mirim	-361	-4534	23
Guihulñgan	1012	12327	23
Wetteren	5101	388	23
Machesney Park	4235	-8904	23
Vertou	4717	-147	23
Vemalwāda	1847	7887	23
Nafada	1110	1133	23
Hanwella Ihala	690	8009	23
Kilkís	4099	2287	23
Dhafní	3795	2373	23
Dankov	5325	3916	23
Nagold	4855	872	23
Barbate	3619	-592	23
Market Harborough	5248	-92	23
Volla	4087	1434	23
Comrat	4629	2866	23
Duderstadt	5151	1026	23
Santa Luzia	-764	-4722	23
Yako	1296	-226	23
Saidpur	2554	8322	23
Khanbari	2738	8721	23
Montreux	4643	691	23
Hamme	5110	414	23
Quattromiglia	3934	1624	23
Phulpur	2555	8209	23
East Tremont	4085	-7389	23
Pelham	3329	-8681	23
Dalmine	4565	961	23
Victoria	-462	5546	23
Kutiatodu	980	7633	23
Edineţ	4817	2730	23
Ngoro	-768	11226	23
Auburn	4410	-7023	23
Tremont	4085	-7391	23
Biankouma	774	-761	23
Karhula	6052	2693	23
Ibiúna	-2366	-4722	23
Sainte-Anne	1623	-6138	23
Shido	3432	13417	23
Zambrów	5299	2224	23
Posillipo	4081	1420	23
Lincolnia	3882	-7714	23
Vícar	3683	-264	23
Kiryas Joel	4134	-7417	23
Severskaya	4485	3868	23
Royton	5357	-212	23
Balarāmpur	2310	8622	23
Arcos de Valdevez	4185	-842	23
Hennenman	-2798	2702	23
Forst	5174	1464	23
Montgeron	4871	245	23
Monte Alegre	-200	-5408	23
Lubartów	5146	2261	23
Kingori	-328	3698	23
Las Pintas de Arriba	2057	-10332	23
Walton-on-Thames	5139	-41	23
Zapotiltic	1963	-10342	23
Bambang	1639	12111	23
Sāmbhar	2691	7519	23
Tixtla de Guerrero	1757	-9940	23
Danghara	3810	6934	23
Goianira	-1650	-4943	23
Valinda	3405	-11794	23
Lustenau	4743	966	23
Oued el Abtal	3546	69	23
Marysville	4024	-8337	23
Illapel	-3163	-7117	23
Wellington	5270	-252	23
Quedlinburg	5179	1115	23
Jindřichův Hradec	4914	1500	23
Idstein	5022	827	23
Igugunu	-457	3463	23
Karmāla	1841	7519	23
Willebroek	5106	436	23
Vaikam	975	7640	23
Haines City	2811	-8162	23
Campo Verde	-2042	-5407	23
Campo de la Cruz	1038	-7488	23
Woodford Green	5161	2	23
Grajewo	5365	2246	23
Raghunathpur	2354	8667	23
Columbus	4143	-9737	23
Amarpur	2504	8690	23
Frontera	1854	-9265	23
Bristol	4168	-7127	23
Millbrae	3760	-12239	23
Yoichi	4320	14077	23
Mount Isa	-2073	13950	23
Alcalá la Real	3746	-392	23
Newberg	4530	-12297	23
Hinjilikatu	1948	8474	23
Tashtagol	5277	8789	23
Yahotyn	5028	3176	23
Uttamapālaiyam	981	7733	23
Atlacomulco de Fabela	1980	-9988	23
Tarāna	2333	7604	23
Tomares	3737	-605	23
Maisons-Laffitte	4895	215	23
Törökszentmiklós	4718	2042	23
Bandar-e Lengeh	2656	5488	23
Hino	3500	13625	23
Dois Vizinhos	-2573	-5306	23
Pariyāpuram	1102	7587	23
Öhringen	4920	951	23
Acajutla	1359	-8983	23
Madingou	-415	1355	23
Igaraçu do Tietê	-2251	-4856	23
The Crossings	2567	-8040	23
Ibi	818	974	23
‘Izrā	3116	3569	23
Valley Station	3811	-8587	23
Lennox	3394	-11835	23
East Lake-Orient Park	2798	-8238	23
Mukeriān	3195	7562	23
Stalybridge	5348	-206	23
Lāthi	2172	7139	23
Manuel Ojinaga	2956	-10442	23
Tortona	4490	886	23
Melíssia	3805	2383	23
Rānia	2952	7484	23
Tennō	3990	13997	23
Jaciara	-1597	-5497	23
Seveso	4565	914	23
Farmington	4464	-9314	23
Wilsonville	4530	-12277	23
Vimercate	4562	937	23
Lindlar	5102	738	23
Hutto	3054	-9755	23
Le Puy-en-Velay	4504	389	23
Lerma de Villada	1929	-9951	23
Bloomingdale	2789	-8224	23
Hatvan	4767	1968	23
Kalamnūri	1967	7731	23
West Odessa	3184	-10250	23
Inglewood-Finn Hill	4772	-12223	23
Llíria	3963	-60	23
Motomiya	3751	14040	23
Caxambu	-2198	-4493	23
Ceadîr-Lunga	4606	2883	23
Koz’modem’yansk	5634	4656	23
Lengerich	5219	786	23
Itimādpur	2724	7820	23
Onega	6391	3811	23
Oak Harbor	4829	-12264	23
Le Moule	1633	-6135	23
Le Petit-Quevilly	4941	106	23
Kampot	1061	10418	23
Maracaju	-2161	-5517	23
‘Ewa Gentry	2134	-15803	23
Godalming	5119	-61	23
Kirovgrad	5743	6006	23
Oak Ridge	2847	-8142	23
Rosemont	3855	-12136	23
Hell-Ville	-1340	4827	23
Patos Fshat	4064	1965	23
Eminabad	3204	7426	23
San Carlos	779	-7477	23
Erdek	4040	2779	23
Tequixquiac	1991	-9914	23
Auburn Hills	4269	-8323	23
Kasamatsuchō	3537	13677	23
Hadyach	5037	3399	23
Bānswāda	1838	7788	23
Meda	4566	915	23
Desenzano del Garda	4547	1054	23
Yŏnan-ŭp	3791	12616	23
Iaçu	-1277	-4021	23
Pottstown	4025	-7565	23
Conversano	4097	1711	23
Iglesias	3931	854	23
Ngudu	-297	3333	23
San Mateo Otzacatipan	1933	-9960	23
Leisure City	2550	-8043	23
Saiha	2249	9298	23
Palma di Montechiaro	3719	1377	23
Cumbum	1558	7911	23
Ostrów Mazowiecka	5280	2190	23
Coromandel	-1847	-4720	23
Goirle	5152	507	23
Goulburn	-3475	14972	23
Nāḩiyat ash Shināfīyah	3158	4465	23
Mariano Comense	4570	918	23
Mātābhānga	2634	8922	23
Kemi	6574	2456	23
Potters Bar	5169	-18	23
Vattalkundu	1016	7776	23
Lormont	4488	-52	23
West Puente Valley	3405	-11797	23
Santo Tomé	-2855	-5604	23
Serra Negra	-2261	-4670	23
Maple Heights	4142	-8157	23
Willoughby	4164	-8141	23
Novotitarovskaya	4524	3898	23
Benbrook	3267	-9746	23
Zarautz	4328	-217	23
Cranford	4066	-7430	23
Owen Sound	4457	-8094	23
Mahwah	2705	7693	23
Chala	-758	3127	23
Bissāu	2825	7508	23
San Miguel Coatlinchán	1945	-9887	23
Una	-1529	-3908	23
Todaraisingh	2602	7548	23
Jaguarari	-1026	-4020	23
Garden City	4073	-7363	23
Chambly	4545	-7328	23
Zolochiv	4981	2489	23
Jashpurnagar	2289	8414	23
Olivet	4786	190	23
Ayapel	831	-7514	23
Lajas	2241	-8029	23
Isernhagen Farster Bauerschaft	5247	984	23
Nizhnyaya Tura	5863	5981	23
Schwetzingen	4938	858	23
Ron	1570	7573	23
Fasano	4084	1736	23
Santo Antônio do Monte	-2009	-4529	23
Baddi	3096	7679	23
Opoczno	5138	2028	23
Iisalmi	6356	2719	23
Phillaur	3102	7579	23
Jāmai	2220	7859	23
Saint-Nicolas	5063	553	23
Seaford	5077	10	23
Sept-Îles	5020	-6638	23
Qīr Moāv	3118	3570	23
Moche	-817	-7901	23
Westerlo	5109	492	23
Batu Arang	332	10147	23
Meoqui	2827	-10548	23
San Vicente	-3443	-7108	23
Phulera	2687	7524	23
Campoalegre	268	-7532	23
Magenta	4546	888	23
Apas	1034	12390	23
Farmington	4098	-11189	23
Águas Belas	-911	-3712	23
Campos Novos	-2740	-5123	23
Jüchen	5110	650	23
Wasco	4194	-8840	23
Achères	4896	207	23
Pukhrāyān	2622	7984	23
Valdagno	4564	1130	23
Hastings	4474	-9285	23
Bélabo	493	1330	23
Enköping	5964	1708	23
Kahuta	3359	7339	23
Lalago	-345	3395	23
Alfreton	5310	-138	23
El Salto	2033	-10450	23
Sirsi	2864	7864	23
Haren	5279	724	23
Lyubotyn	4995	3593	23
Rees	5176	640	23
Avon	4145	-8204	23
Bafilo	935	127	23
Teotihuacán	1969	-9886	23
San José del Valle	2076	-10523	23
Primer Ensanche	4281	-165	23
Segundo Ensanche	4281	-164	23
Pereira Barreto	-2064	-5111	23
Amargosa	-1303	-3960	23
Reichenbach/Vogtland	5062	1230	23
Ozoir-la-Ferrière	4877	267	23
Todabhim	2692	7682	23
Ambato Boeny	-1647	4672	23
Gambiran Satu	-839	11415	23
Ādīs Zemen	1212	3778	23
North Augusta	3350	-8197	23
Bafatá	1217	-1466	23
Tiruppuvanam	983	7826	23
Diest	5099	505	23
Hirado	3337	12955	23
Kamal	-717	11272	23
Baswa	2715	7658	23
Takanabe	3213	13150	23
Mutxamel	3842	-45	23
Le Plessis-Robinson	4879	227	23
Curchorem	1526	7411	23
Webuye	60	3477	23
Namasuba	69	3242	23
Goleniów	5356	1483	23
Saint-Ghislain	5045	382	23
Camborne	5021	-530	23
Vikhorevka	5612	10118	23
Bugiri	57	3374	23
Guilford	4129	-7268	22
Casa Branca	-2177	-4709	22
Città di Castello	4347	1224	22
Gumaca	1392	12210	22
Ranipur	2729	6851	22
Cottage Lake	4774	-12208	22
Genç	3875	4055	22
Mejorada del Campo	4039	-348	22
Moscavide e Portela	3878	-910	22
Banikoara	1130	244	22
Karakul’	3953	6383	22
Tulsīpur	2753	8242	22
Bhānder	2574	7875	22
Tijucas	-2724	-4863	22
Corcoran	3610	-11956	22
Maués	-338	-5772	22
Bad Mergentheim	4949	977	22
Melrose	4082	-7391	22
Mouila	-187	1106	22
Liwonde	-1507	3523	22
Taupo	-3868	17608	22
East Patchogue	4077	-7300	22
Gongdanglegi Kulon	-818	11264	22
Voorschoten	5213	445	22
Lunsar	868	-1253	22
West Springfield	3877	-7722	22
Langford	4845	-12350	22
Cosoleacaque	1800	-9464	22
Gan Yavne	3179	3471	22
Vereshchagino	5808	5466	22
Tha Mai	1262	10200	22
Crimmitschau	5082	1239	22
Vādippatti	1008	7796	22
Vélingara	1315	-1412	22
Hudson	4124	-8144	22
Shizunai-furukawachō	4233	14237	22
Kafr Takhārīm	3612	3652	22
Tejar	975	-8423	22
Naraura	2820	7839	22
Losser	5226	700	22
Mahārājgani	2611	8450	22
San Javier	-3560	-7173	22
Ōkuchi-shinohara	3207	13062	22
Port Hueneme	3415	-11920	22
Baturité	-433	-3888	22
Kenilworth	5235	-158	22
Vreden	5204	683	22
Ngawi	-740	11145	22
Ishikawa	2642	12782	22
Bou Ismaïl	3664	269	22
Quba	4136	4851	22
Alboraya	3950	-35	22
Waldshut-Tiengen	4762	822	22
Tizi-n-Tleta	3655	406	22
Holiday	2819	-8274	22
Bignay Uno	1386	12149	22
Shakhun’ya	5768	4661	22
Nuku‘alofa	-2114	-17520	22
Pýrgos	3768	2144	22
Vignola	4448	1101	22
Berber	1802	3398	22
Cenon	4486	-53	22
Muritiba	-1292	-3925	22
Barão de Cocais	-1995	-4349	22
Radcliff	3784	-8595	22
Werder	5238	1293	22
Djénné	1391	-455	22
Sofo-Birnin-Gwari	1102	678	22
Hopewell	3730	-7729	22
Kulachi	3193	7046	22
New Castle	4100	-8035	22
Braço do Norte	-2827	-4917	22
Seaham	5484	-135	22
Karcag	4732	2093	22
Ar Ruţbah	3304	4029	22
Yarumal	696	-7542	22
Mazouna	3612	90	22
Palafrugell	4192	316	22
Varkaus	6232	2787	22
South Elgin	4199	-8829	22
Nahrīn	3606	6913	22
Leutkirch	4783	1002	22
Sergach	5553	4547	22
Thornaby-on-Tees	5453	-130	22
Wülfrath	5128	704	22
Prichard	3074	-8808	22
New Brighton	4507	-9320	22
San Lazzaro	4447	1141	22
Polonne	5012	2751	22
Anniston	3366	-8583	22
Pomezia	4167	1250	22
Lebu	-3761	-7365	22
Kétou	736	260	22
Palm Springs	2664	-8010	22
Tanjung Sepat	266	10156	22
Ruston	3252	-9264	22
Nainpur	2243	8011	22
Hornsby	-3370	15110	22
Wilmington	4255	-7117	22
Ramanayyapeta	1695	8224	22
Combs-la-Ville	4866	257	22
Barceloneta	1845	-6654	22
Lisse	5226	456	22
Motru	4480	2297	22
Midlothian	3248	-9699	22
Oxford	3437	-8952	22
Los Barrios	3618	-549	22
Nova Milanese	4559	920	22
Daigo	3677	14035	22
Bryukhovetskaya	4581	3900	22
Silapathar	2759	9472	22
Katsuura	3515	14032	22
Baraki Barak	3397	6895	22
Dax	4371	-105	22
Itaí	-2342	-4909	22
Coswig	5113	1358	22
Neustrelitz	5336	1307	22
San Lorenzo	1342	-8745	22
El Masnou	4148	232	22
Sandyford	5327	-623	22
Borssele	5142	373	22
Setti Fatma	3123	-768	22
Balamban	1050	12372	22
Senden	4832	1004	22
Balod	2073	8121	22
Khanpur Mahar	2784	6941	22
Cerro Azul	2119	-9774	22
Puan	3573	12673	22
Vyškov	4928	1700	22
Gunupur	1908	8381	22
Demba	-550	2227	22
Büren	5155	856	22
Hingorja	2721	6842	22
Campos Gerais	-2123	-4576	22
Oakdale	3777	-12085	22
Darien	4175	-8797	22
Bloomingdale	4196	-8808	22
Lolodorf	323	1073	22
Frontignan	4345	375	22
Tokār	1843	3773	22
Mariāhu	2560	8260	22
Lubań	5112	1529	22
Cardito	4095	1430	22
Kretinga	5589	2124	22
Tupiza	-2144	-6572	22
Porto Sant'Elpidio	4325	1376	22
İznik	4043	2972	22
Montecarlo	-2657	-5476	22
Djibo	1410	-163	22
Eséka	365	1077	22
Snina	4899	2215	22
Purwā	2646	8077	22
Uthai Thani	1538	10002	22
Namyang	4295	12986	22
Raahe	6468	2448	22
Płońsk	5262	2038	22
Sudbury	5204	73	22
Venice	2710	-8245	22
Árgos	3763	2273	22
Al Jumūm	2162	3970	22
Yatsuomachi-higashikumisaka	3657	13713	22
Sahāwar	2780	7883	22
Ludlow	4216	-7248	22
Duncan	4878	-12370	22
Guaranda	-159	-7900	22
Manage	5050	424	22
Tadjourah	1179	4288	22
Sidhaulī	2728	8083	22
Nava	2842	-10077	22
Mayahi	1396	767	22
Weligama	598	8043	22
Nyandoma	6167	4020	22
South Bradenton	2746	-8258	22
Mulchén	-3772	-7224	22
Posto da Mata	-1789	-3986	22
Novaya Usman’	5163	3941	22
Lodeynoye Pole	6073	3355	22
Mayāng Imphāl	2461	9389	22
Adra	2350	8668	22
Hajnówka	5274	2358	22
Shōbu	3607	13960	22
Kigonsera	-1080	3505	22
Hillside	4070	-7423	22
Muhammadābād	2731	7943	22
Ylöjärvi	6156	2360	22
North Plainfield	4063	-7443	22
Rotenburg	5311	941	22
Someshwar	1349	7507	22
San José del Guaviare	257	-7265	22
Sadalgi	1656	7453	22
Ciempozuelos	4016	-362	22
Acworth	3407	-8468	22
Itaberaí	-1602	-4981	22
Ojinaga	2957	-10454	22
Pascagoula	3037	-8856	22
Tinnanūr	1311	8003	22
Sunny Isles Beach	2595	-8012	22
Pop	4087	7111	22
Corinto	-1838	-4446	22
Kailāshahar	2433	9200	22
Svetlyy	5468	2013	22
Mansourah	3609	445	22
Losino-Petrovskiy	5587	3820	22
Voiron	4536	559	22
Rawtenstall	5370	-228	22
Roseburg	4322	-12334	22
Metzingen	4854	928	22
Barañáin	4281	-168	22
Loos	5061	302	22
Beohāri	2402	8138	22
Hagere Maryam	563	3824	22
Oxford	3951	-8475	22
Kushima	3149	13124	22
Moskovskiy	3761	6858	22
Weißwasser	5150	1464	22
Staraya Kupavna	5581	3818	22
Nāmagiripettai	1146	7827	22
Merrick	4066	-7355	22
Ghoti Budrukh	1972	7363	22
Maldegem	5121	345	22
Floridia	3708	1515	22
Nogales	1883	-9716	22
Curumaní	920	-7354	22
Dhankutā	2698	8733	22
Nørresundby	5706	992	22
Somerset	4050	-7449	22
Tinde	-388	3320	22
Moses Lake	4713	-11928	22
Mendez-Nuñez	1413	12091	22
Naukot	2486	6940	22
Fleurus	5048	455	22
Vyshhorod	5058	3049	22
San Cataldo	3748	1399	22
São João da Madeira	4090	-849	22
Saginaw	3286	-9736	22
Greater Northdale	2811	-8253	22
Northdale	2809	-8251	22
Summit	4072	-7436	22
Watertown	4490	-9712	22
Pikalëvo	5952	3417	22
Rulenge	-272	3063	22
Siwāna	2565	7242	22
Arrasate / Mondragón	4306	-249	22
Dutsen Wai	1085	820	22
Le Mée-sur-Seine	4853	263	22
Gediz	3899	2939	22
Alliance	4092	-8111	22
LaPorte	4161	-8672	22
Kalispell	4820	-11431	22
Pilar de la Horadada	3787	-79	22
Maracás	-1344	-4043	22
Orahovac	4240	2065	22
Merelbeke	5099	375	22
Georgīevka	4933	8157	22
San Giovanni la Punta	3758	1509	22
South Holland	4160	-8761	22
Tsurugi-asahimachi	3645	13663	22
Tékane	1660	-1535	22
Ryazhsk	5370	4011	22
Pedro II	-442	-4146	22
Burē	1070	3707	22
Owase	3407	13620	22
Princeton	2554	-8041	22
Warnes	-1752	-6317	22
Villeneuve-la-Garenne	4894	231	22
Mocoa	115	-7665	22
Qiryat Shemona	3321	3557	22
Igra	5755	5305	22
Kenmore	4776	-12224	22
Multai	2177	7826	22
Thívai	3833	2332	22
Maswa	-268	3398	22
Retford	5332	-94	22
Wanlaweyn	262	4489	22
Del City	3544	-9744	22
Tivoli	4196	1280	22
Cecina	4331	1052	22
Notsé	695	117	22
Bhinga	2770	8193	22
Derry	4288	-7133	22
Renfrew	5587	-439	22
Cururupu	-183	-4487	22
Mersing	243	10384	22
Araçuaí	-1685	-4207	22
Fécamp	4976	37	22
Hamtramck	4239	-8305	22
Pind Dadan Khan	3259	7304	22
Hlybokaye	5514	2769	22
Hoxtolgay	4652	8600	22
Zhouzhuang	3112	12084	22
Carrizal	2791	-1541	22
Portadown	5442	-644	22
Volendam	5249	507	22
Chishmy	5458	5538	22
Duba	2735	3569	22
Maliana	-899	12522	22
Starobil’s’k	4928	3891	22
Great Kills	4055	-7415	22
Wekiwa Springs	2870	-8143	22
Berkhamsted	5176	-57	22
La Oliva	2861	-1393	22
Guiset East	1607	12068	22
Leesburg	2881	-8188	22
Mogliano Veneto	4556	1224	22
Loma de Gato	1479	12100	22
Duarte	3414	-11798	22
Noicattaro	4103	1699	22
Ad Dānā	3621	3677	22
Converse	2952	-9832	22
Nova Russas	-471	-4056	22
Beshariq	4044	7061	22
Łaziska Górne	5015	1884	22
Meinerzhagen	5111	765	22
Arivonimamo	-1902	4718	22
Santiago de Cao	-796	-7924	22
Torre del Mar	3674	-409	22
Iwase	3635	14010	22
Frauenfeld	4756	890	22
Tecpán Guatemala	1476	-9099	22
Sant Feliu de Guíxols	4178	303	22
Cormeilles-en-Parisis	4897	220	22
Halden	5912	1139	22
Villa Park	4189	-8799	22
Zedelgem	5114	314	22
Elsdorf	5094	657	22
Pakxan	1839	10366	22
Mrągowo	5386	2131	22
Menderes	3825	2713	22
Monreale	3808	1329	22
Nang Rong	1464	10279	22
Fatehābād	2703	7830	22
Decatur	3377	-8430	22
Andrychów	4985	1934	22
Park Forest	4149	-8767	22
Fidenza	4487	1006	22
Roshal’	5567	3987	22
Heredia	1000	-8412	22
Soltau	5299	984	22
Christiansburg	3713	-8041	22
Sysert’	5650	6082	22
San Juan de Alicante	3840	-44	22
Stanley	5487	-170	22
Gyál	4738	1922	22
Calatayud	4135	-164	22
Jurupa Valley	3399	-11752	22
Hellevoetsluis	5183	413	22
Ashland	3769	-12211	22
Phanat Nikhom	1345	10118	22
West and East Lealman	2782	-8269	22
Farragut	3588	-8415	22
Toyohama	3471	13693	22
La Porte	4161	-8671	22
Marsberg	5146	885	22
Sankt Pölten	4820	1563	22
Reyes Acozac	1978	-9898	22
Seesen	5189	1018	22
Labis	238	10302	22
Kūmher	2732	7737	22
Westerstede	5326	793	22
Malanday	1471	12113	22
Moncada	3955	-40	22
Ban Na San	880	9936	22
Busselton	-3365	11535	22
Pomerode	-2674	-4918	22
Cogan	1059	12402	22
Kaiama	961	394	22
Árta	3916	2099	22
Taphan Hin	1622	10042	22
Hohen Neuendorf	5268	1328	22
Sainte-Foy-lès-Lyon	4573	480	22
Playas del Rosario	1785	-9293	22
Rembertów	5226	2116	22
Khanu Woralaksaburi	1606	9986	22
Nattam	1023	7823	22
‘Afak	3206	4525	22
Rydułtowy	5006	1842	22
Toguchin	5524	8439	22
Yŏnggwang-ŭp	4002	12745	22
Gelnhausen	5020	919	22
Castel Volturno	4103	1394	22
A Estrada	4269	-849	22
Laungowāl	3019	7568	22
Mondovì	4440	782	22
Lavradio	3867	-905	22
Prairie Village	3899	-9463	22
Smithfield	4192	-7155	22
Nerópolis	-1641	-4922	22
Wāliṅ	2798	8376	22
Coín	3666	-476	22
Namie	3748	14100	22
Clarksville	3830	-8576	22
Huetamo de Núñez	1863	-10090	22
Wadsworth	4103	-8173	22
Tubize	5069	420	22
Esparreguera	4154	187	22
Chandrakona	2273	8752	22
Sant Antoni de Portmany	3898	130	22
Camas	4559	-12240	22
Kafr Zaytā	3537	3660	22
Elburg	5245	584	22
Várzea Alegre	-535	-4038	22
Edegem	5116	445	22
Swanley	5140	17	22
Teutônia	-2945	-5181	22
Farakka	2482	8790	22
Tijāra	2793	7686	22
Luchegorsk	4648	13420	22
Silao	2508	8543	22
Mundargi	1521	7588	22
Sakaraha	-2290	4453	22
Cláudio	-2044	-4477	22
Quellón	-4312	-7362	22
Guaiúba	-404	-3864	22
Kafr Lāhā	3489	3650	22
Tōbetsu	4322	14152	22
Fort Walton Beach	3042	-8662	22
Linëvo	5446	8338	22
Aïn Taya	3679	329	22
Alfter	5073	702	22
Orbassano	4501	754	22
Nerja	3675	-387	22
San Justo	-3079	-6059	22
Kizel	5905	5765	22
Geneva	4189	-8831	22
Brent	3047	-8724	22
Sondershausen	5137	1087	22
Las Matas de Farfán	1887	-7152	22
Telavi	4192	4547	22
Pampierstad	-2778	2469	22
Verdun	4916	538	22
Kuchera	2699	7397	22
South Euclid	4152	-8152	22
Jaguaruana	-483	-3778	22
Abu Jibeha	1146	3123	22
Santa María Atzompa	1710	-9678	22
Kanganpur	3076	7412	22
Pāonta Sāhib	3044	7762	22
Aghajari	3070	4983	22
Almonte	3726	-652	22
Newton-le-Willows	5345	-260	22
Ubiaja	666	638	22
Torrelodones	4058	-393	22
Nsanje	-1692	3526	22
Çaycuma	4143	3208	22
Zemoura	3572	76	22
Huamachuco	-780	-7807	22
Lake Sebu	622	12471	22
Lonār	1999	7652	22
Tenango de Arista	1910	-9959	22
Brushy Creek	3051	-9774	22
La Prairie	4542	-7350	22
Dattāpur	2078	7814	22
Laguna de Duero	4158	-472	22
Bakal	5494	5881	22
Silute	5535	2148	22
Groß-Umstadt	4987	893	22
Świebodzin	5225	1553	22
Środa Wielkopolska	5223	1728	22
Rottingdean	5081	-6	22
Pombal	-677	-3780	22
Windsor	4048	-10490	22
Napāsar	2796	7356	22
Pātūr	2046	7694	22
Faruka	3189	7241	22
Westchase	2806	-8261	22
Sugar Hill	3411	-8403	22
Kebonarun	-770	11056	22
Ōyama	3460	13822	22
Shibetsu	4366	14513	22
Kamienna Góra	5078	1603	22
Cazin	4497	1594	22
Vélizy-Villacoublay	4878	219	22
Senica	4868	1737	22
Musan-ŭp	4223	12921	22
Chiconcuac	1956	-9890	22
Vose’	3780	6964	22
Farkhor	3749	6940	22
Carcaixent	3912	-45	22
Nāgod	2457	8059	22
Amersham	5167	-62	22
Chillicothe	3933	-8298	22
Saint-Lô	4912	-109	22
Ban Nong Wua So	1727	10322	22
Stadtallendorf	5082	901	22
Monor	4735	1945	22
Nefta	3387	788	22
Łęczna	5130	2288	22
Colonia del Sacramento	-3446	-5784	22
Hamina	6057	2720	22
Pirapozinho	-2228	-5150	22
Tuxpan	2194	-10530	22
Dum Duma	2757	9556	22
South Lake Tahoe	3893	-11998	22
Kayunga	70	3289	22
Sombrerete	2363	-10364	22
Feraoun	3656	485	22
Anthem	3387	-11215	22
Tepecik	4103	2855	22
West Carson	3382	-11829	22
Caacupé	-2539	-5714	22
Lydenburg	-2510	3044	22
Poggibonsi	4347	1115	22
Mogán	2788	-1573	22
Căuşeni	4664	2941	22
Otukpa	710	766	22
Chake Chake	-525	3977	22
Khadyzhensk	4443	3954	22
Massapequa	4068	-7347	22
Kaarina	6041	2237	22
Villa Allende	-3129	-6430	22
Nilakottai	1016	7785	22
Gavarr	4035	4512	22
Bougado	4134	-855	22
Canton	4216	-7114	22
Karak City	3116	3576	22
Gembloux	5056	470	22
Birkirkara	3590	1446	22
Dassa-Zoumé	775	218	22
Morro do Chapéu	-1155	-4116	22
Roselle	4065	-7426	22
Lincoln	4192	-7144	22
Lumberton	3462	-7901	22
Carbonia	3916	852	22
Peravurani	1029	7920	22
Heniches’k	4618	3480	22
San Pablo	1000	-8410	22
Porac	1507	12054	22
Petatlán	1754	-10127	22
Tsukumiura	3308	13187	22
Porto Torres	4083	841	22
Legnago	4519	1130	22
El Salto	2052	-10318	22
Yasothon	1579	10415	22
Álvares Machado	-2208	-5147	22
Karben	5023	877	22
Hadley Wood	5167	-17	22
Oguta	571	681	22
Miyazu	3553	13518	22
Bad Pyrmont	5199	925	22
Haliyal	1533	7476	22
Taylors	3492	-8230	22
Rixensart	5071	453	22
Luckenwalde	5209	1317	22
Ossett	5368	-158	22
Kefar Yona	3232	3494	22
Dalsingh Sarai	2567	8584	22
Guben	5195	1471	22
Donaueschingen	4796	850	22
Karanpur	2984	7346	22
Yucca Valley	3411	-11643	22
Barras	-424	-4229	22
Conceição do Jacuípe	-1232	-3877	22
Chapala	2030	-10319	22
Trat	1224	10252	22
Kilkenny	5265	-725	22
Tsawwassen	4902	-12308	22
Palma del Río	3770	-528	22
Xanten	5166	645	22
Westford	4258	-7144	22
Zacatepec	1865	-9919	22
Chemini	3660	462	22
Navalcarnero	4029	-401	22
Lebach	4941	691	22
Lunéville	4859	649	22
Samthar	2584	7891	22
Meiningen	5057	1042	22
Banat	2946	7735	22
Lautaro	-3853	-7244	22
Büdingen	5029	911	22
Guayama	1798	-6611	22
Loja	3717	-415	22
Damboa	1116	1276	22
Māndalgarh	2519	7507	22
Muttupet	1040	7949	22
Edgewater	2899	-8090	22
Gandu	-1374	-3949	22
Polkowice	5150	1607	22
Saktī	2203	8296	22
Deuil-la-Barre	4898	233	22
Sha Tin	2238	11418	22
Chebba	3524	1112	22
Cuenca	1390	12105	22
Yashiro	3492	13497	22
Mhango	-328	3285	22
Allison Park	4056	-7996	22
Belūr	1317	7587	22
Nāḩiyat al Fuhūd	3097	4672	22
Kodamachō-kodamaminami	3618	13913	22
Menzel Jemil	3724	991	22
Medina del Campo	4131	-491	22
La Celle-Saint-Cloud	4885	215	22
Suai	-931	12526	22
Buston	4023	6969	22
Keszthely	4677	1724	22
Bay Point	3803	-12196	22
Gingee	1225	7942	22
Portsmouth	4308	-7076	22
Nové Mesto nad Váhom	4876	1783	22
Dillingen	4936	673	22
Annecy-le-Vieux	4592	614	22
Sedalia	3870	-9323	22
Naples	2614	-8180	22
Sceaux	4878	229	22
Moju	-188	-4877	22
Überlingen	4777	917	22
Rāpar	2357	7065	22
Ngozi	-291	2983	22
Wilnsdorf	5082	810	22
Chamba	3256	7613	22
Bozova	3736	3853	22
Tanki Leendert	1254	-7002	22
Punākha	2759	8988	22
Maheshwar	2218	7559	22
Huskvarna	5779	1430	22
Havza	4097	3566	22
Tatsuno	3598	13800	21
Patterson	3747	-12113	21
Greenfield	3979	-8577	21
Taquarituba	-2353	-4924	21
Livadeiá	3844	2288	21
Waynesboro	3807	-7889	21
Kowŏn-ŭp	3944	12724	21
Oostkamp	5115	323	21
Artémida	3797	2400	21
Jebba	912	482	21
Poconé	-1626	-5662	21
Kasrāwad	2213	7561	21
Ad Darbāsīyah	3707	4065	21
Hoogezand	5316	676	21
Karuri	-70	3718	21
Santa Rosa de Viterbo	-2147	-4736	21
Lannion	4873	-346	21
Waren	5352	1268	21
Shimanovsk	5201	12768	21
Kotli Loharan	3259	7449	21
Maldon	5173	67	21
Albertville	3427	-8621	21
Bānsdīh	2588	8422	21
Masatepe	1191	-8614	21
Sokal’	5047	2428	21
Ramotswa	-2487	2587	21
Shahpur Chakar	2615	6865	21
Aguilares	1396	-8919	21
Pukekohe East	-3720	17495	21
Stoneham	4248	-7110	21
José de Freitas	-476	-4258	21
Trinidad	-3352	-5690	21
Igarapé	-2007	-4430	21
Krasnohrad	4938	3544	21
Perrysburg	4156	-8363	21
Guaramirim	-2647	-4900	21
Erie	4005	-10505	21
Vargem Grande	-354	-4392	21
Guruvāyūr	1059	7604	21
Denain	5033	339	21
Marang	521	10321	21
Atoyac de Álvarez	1721	-10043	21
Allauch	4334	548	21
Mhāsvād	1763	7479	21
Jaitāran	2620	7394	21
Weilheim	4784	1115	21
maalot Tarshīhā	3302	3527	21
Kovylkino	5404	4391	21
Klamath Falls	4222	-12178	21
Clinton	4114	-11205	21
Concarneau	4788	-392	21
Otradnoye	5978	3082	21
Zabrat	4048	4994	21
Eysines	4488	-65	21
Ladyzhyn	4868	2924	21
Ratanpur	2229	8217	21
Bansalan	679	12521	21
Green Valley	3185	-11099	21
Kurandvād	1668	7459	21
Kitzingen	4974	1015	21
Aţ Ţaraf	2536	4973	21
Paxtakor Shahri	4031	6796	21
Alandi	1868	7390	21
Evans	4038	-10469	21
Mandan	4683	-10089	21
Cambará	-2305	-5007	21
Armilla	3714	-363	21
Rawicz	5161	1686	21
Polohy	4748	3625	21
Lower Sackville	4478	-6368	21
Demirci	3905	2866	21
Rehoboth	-2332	1709	21
Winchester	4245	-7114	21
Fortín de las Flores	1891	-9700	21
Okemos	4272	-8443	21
Riedstadt	4983	850	21
Croix	5068	315	21
Auerbach	5051	1240	21
Forbach	4919	689	21
Schortens	5353	795	21
Bad Soden am Taunus	5014	850	21
Arnold	3843	-9038	21
Wittmund	5358	778	21
Cabra	3747	-444	21
Péfki	3806	2379	21
Conchal	-2233	-4717	21
Manosque	4383	579	21
Athlone	5342	-794	21
East Moline	4150	-9044	21
Brummen	5209	616	21
Pezinok	4829	1727	21
Kiwira	-917	3354	21
Mandāwar	2949	7813	21
Yanykurgan	4391	6725	21
West Pensacola	3043	-8728	21
Döbeln	5112	1311	21
Kinston	3526	-7758	21
Lichtenfels	5015	1106	21
Pallikondai	1291	7894	21
Akaltara	2202	8243	21
Brezno	4880	1964	21
Bad Kissingen	5020	1008	21
Valongo	4119	-850	21
Bedi	2250	7004	21
Çine	3761	2806	21
Seondha	2615	7878	21
Isla Cristina	3720	-732	21
Kharkhauda	2888	7691	21
Shelbyville	3548	-8646	21
Çeşme	3833	2631	21
Portel	-194	-5082	21
Cártama	3671	-463	21
Nakhon Nayok	1420	10121	21
Port Loko	877	-1279	21
Amvrosiyivka	4779	3848	21
Itupiranga	-513	-4933	21
Assab	1301	4274	21
Buxton	5326	-191	21
Várpalota	4720	1814	21
Deoli	2576	7538	21
Marquette	4654	-8740	21
Antsohihy	-1488	4799	21
Pāli	2336	8104	21
Krujë	4151	1979	21
Ōmamachō-ōmama	3643	13928	21
Sonthofen	4752	1028	21
Fairfield Heights	3983	-8638	21
Bensekrane	3507	-122	21
Biddeford	4349	-7045	21
Kutná Hora	4995	1527	21
Requena	3949	-110	21
Lugo	4442	1191	21
Dhekiajuli	2670	9248	21
Gryfino	5325	1449	21
Golden Valley	4501	-9335	21
Laranjal Paulista	-2305	-4784	21
Illescas	4012	-385	21
Náchod	5042	1616	21
Canyon Lake	2988	-9826	21
Saint-Mandé	4884	242	21
Chhāta	2772	7751	21
Lalín	4266	-811	21
Oxford	3361	-8583	21
Arzignano	4552	1133	21
Cambuí	-2261	-4606	21
Nesher	3277	3504	21
Traunreut	4796	1259	21
Amposta	4071	58	21
Lenger	4218	6989	21
Tornio	6585	2415	21
Jose Pañganiban	1429	12269	21
Kiambu	-117	3684	21
South Milwaukee	4291	-8786	21
Horley	5117	-16	21
Marina	3668	-12180	21
Cowes	5076	-130	21
Mukilteo	4794	-12230	21
Otjiwarongo	-2046	1665	21
Nacimiento	-3750	-7267	21
Asifābād	1936	7928	21
Cassano Magnago	4567	883	21
Rancho San Diego	3275	-11694	21
Dharampur	2054	7317	21
Caála	-1285	1556	21
Sampués	918	-7538	21
Békés	4677	2113	21
Sheksna	5921	3851	21
Paracuru	-341	-3903	21
Charleston	3950	-8818	21
Abdulino	5370	5367	21
Yarovoye	5293	7858	21
Eschwege	5118	1005	21
Bidbid	2341	5813	21
Bedford	4295	-7152	21
Kuang	326	10155	21
Terek	4348	4414	21
Eppingen	4914	891	21
Västervik	5776	1664	21
Romita	2087	-10152	21
Vassouras	-2240	-4366	21
Jimaguayú	2124	-7783	21
Caparica	3866	-920	21
Hacılar	3865	3545	21
Follonica	4293	1076	21
Troyan	4289	2472	21
Cauto Cristo	2056	-7647	21
Boldumsaz	4213	5967	21
Montmorency	4899	234	21
Tanushimarumachi-toyoki	3335	13068	21
Carrboro	3591	-7908	21
Talhar	2488	6881	21
Požega	4534	1769	21
Crest Hill	4155	-8810	21
Carmen de Viboral	608	-7534	21
Saint Andrews	3405	-8113	21
Oegstgeest	5218	447	21
San José de Ocoa	1855	-7051	21
San Nicola la Strada	4105	1433	21
Oued el Alleug	3656	279	21
Telhāra	2103	7684	21
Khvānsār	3322	5031	21
Thiene	4571	1148	21
Garko	1018	1116	21
Gardanne	4345	547	21
Deogarh	2154	8473	21
Āsika	1961	8466	21
Herborn	5068	830	21
Mokwa	929	505	21
Paiján	-773	-7930	21
Działdowo	5324	2017	21
Les Lilas	4888	242	21
Dronfield	5330	-148	21
Sexmoan	1494	12062	21
Chatrapur	1936	8498	21
Zelenchukskaya	4386	4159	21
Luena	-1178	1992	21
Hoeyang	3871	12760	21
Ashland	3848	-8264	21
Puente de Ixtla	1861	-9932	21
Ripley	5303	-140	21
Zemst	5098	446	21
Basi	2683	7605	21
Francavilla al Mare	4242	1428	21
Téra	1401	75	21
Isaka	-390	3293	21
Ruy Barbosa	-1228	-4049	21
Hays	3888	-9933	21
Bereket	3924	5552	21
Molave	808	12349	21
Sulmona	4205	1393	21
Fleury-les-Aubrais	4793	192	21
Dhulagari	2258	8817	21
San Pedro Totoltepec	1931	-9957	21
Ḩalḩūl	3158	3510	21
Cassino	4149	1383	21
Xoxocotla	1868	-9925	21
Oeiras	-703	-4213	21
Halle	5206	836	21
Bathgate	5590	-364	21
Dammarie-les-Lys	4852	265	21
Las Torres de Cotillas	3803	-124	21
Suvorov	5412	3650	21
Ferguson	3874	-9031	21
Salzwedel	5285	1115	21
Phayao	1919	9988	21
Jauja	-1178	-7550	21
Jirkov	5050	1345	21
Omagh	5460	-730	21
Bayaguana	1875	-6964	21
Sotouboua	856	98	21
Conway	3384	-7905	21
Laurelton	4067	-7375	21
Püttlingen	4929	689	21
Três Coroas	-2952	-5078	21
Portão	-2970	-5124	21
March	5255	9	21
Lino Lakes	4516	-9309	21
Okha	2247	6907	21
West Lake Stevens	4799	-12210	21
Esperantina	-390	-4223	21
Paka	464	10344	21
Aichach	4846	1113	21
Fenoarivo Atsinanana	-1738	4941	21
Novyy Oskol	5076	3786	21
New Hope	4504	-9339	21
Shin’ichi	3456	13327	21
Stowmarket	5219	100	21
Koksijde	5112	264	21
Hendrik-Ido-Ambacht	5184	464	21
Kiraoli	2714	7779	21
Kantābānji	2047	8292	21
Palm River-Clair Mel	2792	-8238	21
Trussville	3362	-8661	21
Gazojak	4119	6140	21
Ardahan	4111	4270	21
Belas	3878	-926	21
San José de Jáchal	-3024	-6875	21
Qādiān	3182	7538	21
Az Zuwaytīnah	3095	2012	21
Pokaran	2692	7192	21
l'Alfàs del Pi	3858	-10	21
Vaterstetten	4811	1177	21
Mudgal	1601	7644	21
Woodrow	4054	-7420	21
Clevedon	5144	-286	21
Maesteg	5161	-366	21
Ribeirão da Ilha	-2770	-4853	21
Freguesia do Ribeirao da Ilha	-2772	-4856	21
Taïbet	3309	639	21
Guiseley	5388	-171	21
Abrama	2086	7291	21
Mahdishahr	3571	5335	21
Vakarai	813	8143	21
Soanindrariny	-1990	4723	21
Sitampiky	-1667	4610	21
Ampasimanolotra	-1882	4907	21
Laventille	1065	-6150	21
Kremenets	5010	2572	21
Bagulā	2334	8864	21
Holzminden	5183	945	21
Corinth	3315	-9706	21
Sabunçu	4044	4995	21
Versmold	5204	815	21
Burunday	4336	7685	21
Mountlake Terrace	4779	-12231	21
Laranjeira	3866	-915	21
Chester	3736	-7744	21
Aytos	4270	2725	21
Villa Juárez	2466	-10754	21
Conil de la Frontera	3628	-609	21
Nixa	3704	-9329	21
Gunnaur	2824	7844	21
East Ridge	3501	-8525	21
Bordon	5111	-86	21
Çermik	3814	3945	21
Dois Córregos	-2237	-4838	21
Germersheim	4922	836	21
Tchaourou	889	260	21
Dugulubgey	4366	4354	21
Chaudfontaine	5058	563	21
Gaya	1186	900	21
Caterham	5128	-8	21
Tadmaït	3674	390	21
Varennes	4568	-7343	21
Shama Junction	502	-166	21
Guidonia	4199	1272	21
Geertruidenberg	5170	486	21
Basotu	-437	3508	21
Goa	1370	12349	21
Kataragama	641	8133	21
Roissy-en-Brie	4879	265	21
Tambuwal	1241	465	21
El Grullo	1981	-10422	21
Sarauli	2849	7909	21
Acajete	1911	-9795	21
Kīsh	2656	5402	21
Maragogipe	-1278	-3892	21
Flandes	429	-7482	21
Pad Idan	2677	6830	21
Plainview	3418	-10171	21
Lalgudi	1087	7882	21
Baena	3762	-432	21
Grayslake	4234	-8804	21
Agoura Hills	3414	-11877	21
Berëzovka	5603	9311	21
Goodlands	-2004	5765	21
Botevgrad	4290	2378	21
Dailekh	2884	8171	21
Kurchaloy	4320	4609	21
Pedra Azul	-1601	-4130	21
Prenzlau	5332	1386	21
Kot Ghulam Muhammad	3233	7455	21
Acton	4249	-7143	21
Frederico Westphalen	-2736	-5339	21
Linda-a-Velha	3871	-924	21
Barra	-1109	-4314	21
Rutana	-393	2999	21
Dietikon	4740	840	21
Sanford	4344	-7077	21
Bruchköbel	5018	892	21
Silver Firs	4787	-12216	21
Alaplı	4118	3139	21
Sumpango	1465	-9073	21
Saint-Genis-Laval	4570	479	21
Hauppauge	4083	-7320	21
Kīhei	2076	-15645	21
Okahandja	-2198	1692	21
South El Monte	3405	-11805	21
Gamboma	-188	1586	21
Arvin	3521	-11883	21
San Rafael	1921	-9876	21
Khot'kovo	5626	3800	21
Saint-Louis	4759	756	21
Johnston	4167	-9370	21
Cognac	4570	-33	21
Gardner	3881	-9493	21
Vila-seca	4111	115	21
Lathrop	3782	-12128	21
Minas	2149	-7761	21
Altena	5129	767	21
Ashland	4219	-12271	21
Impfondo	162	1806	21
Sidney	4028	-8416	21
Birmingham	4255	-8321	21
Sömmerda	5116	1112	21
Alfafar	3942	-38	21
Unterhaching	4807	1162	21
Kisai	3610	13958	21
Heinola	6121	2604	21
Nabīnagar	2461	8413	21
Žďár nad Sázavou	4956	1594	21
Priyutovo	5390	5393	21
Tor Lupara	4200	1262	21
Gainsborough	5338	-77	21
Husum	5449	905	21
Tharangambadi	1103	7985	21
Maralal	110	3670	21
Sweetwater	2576	-8037	21
Calauag	1396	12229	21
Begūn	2498	7500	21
Dūrā	3151	3503	21
Milwaukie	4545	-12264	21
Dhing	2647	9247	21
Haderslev	5525	949	21
Saint-Michel-sur-Orge	4863	231	21
Hukeri	1623	7460	21
Bhānvad	2193	6978	21
Pájara	2835	-1411	21
Obanazawa	3860	14040	21
Novomichurinsk	5404	3975	21
Kriva Palanka	4220	2233	21
East Millcreek	4070	-11181	21
Skive	5657	903	21
Maracena	3721	-363	21
Montecchio Maggiore-Alte Ceccato	4550	1141	21
Grand Island	4303	-7896	21
Goole	5370	-88	21
Nandaime	1176	-8605	21
Patía	207	-7705	21
Morigaon	2625	9235	21
Yanagawamachi-saiwaichō	3785	14060	21
Clement Town	3026	7801	21
Union City	3359	-8454	21
Shiraoi	4255	14135	21
Woodlawn	3872	-7713	21
Edosaki	3595	14032	21
Šuto Orizare	4204	2143	21
Sarzedo	-2004	-4414	21
Andapa	-1465	4965	21
Dargeçit	3755	4172	21
Nijlen	5116	467	21
Clarence-Rockland	4555	-7529	21
Piqua	4014	-8424	21
Engelskirchen	5099	741	21
Tirah	3223	3495	21
Las Margaritas	1631	-9198	21
Ghātanji	2014	7831	21
Lomita	3379	-11832	21
Jbaïl	3412	3565	21
Sulzbach-Rosenberg	4950	1175	21
Haßloch	4936	826	21
San Juan de Aznalfarache	3736	-604	21
Mudkhed	1916	7750	21
Cockeysville	3948	-7664	21
Carei	4768	2247	21
Virú	-842	-7875	21
Gustavsberg	5933	1839	21
Sivagiri	934	7743	21
Hiddenhausen	5217	862	21
Longjumeau	4870	231	21
Gostyń	5188	1701	21
Lātehār	2374	8450	21
Los Llanos de Aridane	2866	-1792	21
Easley	3483	-8260	21
Kaikalūr	1655	8121	21
Orăştie	4583	2320	21
Sortavala	6171	3071	21
Gōdo	3542	13660	21
Leerdam	5189	509	21
Bad Berleburg	5105	839	21
Capulhuac de Mirafuentes	1919	-9947	21
Thamaga	-2467	2554	21
Końskie	5119	2041	21
New Springville	4059	-7416	21
Kherālu	2389	7262	21
Pleasantville	3939	-7452	21
Ulundi	-2834	3142	21
Alībāg	1865	7288	21
Dombóvár	4638	1814	21
Liberal	3704	-10092	21
Barra de São Francisco	-1875	-4089	21
Bressuire	4684	-49	21
Palisades Park	4085	-7400	21
Rouiba	3674	328	21
Bétera	3959	-46	21
Shoham	3200	3495	21
Jenks	3602	-9597	21
Comalapa	1474	-9089	21
Alīpur	2880	7713	21
Colleferro	4173	1300	21
Simpsonville	3474	-8225	21
Latham	4275	-7376	21
Sant'Anastasia	4087	1440	21
Darien	4108	-7347	21
Rumphi	-1102	3386	21
Pleasant Prairie	4255	-8793	21
Mirriah	1371	915	21
Elektrogorsk	5588	3879	21
Harwich	5194	128	21
Huaura	-1107	-7760	21
Irosin	1270	12403	21
Lambaréné	-70	1024	21
Ennigerloh	5184	803	21
Naas	5322	-667	21
Port Alberni	4924	-12480	21
Nioro du Rip	1375	-1580	21
Calle Blancos	995	-8407	21
Ancón	896	-7955	21
Bückeburg	5226	905	21
Kurakhovo	4799	3728	21
Vauréal	4903	203	21
Masterton	-4096	17566	21
Dasūya	3182	7565	21
Dolyna	4897	2401	21
Allende	2834	-10085	21
Palo del Colle	4106	1670	21
Trofa	4134	-856	21
Buftea	4456	2595	21
Mountain Brook	3350	-8675	21
Chambersburg	3994	-7766	21
Adrian	4190	-8404	21
Villeta	501	-7447	21
Digboi	2739	9562	21
Qaisumah	2831	4613	21
Aristóbulo del Valle	-2710	-5490	21
Tŭytepa	4103	6936	21
Namioka	4071	14059	21
Makueni Boma	-180	3762	21
Xonacatlán	1941	-9953	21
Robīt	1202	3963	21
West Melbourne	2807	-8065	21
Lons-le-Saunier	4668	556	21
Surovikino	4861	4285	21
Esquipulas	1457	-8935	21
Glostrup	5567	1240	21
Jenzan	3624	12830	21
Gevgelija	4114	2250	21
Linstead	1814	-7703	21
Paty do Alferes	-2243	-4342	21
Takelsa	3678	1063	21
Edewecht	5313	798	21
Kīl Bhuvanagiri	1144	7965	21
Qārah	3416	3674	21
Ploemeur	4773	-343	21
Rotterdam	4279	-7397	21
East Dereham	5268	93	21
Truro	4537	-6327	21
Bellshill	5582	-402	21
Lagny-sur-Marne	4887	272	21
Chesham	5170	-60	21
Lakeside	3286	-11692	21
Manlleu	4200	228	21
Bhanjanagar	1993	8458	21
Bethany	4556	-12287	21
Zoersel	5127	471	21
Nova Xavantina	-1466	-5236	21
Paks	4662	1886	21
Ozurgeti	4192	4201	21
Lake Worth Corridor	2662	-8010	21
Gerrards Cross	5159	-56	21
Miandrivazo	-1953	4546	21
Winter Gardens	3283	-11693	21
Drăgăşani	4465	2427	21
Carepa	776	-7665	21
Balş	4435	2410	21
Lockport	4317	-7869	21
Tervuren	5082	451	21
Lebanon	3944	-8420	21
Wade Hampton	3490	-8233	21
Sedan	4970	494	21
Senago	4558	913	21
Elele	510	681	21
Hockenheim	4932	855	21
Kuzhithurai	832	7719	21
Murphy	3302	-9661	21
Ozorków	5196	1929	21
Coralville	4168	-9158	21
Crowborough	5106	16	21
São João da Barra	-2164	-4105	21
Itupeva	-2315	-4706	21
Dhāriwāl	3196	7532	21
Stadtlohn	5199	692	21
Geseke	5164	851	21
Ensley	3052	-8727	21
Heide	5420	910	21
Frameries	5041	390	21
Moreni	4498	2564	21
Stamford	5265	-48	21
Casal di Principe	4101	1413	21
Kawambwa	-979	2908	21
Bobrov	5110	4002	21
Stourport-on-Severn	5234	-228	21
Eislingen	4870	971	21
Ćuprija	4393	2137	21
Genzano di Roma	4171	1269	21
Bad Rappenau	4924	910	21
Gorseinon	5167	-404	21
Sapulpa	3600	-9611	21
Polasara	1969	8481	21
Chełmno	5335	1843	21
Jatobá	-918	-3827	21
T’ongch’ŏn-ŭp	3895	12789	21
New Corella	759	12582	21
Mbala	-884	3137	21
Vogan	633	153	21
Bergneustadt	5102	766	21
São Luís do Quitunde	-932	-3556	21
Artashat	3996	4454	21
Boudjima	3680	415	21
Chorfa	3637	433	21
Mödling	4809	1629	21
Failsworth	5350	-217	21
American Canyon	3817	-12226	21
Kishtwār	3331	7577	21
South San Jose Hills	3401	-11790	21
Borne	5230	675	21
Belton	3106	-9746	21
Baar	4720	853	21
Nailsea	5143	-276	21
Takanosu	4022	14037	21
Kanniyākumāri	809	7754	21
Yigo Village	1354	14489	21
Agoura	3414	-11874	21
Guía de Isora	2821	-1678	21
Acquaviva delle Fonti	4090	1684	21
Mazinde	-480	3822	21
Achhnera	2718	7776	21
Kuchinarai	1654	10405	21
Sainte-Suzanne	-2091	5561	21
Wakiso	40	3246	21
Orly	4875	239	21
Shōbara	3485	13302	21
Modimolle	-2470	2840	21
Nytva	5794	5534	21
Baião	4116	-803	21
Flores da Cunha	-2903	-5118	21
Chillupār	2628	8351	21
Sena Madureira	-906	-6867	21
Bayville	3991	-7415	21
Rojales	3809	-73	21
Mairena del Alcor	3737	-575	21
Heiloo	5260	469	21
Komatipoort	-2543	3195	21
Isleworth	5148	-34	21
Jaynagar	2659	8614	20
Westmount	4548	-7360	20
Pachino	3672	1509	20
Ush-Tyube	4525	7798	20
Kirkland	4545	-7387	20
Giulianova	4275	1397	20
Elst	5192	584	20
Cervia	4426	1235	20
Villa de San Diego de Ubaté	531	-7382	20
Bang Pa-in	1423	10058	20
Chernogolovka	5600	3837	20
Arbutus	3925	-7670	20
San Buenaventura	2706	-10155	20
Hammond	3050	-9046	20
Bhuban	2088	8583	20
Bagan Serai	501	10054	20
Laranjeiro	3707	-781	20
Târgu Neamţ	4720	2637	20
Gotse Delchev	4157	2373	20
Samfya	-1136	2956	20
Reçani	3128	-427	20
Ribarroja del Turia	3955	-57	20
Don Carlos	768	12500	20
Karaçoban	3934	4210	20
Korkuteli	3706	3020	20
Almeirim	-152	-5258	20
Flores	1692	-8990	20
Gubkinskiy	6443	7650	20
Maniar	2599	8417	20
Piatykhatky	4841	3371	20
Kirguli	4044	7177	20
Sobinka	5599	4001	20
Jaral del Progreso	2037	-10106	20
El Rama	1216	-8422	20
Colorado	-2284	-5197	20
Kalach	5043	4103	20
Māchhīwāra	3092	7620	20
Chincholi	1747	7742	20
Risca	5161	-310	20
Anthiyur	1158	7759	20
Libertyville	4228	-8795	20
Sarzana	4411	996	20
La Pobla de Vallbona	3960	-55	20
Andorra la Vella	4251	152	20
Borgomanero	4570	846	20
Nottuln	5193	735	20
Chicacao	1454	-9133	20
São Pedro	-2242	-4297	20
Nīmāj	2615	7400	20
Aígio	3825	2208	20
Miyata	3371	13065	20
Terrazas del Valle	3249	-11683	20
Tufānganj	2632	8967	20
Murici	-931	-3594	20
Secunda	-2655	2917	20
Albardón	-3144	-6853	20
Quickborn	5373	991	20
eMkhomazi	-3021	3080	20
Taloc	1057	12290	20
Pittsburg	3741	-9470	20
Portsmouth	3873	-8300	20
Qadirpur Ran	3029	7167	20
Kapsan-ŭp	4109	12829	20
Hollola	6105	2543	20
Harūr	1205	7848	20
Granite Bay	3876	-12116	20
Dugda	2375	8617	20
Louisville	3998	-10513	20
Guadix	3730	-314	20
Tisaiyanvilai	834	7787	20
Suibara	3785	13923	20
Alloa	5612	-379	20
Júlio de Castilhos	-2923	-5368	20
Darende	3855	3751	20
Humacao	1815	-6583	20
Sensuntepeque	1387	-8863	20
Blansko	4936	1664	20
Newmarket	5224	40	20
Eschborn	5014	857	20
Bagua Grande	-576	-7844	20
Sainte-Marie	1478	-6099	20
Northfield	4446	-9316	20
Goris	3951	4634	20
Rheinstetten	4897	831	20
Valkeakoski	6126	2403	20
Channagiri	1402	7593	20
Rocky River	4148	-8184	20
Morales	828	-7387	20
Oberkirch	4853	808	20
Raymore	3880	-9445	20
Schilde	5124	458	20
Barbosa	593	-7362	20
Middletown	3945	-7572	20
Blaj	4618	2392	20
Abaeté	-1916	-4545	20
Werdohl	5126	777	20
Carcavelos	3869	-932	20
Havelock	3488	-7690	20
Senden	5186	748	20
Jhālu	2934	7823	20
Lindsay	4435	-7873	20
Cofradía	1540	-8815	20
Jahāzpur	2562	7528	20
Harvey	2990	-9008	20
Asaita	1157	4144	20
Radviliskis	5582	2353	20
Manay	721	12654	20
Ayamonte	3721	-741	20
Castrovillari	3982	1620	20
Tubbergen	5241	678	20
Gardner	4258	-7200	20
Yaypan	4038	7082	20
Golden	3976	-10522	20
Bingley	5385	-184	20
Akkarampalle	1365	7942	20
Buíque	-862	-3716	20
Byndoor	1387	7463	20
Santa Anita	2055	-10344	20
Cartersville	3417	-8480	20
Ashland	4087	-8232	20
Somoto	1348	-8658	20
Oakleaf Plantation	3017	-8184	20
Boca Suno	-70	-7714	20
Pontarlier	4690	636	20
Friesoythe	5302	786	20
Viljandi	5836	2559	20
Brownhills	5263	-193	20
Affton	3855	-9033	20
Cañas	1043	-8510	20
Senta	4593	2008	20
El Tarf	3677	831	20
Chamalières	4577	307	20
Monguno	1267	1361	20
Yauco	1803	-6685	20
Haldensleben I	5229	1141	20
Bedelē	846	3635	20
Aleksandrów Łódzki	5182	1930	20
Ramona	3304	-11687	20
Kontich	5113	445	20
Cambria Heights	4069	-7374	20
Kanaya	3482	13813	20
Alcalde Díaz	912	-7956	20
Malaṅgawā	2686	8556	20
Pallappatti	1072	7788	20
Mori	3483	13793	20
Chachapoyas	-623	-7787	20
Elmwood Park	4090	-7412	20
Elko	4083	-11576	20
Esmeralda	2185	-7812	20
Oroszlány	4749	1831	20
Dniprorudne	4738	3498	20
Hollis	4071	-7377	20
Meylan	4521	578	20
Buinsk	5497	4829	20
San Jacinto	983	-7512	20
Nueva Gerona	2189	-8281	20
Karachayevsk	4377	4191	20
Añatuya	-2846	-6283	20
Tomaszów Lubelski	5045	2342	20
San Pablo Jocopilas	1459	-9145	20
Gersthofen	4842	1087	20
Wellington	1137	7678	20
Muriti	-198	3292	20
Nogales	3134	-11093	20
Baras	1452	12127	20
Parma Heights	4139	-8176	20
La Cañada Flintridge	3420	-11819	20
Serchhīp	2329	9285	20
Strzelce Opolskie	5051	1830	20
Matui	-480	3825	20
Zele	5107	404	20
Aranyaprathet	1369	10250	20
Hedaru	-450	3790	20
Protaras	3501	3406	20
Sligo	5427	-847	20
Sederot	3152	3460	20
Ōhara	3525	14039	20
Kwale	571	643	20
Mustang	3538	-9772	20
Rose Hill	3879	-7711	20
Montceau-les-Mines	4667	437	20
Penukonda	1408	7759	20
Lodwar	312	3560	20
Pastavy	5512	2683	20
Haiger	5074	821	20
East Northport	4088	-7332	20
Srīnagar	3022	7878	20
Marina di Ardea-Tor San Lorenzo	4155	1254	20
Vlotho	5217	886	20
Yateley	5134	-83	20
Solin	4354	1649	20
Padmanābhapuram	824	7733	20
Kabin Buri	1395	10172	20
San Lorenzo de Esmeraldas	129	-7884	20
Siilinjärvi	6308	2767	20
Zulpich	5069	665	20
Jaruco	2304	-8201	20
Algete	4060	-350	20
Barpāli	2119	8359	20
Giengen an der Brenz	4862	1024	20
Hythe	5086	-140	20
Geyve	4051	3029	20
Glen Avon	3401	-11748	20
Castelo	-2060	-4118	20
San Antonio de la Cal	1703	-9670	20
Roses	4226	318	20
Fīrozpur Jhirka	2779	7694	20
Monserrato	3926	914	20
Sainte-Rose	1633	-6170	20
Tegelen	5134	614	20
Newquay	5042	-507	20
Berkel en Rodenrijs	5199	448	20
Sulphur	3024	-9338	20
Shelby	3529	-8154	20
Ringsted	5544	1179	20
Túquerres	109	-7762	20
Kant	4289	7485	20
Aspe	3835	-77	20
Montville Center	4148	-7215	20
Waghäusel	4925	851	20
Mers el Kebir	3573	-71	20
Shiozawa	3704	13885	20
Camarate	3880	-913	20
Ferndale	4246	-8313	20
Kanzakimachi-kanzaki	3331	13037	20
Wittenberge	5301	1175	20
Halluin	5079	313	20
Sredneuralsk	5699	6047	20
Morwa	2290	7384	20
Nejo	950	3550	20
Deán Funes	-3042	-6435	20
Mairwa	2623	8416	20
Alor Gajah	238	10221	20
Tanda	780	-317	20
South Saint Paul	4489	-9303	20
Cañete	-3780	-7340	20
Jevargi	1701	7677	20
Sampaloc	1454	12136	20
Lynn Haven	3025	-8565	20
Waldkirch	4810	796	20
Sandown	5065	-116	20
Lake Ronkonkoma	4084	-7313	20
Río Grande	1967	-7077	20
Kaimori	2338	7974	20
Nadvirna	4863	2457	20
Neu Wulmstorf	5347	980	20
Atherton	5352	-249	20
Sesheke	-1748	2430	20
Apam	528	-74	20
Yamada	3947	14195	20
Riom	4589	311	20
Lexington	3398	-8124	20
Canguçu	-3139	-5268	20
Murrysville	4043	-7970	20
Braine-le-Comte	5061	415	20
Ambalangoda	624	8005	20
Cumberland	3965	-7876	20
Hessisch Oldendorf	5217	925	20
Astorga	-2323	-5167	20
La Orilla	1800	-10223	20
Chevilly-Larue	4876	235	20
Cherepanovo	5422	8338	20
Mau Aimma	2570	8192	20
Stephenville	3222	-9820	20
Fālākāta	2652	8920	20
Bela	2623	6631	20
Colne	5386	-217	20
Medjez el Bab	3665	961	20
Aki	3350	13390	20
Lucapa	-842	2074	20
Circasia	462	-7564	20
Katghora	2250	8254	20
Belen	3649	3619	20
Karlshamn	5617	1486	20
Chinna Salem	1163	7887	20
Hadim	3699	3246	20
Tyrnyauz	4338	4292	20
Kürten	5105	727	20
Sunagawa	4349	14191	20
Oregon	4164	-8349	20
Eastmont	4790	-12218	20
Itaparica	-1289	-3868	20
Mar’’ina Horka	5351	2815	20
Orkney	5898	-296	20
Dhaurahra	2800	8109	20
Cornaredo	4550	903	20
Nova Viçosa	-1789	-3937	20
Penha	-2677	-4865	20
Colombia	2099	-7743	20
Khairāgarh	2694	7782	20
Allada	667	215	20
Maksi	2326	7615	20
Afzalpur	1720	7636	20
Damara	496	1870	20
Mezcales	2073	-10528	20
Monroe	4192	-8340	20
Nidderau	5024	887	20
Shemonaīkha	5063	8191	20
Beloyarskiy	6371	6667	20
Stebnyk	4929	2356	20
Narāyangarh	3048	7713	20
Mungaoli	2441	7810	20
Foso	570	-129	20
Coconut Grove	2571	-8026	20
West Mifflin	4036	-7987	20
Capelinha	-1769	-4252	20
Naranjos	2135	-9769	20
Pedra Branca	-545	-3972	20
Pushchino	5483	3761	20
Pulwama	3387	7490	20
Lérida	486	-7491	20
Târgu Secuiesc	4600	2613	20
Sirumugai	1132	7701	20
Zhosaly	4549	6408	20
Emirdağ	3902	3115	20
Kasongo-Lunda	-648	1682	20
Rayevskiy	5407	5495	20
Chalfont Saint Peter	5161	-56	20
Boussu	5043	379	20
Ponta Delgada	3774	-2567	20
Carlow	5284	-693	20
Pita	1106	-1239	20
Guaporé	-2885	-5189	20
Ternate	1429	12072	20
Nsunga	-114	3139	20
Torit	441	3257	20
Corabia	4378	2450	20
Rastede	5325	820	20
Khowai	2408	9160	20
Sing Buri	1489	10040	20
Nāwa	2702	7500	20
Govardhan	2750	7746	20
Mill Creek	4786	-12220	20
Sürmene	4091	4013	20
Pace	3060	-8716	20
San Giovanni Lupatoto	4538	1104	20
Frascati	4181	1268	20
Miamisburg	3964	-8429	20
Villanueva	528	-7197	20
Wachtberg	5063	710	20
Emiliano Zapata	1774	-9177	20
El Jem	3530	1072	20
Akouda	3587	1057	20
Ampthill	5203	-50	20
Flörsheim	5001	843	20
Tibiri	1356	705	20
Palm Valley	3018	-8139	20
Rolla	3795	-9177	20
Tukwila	4747	-12226	20
Balwyn North	-3779	14509	20
Schwanewede	5323	860	20
Raalte	5239	628	20
Mössingen	4841	905	20
Katwijk aan Zee	5220	440	20
Queensdale	-3187	2698	20
Arroyo Seco	-3315	-6051	20
Rāya	2756	7779	20
Gawler	-3460	13875	20
Heusweiler	4934	693	20
Posse	-1409	-4637	20
Trezzano sul Naviglio	4542	906	20
Batang Berjuntai	338	10142	20
Campinas	-2759	-4861	20
Riehen	4758	765	20
Puerto Natales	-5173	-7251	20
Varadero	2316	-8124	20
Al Bawīţī	2835	2887	20
Natahoyo	4354	-568	20
Swinton	5350	-235	20
Portslade	5084	-22	20
Kingswinford	5250	-217	20
Chislehurst	5142	7	20
Bowthorpe	5264	122	20
Kempston Hardwick	5209	-50	20
Bedugul	-845	11559	20
Powai	1912	7290	20
Abrīsham	3256	5157	20
Sambiase	3897	1628	20
Judita	3241	3571	20
Bcharré	3425	3601	20
Castries	1400	-6101	20
Sidi Ifni	2938	-1017	20
Hakha	2264	9361	20
Pelabuhan Klang	300	10139	20
Batu Feringgi	547	10025	20
Stadskanaal	5299	695	20
Steinkjer	6401	1150	20
Surkhpur	3272	7445	20
Wesoła	5225	2122	20
Khosta	4351	3987	20
Elektrougli	5572	3821	20
Andreyevskoye	5555	3793	20
Dagomys	4367	3967	20
Vnukovo	5561	3730	20
Vrangel’	4273	13308	20
Baki	989	4339	20
Tekirova	3650	3053	20
Putyvl’	5134	3387	20
Charlotte Amalie	1834	-6493	20
Stenløse	5577	1220	20
DeBary	2888	-8131	20
Bornem	5110	424	20
Ciudad Miguel Alemán	2640	-9903	20
Al Mijlad	1103	2773	20
Lyndhurst	4081	-7412	20
Anak	3851	12549	20
Lake Zurich	4220	-8809	20
Germantown	4323	-8811	20
Fomento	2210	-7972	20
Arpino	4089	1432	20
Sueyoshichō-ninokata	3165	13102	20
Bryant	3460	-9249	20
Eustis	2885	-8169	20
Universal City	2955	-9829	20
Chaparral	372	-7548	20
Balen	5117	517	20
Hailsham	5086	26	20
Kratié	1249	10602	20
Huy	5052	523	20
Burnie	-4106	14590	20
Glace Bay	4620	-5996	20
Newburg	3816	-8566	20
Cranendonck	5130	559	20
Pionki	5148	2145	20
Johnstown	4033	-7892	20
Colfontaine	5041	386	20
Annur	1124	7711	20
Dasnapur	1965	7851	20
Karlovo	4263	2480	20
Tambaú	-2170	-4727	20
Yessentukskaya	4403	4288	20
Romorantin-Lanthenay	4737	175	20
Socastee	3368	-7900	20
Kampong Thom	1271	10489	20
Dumbarton	5594	-457	20
Vondrozo	-2282	4728	20
Mantes-la-Ville	4897	170	20
Ypsilanti	4224	-8361	20
Ibirataia	-1407	-3964	20
Charthāwal	2955	7759	20
North Bellmore	4069	-7353	20
Siswā Bāzār	2715	8376	20
Gaeta	4121	1357	20
King of Prussia	4009	-7540	20
Hayesville	4499	-12298	20
Vianen	5199	509	20
Warrensburg	3876	-9374	20
Pertuis	4369	550	20
Wenden	5097	787	20
Mokena	4153	-8789	20
Zonhoven	5099	537	20
Yeniseysk	5845	9218	20
Juma Shahri	3972	6666	20
Morsang-sur-Orge	4866	235	20
Norwood	3916	-8446	20
Livramento do Brumado	-1365	-4185	20
Poulton-le-Fylde	5383	-298	20
Loch Garman	5233	-646	20
La Paz	-3476	-5623	20
Usman’	5205	3973	20
Yeonggwang	3528	12651	20
Laboulaye	-3413	-6339	20
Dhoro Naro	2550	6957	20
Yur’yev-Pol’skiy	5650	3968	20
Mariners Harbor	4064	-7416	20
Brough	5373	-57	20
Leek	5310	-202	20
Sāvda	2115	7589	20
Shisui	3572	14027	20
Bonney Lake	4718	-12219	20
Chebli	3658	301	20
Prata	-1931	-4892	20
Dickinson	2946	-9505	20
Hörstel	5230	758	20
Vesoul	4763	614	20
Saynshand	4488	11012	20
Clifton	3909	-10845	20
Wandlitz	5274	1346	20
Ituberá	-1374	-3915	20
Náousa	4063	2207	20
Entroncamento	3947	-847	20
João Câmara	-554	-3582	20
Seddouk	3655	469	20
Phibun Mangsahan	1524	10523	20
Dübendorf	4740	862	20
Gembu	673	1126	20
Lealman	2782	-8268	20
Zinjibār	1313	4538	20
Dareda	-422	3555	20
Kebili	3370	897	20
Saint-Jean-de-Braye	4791	198	20
Kempston	5212	-50	20
Rānikhet	2964	7943	20
Penzance	5012	-554	20
Les Pennes-Mirabeau	4341	531	20
Steinhagen	5200	840	20
Băicoi	4503	2585	20
Shizukuishi	3969	14098	20
Llazicë	4256	2076	20
Aplahoué	693	168	20
Veranópolis	-2894	-5155	20
Alhama de Murcia	3785	-143	20
Dinnington	5337	-120	20
Hermosa Beach	3386	-11840	20
Kuppam	1275	7834	20
Enger	5214	856	20
Monino	5584	3819	20
Suket	2465	7604	20
Selden	4087	-7304	20
Tías	2896	-1365	20
Clemmons	3602	-8038	20
Sangod	2493	7629	20
Beolgyo	3485	12734	20
West Chester	3996	-7561	20
Evergreen Park	4172	-8770	20
Bad Waldsee	4792	975	20
Pacol	1045	12282	20
Southbury	4148	-7321	20
Bahía Honda	2290	-8316	20
Paredes	4120	-833	20
Tanguiéta	1062	127	20
Kulu	3196	7711	20
Faversham	5131	89	20
İskilip	4074	3447	20
Cunduacán	1807	-9317	20
Capesterre-Belle-Eau	1604	-6156	20
Peto	2013	-8892	20
Doka	1352	3577	20
Cinco Saltos	-3882	-6806	20
Baldwin	4034	-7998	20
Kusa	5534	5944	20
Nshamba	-180	3155	20
Krasyliv	4965	2697	20
Catolé do Rocha	-634	-3775	20
General Enrique Mosconi	-2260	-6381	20
Florencia	2215	-7897	20
Beni Mester	3487	-142	20
Marblehead	4250	-7086	20
Norton	4197	-7119	20
Onsŏng	4296	12999	20
Mpwapwa	-635	3648	20
Plattsburgh	4470	-7345	20
Sawankhalok	1732	9983	20
Kiratu	-333	3567	20
Dakoro	1451	676	20
Vera	-2946	-6021	20
North Salt Lake	4085	-11191	20
Hayrabolu	4121	2711	20
Cluses	4606	657	20
Levin	-4063	17528	20
Deoraniān	2863	7948	20
Guaçuí	-2078	-4168	20
Picassent	3936	-46	20
Rosignano Solvay-Castiglioncello	4339	1044	20
Banī Na‘īm	3152	3516	20
Jericho	3187	3545	20
Sand Springs	3614	-9611	20
Bordj Zemoura	3627	486	20
Ranot	778	10032	20
Tewkesbury	5199	-216	20
Gheorgheni	4672	2560	20
Chodzież	5300	1692	20
Painesville	4172	-8125	20
Meyrin	4623	608	20
Bourg-lès-Valence	4495	489	20
Yomra	4095	3986	20
Marchena	3733	-542	20
Finglas	5339	-630	20
Câmpulung Moldovenesc	4753	2557	20
Kattanam	918	7656	20
Eitorf	5077	745	20
Kogota	3855	14105	20
Novate Milanese	4553	914	20
Alegre	-2076	-4153	20
Karachev	5312	3499	20
Greenfield	4259	-7260	20
Andilamena	-1701	4857	20
Waterloo	834	-1307	20
Villefontaine	4561	515	20
Kaltenkirchen	5383	996	20
Pickerington	3988	-8275	20
Calvillo	2185	-10272	20
Ortaca	3684	2876	20
Bururi	-395	2962	20
Monção	4208	-848	20
Kivsharivka	4963	3769	20
New Canaan	4115	-7349	20
Günzburg	4846	1028	20
Saint-Gratien	4897	229	20
Inza	5386	4636	20
Albany	3789	-12230	20
Marakkanam	1219	7994	20
Snellville	3386	-8402	20
Galapa	1090	-7489	20
Gua Musang	488	10197	20
Les Pavillons-sous-Bois	4891	251	20
Aguadas	561	-7546	20
Pangil	1440	12147	20
Bad Schwartau	5392	1070	20
Altotonga	1977	-9725	20
Sparta	4103	-7464	20
Sūrajgarh	2831	7573	20
Rosolini	3682	1495	20
‘Anat al Qadīmah	3447	4194	20
Dashtobod	4013	6849	20
Fontainebleau	4841	270	20
Columbia Heights	4504	-9326	20
Holtsville	4082	-7305	20
Petrovsk-Zabaykal’skiy	5128	10884	20
Muramatsu	3769	13917	20
Rājmahal	2505	8783	20
Jhinjhāna	2952	7722	20
‘Alī al Gharbī	3246	4669	20
Itigi	-570	3448	20
Karnobat	4265	2698	20
Itapuranga	-1556	-4995	20
Sam Roi Yot	1227	9987	20
Miharu	3743	14048	20
Devgadh Bāriya	2271	7391	20
La Ermita	2115	-10173	20
Sédhiou	1271	-1556	20
Hem	5065	319	20
Khangarh	2991	7116	20
Canelones	-3452	-5628	20
Lochristi	5110	383	20
Sarai Naurang	3283	7078	20
Ikungi	-513	3477	20
Ajnāla	3184	7476	20
Nogent-sur-Oise	4927	247	20
Zhukovka	5353	3373	20
Vadakku Viravanallur	870	7752	20
Salmon Creek	4571	-12265	20
Tamuning-Tumon-Harmon Village	1349	14478	20
Aklera	2441	7657	20
Le François	1462	-6090	20
Pentecoste	-379	-3927	20
Sonāri	2702	9502	20
Suay	1005	12284	20
Imbituva	-2523	-5060	20
Kāpren	2541	7607	20
Comitancillo	1509	-9175	20
Obudu	667	916	20
Alagir	4304	4422	20
San Cristóbal Verapaz	1540	-9057	20
Zaprešić	4586	1581	20
Antrim	5470	-620	20
Bieruń	5009	1909	20
Bikin	4681	13425	20
La Crescenta-Montrose	3423	-11824	20
Leek	5316	638	20
Spanish Lake	3879	-9022	20
Banderilla	1959	-9694	20
Komárom	4774	1812	20
Jatibonico	2194	-7917	20
Makamba	-413	2980	20
Bo‘ka	4081	6919	20
Bagnols-sur-Cèze	4416	462	20
Willmar	4512	-9504	20
Guacarí	376	-7633	20
Miracema do Tocantins	-957	-4839	20
Kirkintilloch	5594	-415	20
Pālakkodu	1231	7807	20
Tysons Corner	3892	-7723	20
Kotel’nikovo	4763	4314	20
Forest Lake	4528	-9299	20
Gombi	1017	1274	20
Baao	1345	12337	20
Prudentópolis	-2521	-5098	20
Ahfir	3495	-210	20
Chignahuapan	1984	-9803	20
Žatec	5033	1355	20
Fenoarivo Be	-1843	4657	20
Borodino	5591	9491	20
San Juan Zitlaltepec	1981	-9915	20
Podporozh’ye	6091	3417	20
Băileşti	4402	2335	20
Lugu	2375	12075	20
Chinú	911	-7540	20
Seferihisar	3820	2684	20
Kuraymah	1855	3185	20
Chāndor	2033	7424	20
Lichtenvoorde	5199	657	20
Bethany	3552	-9763	20
Rahat	3140	3476	20
Condado	-759	-3511	20
Hranice	4955	1773	20
Patnāgarh	2071	8313	20
Huntsville	4533	-7922	20
Earl Shilton	5258	-132	20
Arroyito	-3142	-6305	20
Motegi	3652	14018	20
Ibicaraí	-1487	-3959	20
Viçosa	-937	-3624	20
El Soberbio	-2730	-5420	20
San Francisco	1536	12084	20
Montclair	3861	-7734	20
São Raimundo Nonato	-902	-4270	20
Seligenstadt	5004	897	20
Moguer	3728	-684	20
Galatina	4017	1817	20
Bahçe	3720	3658	20
Nakło nad Notecią	5314	1760	20
Ostashkov	5715	3311	20
Chubek	3761	6971	20
Mosopa	-2477	2542	20
Lynbrook	4065	-7367	20
Yaransk	5730	4789	20
Lāwar Khās	2911	7778	20
Orchards	4567	-12256	20
Nanyamba	-1068	3983	20
Bad Driburg	5173	902	20
Srīrāmnagar	1727	7826	20
Payson	4004	-11173	20
Monforte de Lemos	4252	-751	20
Diamante	-3207	-6064	20
Santa Cruz Cabrália	-1628	-3902	20
Tiverton	5090	-349	20
Neftegorsk	5280	5117	20
San Isidro	2808	-1656	20
Dharamsala	3222	7632	20
Kiliya	4544	2926	20
West Saint Paul	4492	-9310	20
Cajuru	-2128	-4730	20
Madisonville	3733	-8750	20
São João dos Patos	-650	-4370	20
Poperinge	5085	273	20
Celbridge	5334	-654	20
Herceg Novi	4245	1854	20
Fukumitsu	3656	13687	20
Waldbröl	5088	762	20
Sebeta	892	3862	20
Krasnystaw	5098	2317	20
Teltow	5240	1326	20
Kibakwe	-672	3637	20
Ives Estates	2596	-8018	20
Gharo	2474	6759	20
Bhadrapur	2654	8809	20
Chabet el Ameur	3664	369	20
Kujang-ŭp	3987	12603	20
Selma	3241	-8702	20
Pontedera	4366	1063	20
Kovdor	6757	3048	20
Negotino	4148	2209	20
Yuzhnyy	5325	8369	20
Pināhat	2688	7838	20
Kuala Pilah	274	10225	20
Papillion	4115	-9604	20
Gorodishche	4880	4447	20
Al Qarārah	3137	3434	20
Kozel’sk	5404	3577	20
Wisch	5193	642	19
Nunspeet	5238	579	19
Butiá	-3012	-5196	19
Proletarsk	4670	4173	19
Nördlingen	4885	1049	19
Đakovo	4531	1841	19
Pljevlja	4336	1936	19
Montgomery	4173	-8835	19
Sint-Katelijne-Waver	5107	453	19
São Gonçalo do Sapucaí	-2189	-4560	19
Vovchans’k	5029	3694	19
Vilassar de Mar	4151	239	19
Badger	6480	-14753	19
Adwick le Street	5357	-118	19
Ban Dung	1770	10326	19
Seymour	3896	-8589	19
Lake Shore	3911	-7648	19
Mamfe	575	931	19
Piedade	3867	-916	19
Maposeni	-1058	3540	19
Malabanban Norte	1395	12143	19
Pinheiral	-2251	-4400	19
Bijāwar	2462	7949	19
Akhtyrskiy	4485	3830	19
Jānsath	2933	7785	19
Būndu	2316	8559	19
Couëron	4722	-172	19
Weybridge	5137	-46	19
Sil-li	3949	12547	19
South Ockendon	5151	28	19
Richha	2869	7952	19
Bhāyāvadar	2186	7025	19
Rāmshīr	3089	4941	19
Ishøj	5562	1235	19
McKeesport	4035	-7986	19
Cormano	4555	916	19
Pinecrest	2567	-8031	19
Poggiomarino	4080	1454	19
Weirton Heights	4041	-8054	19
Port Angeles	4812	-12343	19
Plettenberg Bay	-3405	2337	19
Kayanza	-292	2963	19
Terrace	5452	-12860	19
Irlam	5344	-242	19
Ochtrup	5221	719	19
North Battleford	5278	-10830	19
Malapatan	597	12529	19
Écully	4577	478	19
Schwalmtal	5122	627	19
Hazel Dell	4567	-12266	19
Chessington	5136	-30	19
Harstad	6880	1654	19
Mobaye	432	2118	19
Sibbo	6038	2527	19
Trecate	4543	874	19
Angleton	2917	-9543	19
Aistala	2318	8858	19
Gameleira	-858	-3539	19
Kabanga	-264	3047	19
Magaria	1300	891	19
Teguise	2906	-1356	19
Fernley	3961	-11925	19
El Malah	3539	-109	19
Mayen	5033	722	19
Elói Mendes	-2161	-4557	19
Lomas del Sur	2049	-10342	19
Gannavaram	1654	8080	19
Alice	2775	-9807	19
Lake Forest	4226	-8784	19
Vatutine	4902	3106	19
Battle Ground	4578	-12253	19
Custoias	4111	-732	19
Sikka	2243	6984	19
Skadovs’k	4612	3291	19
Sojītra	2254	7272	19
Singur	2281	8823	19
Hechingen	4835	896	19
Rajpur	2194	7514	19
Belsand	2644	8540	19
Bodegraven	5208	475	19
Taft	3174	5420	19
Bönen	5160	777	19
Žiar nad Hronom	4859	1885	19
Kuju	2373	8551	19
Dixon	3845	-12182	19
Panagyurishte	4250	2419	19
Telgte	5198	778	19
Schopfheim	4765	782	19
Kalmeshwar	2123	7892	19
Phak Hai	1446	10037	19
Maham	2897	7629	19
Forest Park	3362	-8437	19
Laï	940	1630	19
Ivdel’	6069	6042	19
Bhawānīgarh	3027	7604	19
Mamaroneck	4095	-7373	19
Homewood	4156	-8767	19
Wazīrganj	2821	7906	19
Bear	3963	-7566	19
Shāhpur	2124	7623	19
Tchibanga	-293	1098	19
Norrtälje	5976	1870	19
Chalatenango	1403	-8893	19
Pueblo Nuevo	2338	-10538	19
Magumeri	1211	1283	19
Ābdānān	3299	4742	19
Casarano	4001	1816	19
Denkanikota	1253	7779	19
Puchheim	4815	1135	19
Melksham	5137	-214	19
Chiroqchi	3903	6657	19
As Samū‘	3140	3507	19
Bayou Cane	2962	-9075	19
Cran-Gevrier	4590	610	19
Gualán	1512	-8936	19
Lora del Río	3766	-553	19
Horsforth	5384	-164	19
Orange	3009	-9374	19
Chunghwa	3886	12580	19
Dumbéa	-2216	16646	19
Alsip	4167	-8774	19
Carouge	4618	614	19
Lutz	2815	-8246	19
Yellāpur	1496	7471	19
Maholi	2766	8047	19
Novopokrovskaya	4595	4070	19
Mitake	3542	13713	19
Katav-Ivanovsk	5475	5820	19
Weil der Stadt	4875	887	19
Toktogul	4187	7294	19
Bilhaur	2684	8006	19
Velika Kladuša	4518	1581	19
Vecsés	4741	1929	19
Algés	3870	-923	19
Ōarai	3631	14058	19
Green Haven	3914	-7655	19
Lexington	3582	-8025	19
Bhit Shah	2581	6849	19
Orlovskiy	4687	4206	19
Nam Som	1777	10219	19
Derhachi	5011	3612	19
Wasquehal	5067	313	19
Çatalca	4114	2846	19
Kalynivka	4945	2853	19
Trindade	-776	-4027	19
Padua	513	-7514	19
Tāoru	2821	7695	19
Ayaviri	-1489	-7059	19
Conceição da Barra	-1859	-3973	19
Hässleholm	5616	1377	19
Mzimba	-1190	3360	19
Bellwood	4188	-8788	19
Clydach	5168	-390	19
Dukinfield	5347	-209	19
Yelizavetinskaya	4505	3879	19
Sobradinho	-1283	-3910	19
Clayton	3565	-7846	19
Central Falls	4189	-7139	19
Chāpar	2627	9045	19
Tielt	5100	333	19
Mau	2627	7867	19
Sun Valley	3960	-11978	19
Liwale	-977	3793	19
Petauke	-1424	3132	19
Berrahal	3684	745	19
Ranau	595	11666	19
Makabe	3627	14010	19
Baixo Guandu	-1952	-4102	19
Mandelieu-la-Napoule	4355	694	19
Dalaman	3677	2880	19
Hernani	4327	-198	19
Horizon City	3169	-10621	19
Sherwood	4536	-12284	19
Dhanaula	3028	7557	19
Waterford	4134	-7214	19
Hamīrpur	3168	7653	19
Nikol’skoye	5970	3078	19
Svilengrad	4177	2620	19
Schwalmstadt	5093	922	19
Orinda	3788	-12218	19
Papar	573	11593	19
Frankenberg	5106	880	19
La Plata	239	-7589	19
Nova Olímpia	-1480	-5729	19
Kudachi	1663	7485	19
Oum Hadjer	1330	1970	19
Laksar	2976	7804	19
Pinole	3800	-12230	19
Bremervörde	5348	914	19
Spoleto	4274	1274	19
Woodbridge	4056	-7428	19
Dindori	2294	8108	19
Vibo Valentia	3868	1610	19
Tillabéri	1421	145	19
Rožňava	4866	2054	19
Batī	1119	4002	19
Balykshi	4707	5187	19
Bāli	2520	7329	19
Sun City Center	2772	-8235	19
Rosedale	3932	-7652	19
Altamont	4221	-12174	19
Taşova	4076	3632	19
Howard	4454	-8809	19
Kęty	4988	1922	19
El Arahal	3726	-555	19
Alamo	2618	-9812	19
Kos	3689	2729	19
Dizangué	377	998	19
Ghatkesar	1745	7868	19
Mékhé	1511	-1662	19
Jakobstad	6367	2270	19
Wadowice	4988	1949	19
Banga	3119	7599	19
Kampong Kadok	600	10225	19
Pisz	5363	2181	19
Mělník	5035	1447	19
Kuala Kedah	610	10030	19
Novoanninskiy	5053	4267	19
Broadview Heights	4131	-8169	19
Upper Saint Clair	4034	-8008	19
Vendôme	4779	107	19
Strășeni	4714	2861	19
Chhaprauli	2921	7717	19
Degema Hulk	476	675	19
Louviers	4922	117	19
Balta	4794	2962	19
Haslett	4275	-8440	19
Herent	5091	467	19
Agidel’	5591	5394	19
Gauting	4807	1138	19
Newton	3805	-9735	19
Glassboro	3970	-7511	19
Burscheid	5108	711	19
Altus	3464	-9933	19
Rodas	2234	-8056	19
Schifferstadt	4938	838	19
Sondrio	4617	987	19
Blythe	3361	-11460	19
Laur	1559	12118	19
Lumphat	1349	10698	19
Ottobrunn	4806	1166	19
Silverdale	4764	-12269	19
Schneverdingen	5312	980	19
Shchigry	5188	3690	19
Izalco	1374	-8967	19
Covington	4736	-12212	19
Ipil	778	12259	19
Matteson	4150	-8771	19
Beaconsfield	4543	-7387	19
Great Wyrley	5266	-201	19
's-Gravenzande	5200	417	19
Tumwater	4701	-12291	19
Manzanares	3900	-337	19
Giovinazzo	4119	1667	19
Nesterovskaya	4324	4505	19
Joaquín V. González	-2511	-6413	19
Laela	-857	3205	19
Gujan-Mestras	4464	-107	19
Yarm	5450	-136	19
Old Jamestown	3883	-9029	19
Corinto	1248	-8717	19
São Sepé	-3016	-5357	19
Kodarmā	2447	8559	19
Gallipoli	4006	1799	19
Shoreham-by-Sea	5083	-27	19
Weirton	4042	-8059	19
Kurovskoye	5558	3892	19
Misilmeri	3803	1345	19
Mezőtúr	4700	2063	19
Tomar	3960	-841	19
White Oak	3921	-8460	19
Sanary-sur-Mer	4312	580	19
Konnūr	1620	7475	19
Irugūr	1102	7706	19
Bālāchor	3106	7630	19
Koropí	3790	2387	19
Xochitepec	1878	-9923	19
Chāndūr	2081	7798	19
Nuevo San Carlos	1459	-9169	19
Parchim	5343	1185	19
Zvenihorodka	4908	3097	19
Senlis	4921	259	19
Rybnoye	5473	3952	19
Pinner	5159	-38	19
Suriānwān	2546	8242	19
Santa Brígida	2803	-1550	19
Tutong	480	11465	19
Camacupa	-1202	1748	19
Anna	5148	4043	19
Louny	5036	1380	19
Almoradí	3811	-79	19
Tarumizu	3148	13070	19
Uva	5699	5219	19
Metapán	1433	-8945	19
Carlisle	4020	-7719	19
Kawasaki	3360	13081	19
Aalten	5192	658	19
El Bauga	1826	3391	19
Rhede	5184	670	19
Acaponeta	2249	-10536	19
Mineola	4075	-7364	19
Alfeld	5198	982	19
Arese	4555	908	19
Pruzhany	5256	2446	19
Aimorés	-1950	-4106	19
Shelbyville	3952	-8578	19
Titao	1377	-207	19
Wiset Chaichan	1459	10034	19
Tullahoma	3536	-8621	19
Qabāţīyah	3241	3528	19
Pirané	-2573	-5911	19
Zuhres	4801	3826	19
Ozark	3702	-9321	19
Benavente	4200	-568	19
Eeklo	5119	356	19
Tha Ruea	1457	10073	19
Bexbach	4935	726	19
Colomba	1471	-9173	19
Albertville	4567	639	19
Gröbenzell	4820	1137	19
Ashibetsu	4351	14219	19
Pilar do Sul	-2381	-4772	19
Nallıhan	4019	3135	19
Piraí	-2263	-4390	19
Carlos Barbosa	-2930	-5150	19
Limeil-Brévannes	4874	249	19
Secaucus	4079	-7406	19
Jacksonville	3973	-9023	19
Fairwood	4745	-12216	19
Villa Ocampo	-2849	-5936	19
Itabaiana	-733	-3533	19
Madison	4128	-7260	19
Goiás	-1593	-5014	19
Cupira	-862	-3595	19
Lillehammer	6112	1047	19
Camp Springs	3880	-7691	19
Mankono	806	-619	19
San Rafael Oriente	1338	-8835	19
Villa Paula de Sarmiento	-3149	-6854	19
Guápiles	1022	-8378	19
Marina di Massa	4400	1011	19
José Cardel	1937	-9637	19
Ely	5240	26	19
Sibiti	-368	1335	19
Kyurdarmir	4034	4816	19
Casimiro de Abreu	-2248	-4220	19
Jouy-le-Moutier	4901	204	19
Bashanet	-423	3542	19
Mumbwa	-1498	2706	19
Barcelos	4153	-862	19
Brezina	3310	126	19
Dobrush	5241	3132	19
Kihangara	-258	3335	19
Ronkonkoma	4082	-7311	19
Sokółka	5341	2350	19
Saco	4350	-7044	19
Maple Shade	3995	-7499	19
Bibiani	646	-232	19
Puerto El Triunfo	1328	-8855	19
Hawthorne	4095	-7415	19
Alcúdia	3985	312	19
Cosquín	-3125	-6447	19
Marmande	4450	17	19
Fresno	2954	-9545	19
East Massapequa	4067	-7344	19
Amherst Center	4238	-7252	19
Tekāri	2494	8484	19
Montrose	3848	-10788	19
Värnamo	5719	1404	19
Dhārūr	1882	7611	19
Saravia	1088	12297	19
Kampar	430	10115	19
Point Fortin	1017	-6168	19
Sơn La	2133	10392	19
Kirandul	1864	8126	19
Bad Münstereifel	5056	676	19
French Rocks	1250	7667	19
Gerlingen	4880	906	19
Kui Buri	1208	9985	19
Mtwango	-902	3480	19
Pułtusk	5270	2108	19
Āmlāgora	2285	8734	19
Hungund	1606	7606	19
Villabate	3808	1344	19
Brownwood	3171	-9899	19
Southbridge	4208	-7203	19
Monte Llano	1973	-7060	19
Rémire-Montjoly	492	-5227	19
Anjozorobe	-1840	4787	19
Samho-rodongjagu	3995	12787	19
Zeewolde	5233	554	19
Vāsudevanallūr	924	7741	19
Yatağan	3734	2814	19
Hacı Zeynalabdin	4062	4956	19
Deerfield	4217	-8784	19
Puçol	3962	-30	19
Pyskowice	5040	1863	19
Royan	4563	-103	19
Pasir Mas	605	10214	19
Castaic	3449	-11862	19
Moaña	4228	-874	19
Oulmes	3343	-600	19
Dadeldhurā	2930	8058	19
São Sebastião do Caí	-2959	-5138	19
Laupheim	4823	988	19
Heusenstamm	5006	880	19
Maurepas	4876	193	19
Udangudi	843	7803	19
Ennis	3233	-9663	19
Ellensburg	4700	-12055	19
Anshing	2004	7732	19
Likisá	-859	12534	19
Korsun-Shevchenkivskyi	4942	3126	19
Leposaviq	4310	2080	19
Claremore	3631	-9562	19
Bhasāwar	2704	7705	19
Filiaşi	4455	2352	19
Dolný Kubín	4921	1930	19
Morales	1547	-8884	19
Tirat Karmel	3276	3497	19
Bābra	2185	7131	19
Kruisfontein	-3400	2473	19
Lauchhammer	5149	1377	19
Parīchhatgarh	2898	7793	19
Waukee	4161	-9389	19
Enugu-Ezike	698	746	19
Jasmine Estates	2829	-8269	19
Digne-les-Bains	4409	623	19
Melville	4079	-7342	19
Bantayan	1117	12372	19
Kew Gardens	4071	-7383	19
Bhor	1815	7384	19
Silla	3936	-41	19
Gorgonzola	4553	941	19
Middleton	4310	-8950	19
Şemdinli	3731	4457	19
Kulpahār	2532	7964	19
Gostynin	5243	1946	19
Bonga	728	3623	19
Mougins	4360	700	19
Hook	5137	-31	19
Bartow	2790	-8184	19
Bīrpur	2651	8701	19
Sylvania	4172	-8371	19
Hārij	2369	7191	19
Pedroso	4141	-875	19
Rio Rico	3147	-11098	19
Benthuizen	5208	454	19
Viseu	-120	-4614	19
Murray	3661	-8831	19
Ureshinomachi-shimojuku	3311	13000	19
Velur	1111	7800	19
Riosucio	542	-7570	19
Sulya	1256	7539	19
Arlington	4820	-12213	19
Challans	4684	-187	19
North Druid Hills	3382	-8431	19
Vorgashor	6758	6379	19
Baud	2084	8433	19
Matías Romero	1688	-9504	19
Vilar de Andorinho	4111	-859	19
Brookfield	4182	-8785	19
North Bay Shore	4074	-7326	19
Gokwe	-1820	2893	19
Sélestat	4826	745	19
Sarayköy	3792	2893	19
Mubende	56	3139	19
Torhout	5107	310	19
Mont-Royal	4552	-7365	19
Bánovce nad Bebravou	4872	1826	19
Alzenau in Unterfranken	5009	906	19
Harmanli	4193	2590	19
Milledgeville	3308	-8323	19
Garches	4884	218	19
Matiari	2560	6845	19
Mulgund	1528	7552	19
Beloeil	4557	-7321	19
Cesenatico	4420	1240	19
São João da Talha	3882	-910	19
Stillwater	4506	-9281	19
Al Khawr	2568	5151	19
Finsterwalde	5163	1371	19
Maghār	3289	3541	19
Masis	4007	4442	19
Nepomuceno	-2123	-4523	19
Tajerouine	3589	855	19
Atalaia	-950	-3602	19
Shimokizukuri	4082	14038	19
Cortland	4260	-7618	19
Guaratuba	-2588	-4857	19
Cusano	4555	918	19
Eyl	798	4982	19
Qazax	4109	4537	19
Balaka	-1498	3496	19
Birkerød	5585	1243	19
Tal’menka	5382	8357	19
Ponda	1540	7402	19
Pietrasanta	4396	1023	19
Skhodnya	5595	3730	19
Buchen in Odenwald	4952	932	19
Manismata	-247	11103	19
Boiro	4265	-888	19
Hūn	2913	1595	19
Azeitão	3852	-901	19
Konstantinovsk	4758	4109	19
Shāhpur	2935	7755	19
Bang Krathum	1658	10030	19
Berea	4137	-8185	19
Canguaretama	-638	-3513	19
Mārahra	2774	7857	19
Twinsburg	4131	-8144	19
Wantagh	4068	-7351	19
Chilly-Mazarin	4871	232	19
Bourg-la-Reine	4878	232	19
Ilembula	-890	3458	19
Paracho de Verduzco	1965	-10205	19
Jojutla	1861	-9918	19
Sierpc	5286	1967	19
Chicholi	2147	7970	19
Otegen Batyra	4342	7702	19
Dongobesh	-407	3538	19
Mascote	-1556	-3930	19
Langen	5361	860	19
Équeurdreville-Hainneville	4965	-165	19
West Hempstead	4070	-7365	19
Droichead Nua	5318	-680	19
Chipinge	-2019	3262	19
Esplanada	-1180	-3795	19
Sant'Antonio Abate	4072	1454	19
Pitangui	-1968	-4489	19
Mālvan	1606	7346	19
Otrokovice	4921	1754	19
Catabola	-1215	1728	19
Pahāsu	2817	7806	19
Ansonia	4135	-7308	19
Troy	3181	-8597	19
Piracuruca	-393	-4171	19
Jocotepec	2029	-10343	19
Cournon-d'Auvergne	4574	320	19
Kimbe	-555	15014	19
Urrao	632	-7613	19
Rājgurunagar	1887	7390	19
Bambuí	-2001	-4598	19
Mayfield Heights	4152	-8146	19
Rio Brilhante	-2180	-5455	19
Laurel	3169	-8913	19
South Elmsall	5360	-128	19
Akbarpur	2638	7995	19
Cuautepec de Hinojosa	2004	-9831	19
Púchov	4912	1833	19
Lagos	3710	-867	19
Dzüünharaa	4885	10646	19
Matiri	-1075	3490	19
Lutuhyne	4841	3923	19
Syosset	4083	-7350	19
Trzebinia	5016	1947	19
Rānīpur	2525	7906	19
Mallasamudram	1149	7803	19
Esperança	-703	-3586	19
Anastácio	-2048	-5581	19
Ishikawa	3715	14045	19
Las Rosas	1637	-9237	19
Manturovo	5833	4476	19
Ascención de Guarayos	-1589	-6319	19
Kari	1125	1056	19
São Miguel do Araguaia	-1328	-5016	19
Alliston	4415	-7987	19
Slyudyanka	5166	10371	19
Brook Park	4140	-8180	19
Hebburn	5497	-152	19
Borna	5112	1250	19
Ystad	5543	1382	19
Águas de Lindóia	-2248	-4663	19
Dingolfing	4864	1249	19
Union Hill-Novelty Hill	4768	-12203	19
Aalter	5109	345	19
Mirfield	5367	-170	19
Moyo	366	3172	19
Kotido	298	3413	19
Erlanger	3902	-8460	19
Zaragoza	749	-7487	19
Rossville	4056	-7421	19
South Burlington	4447	-7317	19
Badnāwar	2302	7523	19
Tamazula de Gordiano	1968	-10325	19
Bailén	3810	-378	19
Staroshcherbinovskaya	4663	3867	19
Quarteira	3707	-810	19
Chāndūr Bāzār	2124	7775	19
Ashtarak	4030	4436	19
El Paraíso	1387	-8655	19
Nueva Imperial	-3874	-7295	19
Emsworth	5085	-94	19
Fossano	4455	772	19
Niquero	2005	-7758	19
Gürgentepe	4079	3759	19
Shushenskoye	5333	9194	19
Svatove	4941	3815	19
Gioia Tauro	3843	1590	19
Eleşkirt	3980	4268	19
Sonepur	2083	8392	19
Casa de Oro-Mount Helix	3276	-11697	19
Villamontes	-2126	-6347	19
Embi	4883	5815	19
Ceres	-1531	-4960	19
Kadaň	5038	1327	19
Sunchales	-3094	-6156	19
Marneuli	4149	4480	19
Langley Park	3899	-7698	19
Magole	-638	3737	19
Sumag	1060	12292	19
Brigham City	4151	-11202	19
Lahnstein	5030	762	19
Aberystwyth	5242	-408	19
Radeberg	5111	1391	19
Torgau	5156	1300	19
Vyselki	4558	3966	19
Oswestry	5286	-305	19
Mon	2674	9506	19
Amod	2199	7287	19
Thomasville	3084	-8398	19
Groesbeek	5178	594	19
Málaga	670	-7273	19
Rangāpāra	2684	9267	19
Basi	3059	7684	19
Nanauta	2971	7742	19
Mlowo	-900	3298	19
Chaville	4881	219	19
Dillingen an der Donau	4858	1050	19
Fairmont	3949	-8014	19
Fairhope	3052	-8790	19
Dhanot	2958	7175	19
Chhāpar	2782	7444	19
Compostela	1046	12401	19
Idhnā	3156	3497	19
Bad Münder am Deister	5220	946	19
Usa River	-337	3685	19
Neuilly-Plaisance	4886	251	19
Warah	2745	6780	19
Bonneuil-sur-Marne	4877	248	19
Fukura	3426	13472	19
San Marcelino	1497	12016	19
Greater Upper Marlboro	3883	-7675	19
Frederickson	4710	-12236	19
Sarstedt	5223	985	19
Mátészalka	4796	2232	19
Lerdo de Tejada	1863	-9552	19
Mohács	4599	1869	19
Schwalbach	4930	682	19
Phan Thong	1347	10110	19
Matriz de Camaragibe	-915	-3553	19
Patzún	1468	-9101	19
Comalapa	1566	-9214	19
Prestatyn	5334	-341	19
Villanueva	1061	-7298	19
Bad Dürkheim	4946	817	19
Kungsbacka	5749	1208	19
Horwich	5360	-255	19
Lezhë	4178	1964	19
Pijnacker	5202	443	19
Iselin	4058	-7432	19
Samraong	1418	10352	19
Suwanee	3405	-8407	19
Whitehall	3997	-8289	19
Corner Brook	4895	-5795	19
Lancing	5083	-32	19
Varto	3917	4145	19
Rutherford	4083	-7411	19
Brotas	-2228	-4813	19
Shpola	4901	3139	19
Islip	4073	-7321	19
Bogatynia	5091	1496	19
Haldaur	2929	7828	19
Repelón	1050	-7512	19
Arcelia	1832	-10028	19
Kalininsk	5150	4448	19
Srirāmpur	2295	8802	19
Montevarchi	4353	1157	19
Monselice	4524	1175	19
Sorgues	4401	487	19
Wieliczka	4999	2006	19
Kozienice	5158	2155	19
Peshtera	4203	2430	19
Forest Park	3929	-8450	19
Neiba	1848	-7142	19
Westminster	3958	-7700	19
Édessa	4080	2205	19
Māndvi	2126	7330	19
Sinmak	3842	12623	19
Międzyrzecz	5244	1558	19
Vence	4372	711	19
San Mariano	750	12600	19
Buenavista	898	12541	19
Tsirang	2702	9012	19
New Glasgow	4558	-6265	19
Valabhīpur	2189	7188	19
Casavatore	4090	1428	19
Shushi	3976	4675	19
Neftçala	3938	4925	19
Puerto San José	1393	-9082	19
Frankfort	4150	-8785	19
Pitanga	-2476	-5176	19
Xico	1942	-9701	19
Niles	4118	-8077	19
Balaklava	4451	3360	19
San Andrés Itzapa	1462	-9084	19
Bronnitsy	5542	3826	19
Calafat	4399	2293	19
Aldama	2884	-10591	19
Siavonga	-1654	2871	19
Stroitel’	5079	3648	19
Novoukrayinka	4833	3153	19
Beroroha	-2167	4517	19
Palmeira	-2543	-5001	19
Calella	4161	265	19
Huanta	-1293	-7425	19
Ārt Khwājah	3709	6948	19
Vellmar	5136	948	19
Samrāla	3084	7619	19
Marshfield	4467	-9017	19
Le Plessis-Trévise	4881	257	19
Vanino	4910	14025	19
Rawmarsh	5346	-134	19
Nossa Senhora da Glória	-1022	-3742	19
Eastwood	5300	-130	19
Cranbrook	4950	-11577	19
Lorton	3870	-7723	19
Ipameri	-1772	-4816	19
Hrubieszów	5081	2389	19
Whakatane	-3796	17699	19
Talitsa	5701	6373	19
Freudenberg	5090	787	19
Agryz	5652	5299	19
Kobuleti	4182	4178	19
Kyenjojo	63	3062	19
Port Colborne	4290	-7923	19
Khārupatia	2652	9215	19
Khon Buri	1453	10225	19
Bar-le-Duc	4877	516	19
Cholpon-Ata	4265	7708	19
Nangwa	-447	3545	19
Sachsenheim	4896	906	19
Molde	6274	716	19
Galich	5838	4235	19
Morristown	4080	-7448	19
Eslöv	5584	1330	19
São Marcos	-2897	-5107	19
Basi	3069	7640	19
Bormujos	3737	-607	19
Seynod	4589	609	19
Hinche	1915	-7202	19
Szamotuły	5261	1658	19
Rivière-du-Loup	4783	-6954	19
Chipiona	3674	-644	19
Wodonga	-3612	14689	19
San Miguel	1544	12060	19
Csongrád	4671	2014	19
Peacehaven	5079	-1	19
Łask	5159	1913	19
Palencia	1467	-9036	19
Santa Iria da Azóia	3884	-910	19
İncirliova	3785	2772	19
Tapes	-3067	-5140	19
Gautier	3039	-8861	19
Kaset Wisai	1566	10358	19
Bourbonnais	4115	-8789	19
Goodings Grove	4163	-8793	19
Tarko-Sale	6492	7777	19
Dieppe	4608	-6469	19
Schramberg	4822	839	19
Catamayo	-399	-7936	19
West Molesey	5140	-38	19
East Molesey	5140	-35	19
Ischia	4074	1395	19
Mitry-Mory	4898	262	19
Carvin	5049	296	19
Durgāpur	2001	7930	19
Limay	4900	174	19
Kristinehamn	5931	1411	19
Palmi	3836	1585	19
La Jagua de Ibirico	956	-7333	19
Nāravārikuppam	1319	8018	19
Turinsk	5805	6370	19
Aue	5059	1271	19
Driebergen-Rijsenburg	5205	528	19
Half Way Tree	1801	-7680	19
Douar Tindja	3717	975	19
Valday	5798	3325	19
Barysh	5366	4711	19
Macomb	4046	-9067	19
Phalauda	2919	7783	19
Kaka	3735	5961	19
Bhūm	1846	7566	19
San Francisco	854	12595	19
Palmital	-2279	-5022	19
Starodub	5258	3276	19
Lachi	3338	7134	19
La Flèche	4770	-8	19
Castiglione delle Stiviere	4539	1049	19
Reni	4545	2828	19
Galappo	-427	3585	19
Daimiel	3907	-361	19
Hoogstraten	5140	476	19
Schwarzenberg	5054	1279	19
Point Pleasant	4008	-7407	19
San Mauro Torinese	4510	777	19
Bellaire	2971	-9546	19
San Bartolomé	2900	-1361	19
El Reno	3553	-9796	19
Qaţanā	3344	3608	19
Chowchilla	3712	-12026	19
Mead Valley	3383	-11730	19
Santa Rosa Jauregui	2074	-10045	19
Winschoten	5314	703	19
Khao Yoi	1324	9982	19
Marktoberdorf	4778	1062	19
Wantage	5159	-143	19
Goroka	-608	14539	19
Cernavodă	4434	2803	19
Plaisance-du-Touch	4357	130	19
Hyattsville	3896	-7695	19
Isle of Lewis	5822	-639	19
Giv'at Shmuel	3208	3485	19
Shumikha	5523	6330	18
Khirkiyān	2217	7686	18
Meise	5094	433	18
Cassilândia	-1911	-5173	18
Janūb as Surrah	2927	4798	18
Rāmpura	2447	7544	18
Bitkine	1198	1821	18
Cayey	1811	-6617	18
Happy Valley	4545	-12253	18
Quaregnon	5044	387	18
Santa Gertrudes	-2246	-4753	18
Martinópolis	-2215	-5117	18
Illingen	4937	705	18
Karasuyama	3665	14015	18
Schkeuditz	5140	1222	18
Trudovoye	4330	13207	18
La Chapelle-sur-Erdre	4730	-155	18
Badīyah	2245	5880	18
Kolkhozobod	3759	6866	18
Malgrat de Mar	4165	274	18
Haibara-akanedai	3453	13595	18
Augusta	4431	-6978	18
Belo Oriente	-1922	-4248	18
Hemmingen	5231	972	18
Avion	5041	283	18
Jacutinga	-2229	-4661	18
Mölln	5362	1069	18
Onalaska	4388	-9124	18
Luau	-1071	2222	18
Wadgassen	4927	678	18
Sant Quirze del Vallès	4153	208	18
Round Lake	4235	-8809	18
Itá	-2550	-5737	18
Thoen	1761	9922	18
Stafford	2962	-9556	18
Padampur	2971	7363	18
Uckfield	5097	10	18
Ovar	4086	-863	18
Quezon	1555	12081	18
Yorkville	4164	-8845	18
Peterhead	5751	-178	18
Winchester	3799	-8418	18
North Ogden	4131	-11196	18
Ventimiglia	4379	761	18
Paoua	724	1644	18
Bensenville	4196	-8794	18
Orzesze	5016	1878	18
Baddomalhi	3199	7466	18
Nāmrup	2719	9532	18
Kyakhta	5036	10645	18
Mugumu	-185	3470	18
Katerero	-140	3173	18
Chegem	4356	4359	18
Ibiá	-1948	-4654	18
Nyakabindi	-263	3398	18
Finnentrop	5117	797	18
Härnösand	6263	1794	18
Along	2817	9480	18
Laranjeiras do Sul	-2541	-5242	18
Sélibaby	1516	-1218	18
Paraipaba	-344	-3915	18
Annonay	4524	467	18
Traunstein	4787	1264	18
Larne	5485	-582	18
Noto	3689	1507	18
Turar Ryskulov	4253	7035	18
Hillegom	5229	458	18
Santo Amaro da Imperatriz	-2769	-4878	18
Forney	3275	-9647	18
Darazo	1100	1041	18
Beni Amrane	3667	359	18
Sulejówek	5225	2127	18
Kamogatachō-kamogata	3454	13359	18
Nezlobnaya	4412	4340	18
Monsey	4111	-7407	18
Santa Elena	-3094	-5979	18
Fern Creek	3816	-8559	18
Guisa	2025	-7654	18
Santa Cruz del Norte	2315	-8193	18
Sanaur	3030	7646	18
Kreuzau	5075	649	18
Aburi	585	-17	18
Malakhovka	5565	3802	18
Non Sung	1518	10226	18
Shenandoah	3040	-9100	18
Bronte	3779	1483	18
Złotów	5336	1704	18
Buhuşi	4672	2670	18
Saraipali	2132	8301	18
General Mamerto Natividad	1560	12105	18
Kinel’-Cherkassy	5347	5147	18
Honāvar	1428	7444	18
El Dorado	3321	-9267	18
Simão Dias	-1074	-3781	18
Ban Tak	1704	9908	18
Vīsāvadar	2134	7075	18
Casamassima	4096	1692	18
Trenton	4214	-8318	18
Farum	5581	1236	18
Gálvez	-3203	-6122	18
Löbau	5110	1467	18
Areia Branca	-496	-3714	18
Tsukawaki	3328	13116	18
Gazipaşa	3627	3232	18
Ashtabula	4187	-8079	18
Avtury	4316	4600	18
Brodósqui	-2099	-4766	18
Natchitoches	3176	-9309	18
Sulzbach	4930	706	18
Donauwörth	4872	1078	18
Rufino	-3427	-6271	18
Patharia	2390	7919	18
Ibirama	-2706	-4952	18
Braniewo	5438	1982	18
Vila Franca de Xira	3896	-899	18
Köping	5951	1599	18
Cudahy	4296	-8786	18
N'zeto	-723	1287	18
Montecristi	-105	-8066	18
El Viso del Alcor	3739	-572	18
Fort Gloster	2250	8818	18
Saladas	-2825	-5863	18
Shibushi	3148	13110	18
Ampara	730	8168	18
Tukums	5697	2316	18
Alblasserdam	5187	466	18
Cotoca	-1782	-6305	18
Dover	4088	-7456	18
Ottawa	4135	-8884	18
Thāsra	2280	7321	18
Shafter	3550	-11927	18
Fujioka	3625	13965	18
Wakuya	3854	14113	18
Tlaquiltenango	1863	-9916	18
Kākori	2687	8079	18
Ronchin	5060	309	18
Mansfield Woodhouse	5316	-119	18
Cabrero	-3703	-7240	18
Banyoles	4212	277	18
Al Qiţena	1486	3237	18
Mauguio	4362	401	18
Apatin	4567	1898	18
Rāmjībanpur	2283	8761	18
Cícero Dantas	-1060	-3838	18
Dārchulā	2983	8055	18
Laudio / Llodio	4314	-296	18
Chennevières-sur-Marne	4880	254	18
Maasin	1013	12484	18
Ardon	4318	4430	18
Amesbury	4286	-7093	18
Grove	5161	-142	18
Parque Industrial Ciudad Mitras	2579	-10045	18
Franklin Park	4194	-8787	18
Meadowbrook	3745	-7747	18
McAlester	3493	-9577	18
Punta Gorda Isles	2692	-8208	18
Mchinji	-1380	3288	18
Hadleigh	5155	61	18
Priozërsk	6104	3013	18
Kotel’niki	5564	3784	18
Daboh	2600	7888	18
Beloozërskiy	5546	3844	18
Crespo	-3203	-6031	18
Firmat	-3346	-6148	18
Lilienthal	5314	890	18
Palestine	3176	-9563	18
Oskarshamn	5726	1645	18
Ouardenine	3571	1067	18
Sherrelwood	3984	-10500	18
Autun	4695	430	18
Sagua de Tánamo	2058	-7524	18
Saint-Avold	4910	670	18
Três de Maio	-2777	-5424	18
Zaqatala	4163	4664	18
Creve Coeur	3866	-9042	18
São Domingos do Maranhão	-558	-4439	18
Krapkowice	5048	1797	18
Umm as Summāq	3189	3585	18
Milpa Alta	1919	-9902	18
Ballenger Creek	3937	-7744	18
Cinco Ranch	2974	-9576	18
Tourlaville	4964	-157	18
Bni Bouayach	3511	-384	18
Kamenz	5127	1409	18
Felanitx	3947	315	18
Pfullingen	4846	923	18
Wer	2702	7718	18
Łańcut	5007	2223	18
Nasrullāhganj	2268	7727	18
Pointe-à-Pitre	1624	-6154	18
Helena	3330	-8684	18
Guará	-2043	-4782	18
Burghausen	4817	1283	18
Miguelópolis	-2018	-4803	18
Marlow	5157	-77	18
Palmer	4216	-7233	18
Apiaí	-2451	-4884	18
San Martín de la Vega	4021	-357	18
Fond Parisien	1851	-7198	18
Kharsia	2199	8310	18
Neufahrn bei Freising	4832	1166	18
Belle Glade	2668	-8067	18
Saint-Omer	5075	226	18
Rhoon	5186	442	18
Zwijndrecht	5122	433	18
Kronach	5024	1133	18
Pataudi	2833	7678	18
Makakilo	2135	-15809	18
Mitras Poniente	2578	-10043	18
Franconia	3878	-7715	18
Kalocsa	4653	1897	18
Nidda	5041	901	18
Alzey	4975	812	18
Marple	5339	-206	18
Santiago Ixcuintla	2181	-10521	18
Sokołów Podlaski	5241	2225	18
Al Ḩazm	1616	4478	18
Gurmatkāl	1687	7739	18
Morlanwelz-Mariemont	5046	425	18
Loanda	-2292	-5314	18
Tulum	2021	-8746	18
Eastlake	4165	-8145	18
Mossendjo	-295	1270	18
Siquirres	1010	-8351	18
Blankenberge	5131	313	18
Argentan	4874	-2	18
Qormi	3588	1447	18
Wewak	-355	14363	18
Manchester	3860	-9051	18
Cameron Park	3867	-12099	18
Tanabi	-2063	-4965	18
Villa del Prado 2da Sección	3242	-11697	18
Thorold	4312	-7920	18
Abano Terme	4536	1179	18
Behat	3017	7761	18
Kharabali	4742	4726	18
Lelydorp	570	-5523	18
Nimāparha	2006	8600	18
Studeničane	4192	2153	18
Steubenville	4037	-8063	18
São José do Egito	-748	-3727	18
Vinica	4188	2251	18
Narangba	-2720	15296	18
Altepexi	1837	-9730	18
Springboro	3955	-8423	18
Soure	-72	-4852	18
Afipskiy	4490	3884	18
Wallingford Center	4145	-7282	18
Chapel Allerton	5383	-154	18
Marktredwitz	5000	1209	18
Archena	3812	-130	18
Givors	4559	477	18
Cēsis	5731	2527	18
Tavernes de la Valldigna	3907	-27	18
Ischia Porto	4074	1395	18
Wettingen	4747	832	18
Burhar	2321	8153	18
Sestu	3930	909	18
Cento	4473	1129	18
Sertânia	-807	-3726	18
Kisvárda	4822	2208	18
Lanham-Seabrook	3897	-7685	18
Allschwil	4755	754	18
Tiquisate	1428	-9136	18
Kierspe	5113	759	18
Villa Yapacaní	-1740	-6383	18
Guaraciaba do Norte	-417	-4075	18
Terter	4034	4693	18
Eersel	5136	532	18
Krasnovishersk	6041	5708	18
Clark-Fulton	4146	-8171	18
Bad Langensalza	5111	1065	18
Pushkino	3946	4855	18
Barkā Kānā	2362	8547	18
San Benito Abad	893	-7503	18
Bergeijk	5132	536	18
Farmington	3778	-9042	18
Burlata	4283	-162	18
Al Mahbūlah	2914	4813	18
Jalālī	2787	7825	18
Pampa	3554	-10096	18
Zacoalco de Torres	2023	-10357	18
Diyadin	3954	4367	18
Ivoti	-2959	-5116	18
Szarvas	4687	2055	18
Jand	3343	7202	18
Barreiro do Jaíba	-1562	-4359	18
Sel’tso	5337	3410	18
Kuçovë	4080	1992	18
Pozzallo	3673	1485	18
Somerset	4177	-7113	18
Cihuatlán	1924	-10457	18
Ptuj	4642	1587	18
Florida Ridge	2758	-8039	18
Middelburg	-3149	2501	18
‘Abasān al Kabīrah	3132	3434	18
Palamós	4185	313	18
Five Corners	4568	-12258	18
Boone	3622	-8167	18
Río Segundo	-3165	-6391	18
Griffith	-3429	14605	18
Joinville-le-Pont	4883	247	18
Seminole	2784	-8279	18
Punta Gorda	2693	-8205	18
Rosamond	3486	-11816	18
Santo Antônio de Posse	-2261	-4692	18
Grottaferrata	4179	1267	18
Diego de Almagro	-2637	-7005	18
Letlhakane	-2141	2559	18
El Copey	1015	-7396	18
Tettnang	4767	959	18
Miramichi	4703	-6550	18
Vettaikkaranpudur	1056	7691	18
Bela Vista	-2211	-5652	18
Chak Two Hundred Forty-nine Thal Development Authority	3118	7120	18
Bejucal	2293	-8239	18
Anūppur	2310	8169	18
Norak	3839	6932	18
Dera Bugti	2904	6916	18
Koungou	-1273	4520	18
Wuustwezel	5139	460	18
Monte Azul Paulista	-2091	-4864	18
Cutler	2562	-8031	18
Reda	5461	1835	18
Wildeshausen	5289	843	18
Veruela	807	12596	18
Mattoon	3948	-8837	18
Brymbo	5307	-307	18
Fermo	4316	1372	18
Arroyo Grande	3512	-12059	18
Custódia	-809	-3764	18
Labo	1415	12283	18
Floresta	-860	-3857	18
Cobourg	4396	-7817	18
Kostrzyn nad Odrą	5259	1465	18
Humanes de Madrid	4025	-383	18
Benicàssim	4005	7	18
Müllheim	4781	763	18
Lempäälä	6132	2375	18
Abaza	5266	9009	18
Monroe	4786	-12197	18
Dorval	4545	-7375	18
Kafir Qala	3467	6107	18
El Fahs	3637	991	18
Rancho Mirage	3374	-11641	18
Korntal	4883	912	18
Eppelborn	4940	697	18
Keta	592	99	18
Salamina	541	-7549	18
Mäntsälä	6063	2532	18
Debar	4152	2052	18
Limerick	4023	-7552	18
Ban Chalong	784	9834	18
Macau	-512	-3663	18
Waltham Abbey	5169	0	18
Devizes	5135	-199	18
Itamarandiba	-1786	-4286	18
Herval	-3202	-5340	18
Wilton	4120	-7344	18
Rhenen	5196	557	18
Carauari	-488	-6690	18
Nachingwea	-1037	3876	18
Jhalidā	2337	8598	18
Carquefou	4730	-149	18
Sulechów	5208	1563	18
Sátoraljaújhely	4839	2166	18
Fatehgarh Chūriān	3186	7496	18
Huntington	4087	-7343	18
Tolosa	4313	-208	18
Muramvya	-327	2961	18
Nar'yan-Mar	6764	5300	18
Bad Wildungen	5112	912	18
Cestas	4474	-68	18
Ojus	2595	-8015	18
Hajdúnánás	4785	2143	18
Melzo	4550	942	18
Mao	1412	1531	18
Eupen	5063	604	18
Broken Hill	-3197	14145	18
Santa Fe Springs	3395	-11809	18
Yasnogorsk	5448	3770	18
Nigrán	4214	-881	18
Handlová	4873	1876	18
Pompéia	-2211	-5017	18
Oak Bay	4845	-12330	18
Tirumala	1368	7935	18
Dudelange	4948	609	18
Balmazújváros	4762	2135	18
Vincennes	3868	-8753	18
Castelnau-le-Lez	4363	390	18
Beni Khiar	3647	1078	18
Izazi	-720	3573	18
Bhogpur	3155	7564	18
Amsterdam	4294	-7419	18
Durango	3728	-10788	18
San Andrés Cuexcontitlán	1936	-9962	18
Povorino	5119	4225	18
Bhattiprolu	1610	8078	18
Sakchu-ŭp	4039	12505	18
Dumont	4094	-7400	18
Chicureo Abajo	-3328	-7065	18
Hampton	5141	-37	18
Budva	4229	1884	18
Chichén-Itzá	2067	-8857	18
Izluchinsk	6098	7692	18
Barjala	2362	9136	18
Changuinola	943	-8252	18
Belaya Glina	4608	4087	18
Hanahan	3292	-8002	18
Leça da Palmeira	4119	-870	18
Central Point	4238	-12292	18
Kesinga	2019	8322	18
Extremoz	-571	-3531	18
Grimma	5123	1272	18
Sint-Genesius-Rode	5075	436	18
Carlos A. Carrillo	1837	-9575	18
Highland	4043	-11179	18
Bangor	5323	-413	18
Mahīshādal	2219	8798	18
Elizabeth City	3629	-7625	18
Dalserf	5573	-392	18
Gubbi	1331	7694	18
Sompeta	1894	8458	18
Newburyport	4281	-7088	18
Rockland	4213	-7092	18
Hedge End	5091	-130	18
Yegorlykskaya	4657	4066	18
Westbrook	4368	-7037	18
Sandbach	5315	-236	18
Kirsanov	5265	4272	18
Kızılcahamam	4047	3265	18
Palazzolo sull'Oglio	4560	989	18
Delta del Tigre	-3476	-5636	18
Dumjor	2262	8825	18
Rano	1156	858	18
New Mills	5337	-200	18
St. Marys	3073	-8155	18
Tres de Mayo	1887	-9921	18
Cary	4221	-8824	18
Lackawanna	4283	-7882	18
Kegalle	725	8034	18
Aljaraque	3727	-702	18
San Lucas Sacatepéquez	1461	-9066	18
Port Alfred	-3359	2688	18
Tamandaré	-876	-3510	18
Montecatini-Terme	4388	1077	18
Breaza	4518	2567	18
Kawage	3480	13655	18
Kabala	959	-1155	18
Kireka	35	3265	18
Warrenton	-2811	2485	18
Narauli	2849	7871	18
Arukutti	987	7635	18
Nova Prata	-2878	-5161	18
Kolbermoor	4785	1207	18
Murudeshwara	1409	7448	18
Kurtamysh	5491	6443	18
Westerly	4138	-7183	18
Primero de Enero	2195	-7843	18
Mapastepec	1543	-9290	18
Hang Dong	1869	9892	18
Maumelle	3487	-9240	18
Kerūr	1601	7555	18
Pô	1117	-115	18
Callosa de Segura	3812	-88	18
Leland	3426	-7804	18
Kédougou	1256	-1218	18
Uetersen	5369	966	18
Karlsfeld	4823	1148	18
Amos	4857	-7812	18
Jocotenango	1458	-9074	18
Samdari	2581	7258	18
Oborniki	5265	1681	18
Bang Len	1402	10017	18
Saulgau	4802	950	18
Kasli	5589	6076	18
Montigny-lès-Cormeilles	4898	220	18
Józefów	5214	2124	18
Massaguet	1248	1544	18
Cartaya	3728	-715	18
La Crau	4315	607	18
Khasab	2618	5625	18
Firminy	4539	429	18
Oschersleben	5203	1123	18
Jarinu	-2310	-4673	18
Ascot	5141	-67	18
Wangaratta	-3636	14632	18
Nguigmi	1425	1311	18
Wisconsin Rapids	4438	-8982	18
Kleinmachnow	5241	1323	18
Visoko	4399	1818	18
San Lorenzo de El Escorial	4059	-415	18
Lenoir	3591	-8154	18
Wittlich	4999	689	18
Zhirnovsk	5098	4477	18
North Massapequa	4070	-7346	18
Nguékhokh	1451	-1700	18
Scarsdale	4101	-7378	18
Nanuet	4109	-7401	18
Vadlapūdi	1431	7980	18
Sinzig	5054	725	18
Gretna	2991	-9005	18
Konz	4970	658	18
Grumo Nevano	4094	1426	18
Vĩnh Yên	2131	10560	18
Timbiras	-426	-4394	18
la Nucia	3861	-13	18
Sheridan	4480	-10696	18
Tizi Rached	3667	419	18
Bako	578	3657	18
Sovetsk	5758	4896	18
V.S.K.Valasai (Dindigul-Dist.)	1032	7815	18
Privolzhsk	5739	4129	18
North Amityville	4070	-7343	18
Handiā	2536	8219	18
Msowero	-653	3720	18
Bondo	381	2369	18
Sarwār	2606	7501	18
Takhatpur	2213	8187	18
Mo i Rana	6631	1414	18
Forssa	6081	2362	18
Osuna	3724	-510	18
Pailin	1285	10261	18
Sarāi Mīr	2603	8292	18
Tqvarch'eli	4284	4168	18
Wao	768	12467	18
Arcata	4087	-12408	18
Oria	4326	-202	18
Amorebieta	4322	-273	18
Reinheim	4983	884	18
Hannibal	3971	-9136	18
Kurayyimah	3228	3560	18
Libiąż	5010	1932	18
Kukës	4208	2042	18
Nishinoomote	3073	13100	18
Nevel’	5602	2993	18
Chākia	2642	8505	18
Bastia umbra	4306	1255	18
Pilar	1466	12057	18
Acqui Terme	4468	847	18
Bilopillya	5115	3431	18
Camanducaia	-2276	-4614	18
Perdões	-2109	-4509	18
Holzwickede	5150	763	18
Cercola	4086	1436	18
Wahiawā	2150	-15802	18
Colonial Heights	3727	-7741	18
Yabēlo	488	3808	18
Bohodukhiv	5016	3553	18
Orsay	4870	219	18
Yelenendorf	4059	4632	18
Katangi	2344	7980	18
Renens	4654	659	18
Raduzhnyy	5600	4034	18
Brakel	5172	919	18
Saint-Amand-les-Eaux	5045	343	18
Teo	4275	-850	18
Jobabo	2097	-7630	18
Zubia	3712	-358	18
Marion	3773	-8893	18
Weesp	5231	504	18
Çerkeş	4081	3289	18
Weißenburg in Bayern	4903	1097	18
Kara Suu	4070	7287	18
Singarāyakonda	1523	8003	18
Palanga	5592	2107	18
Moita	3865	-899	18
Colonia	4057	-7430	18
Tarifa	3601	-561	18
Logansport	4075	-8636	18
Taufkirchen	4805	1162	18
Druskininkai	5402	2399	18
Middelkerke	5119	282	18
Mosta	3591	1443	18
Zapolyarnyy	6942	3081	18
Oswego	4346	-7651	18
Le Pré-Saint-Gervais	4889	240	18
Santa María Ajoloapan	1976	-9896	18
Lasarte	4327	-202	18
Mendefera	1489	3882	18
Lucé	4844	146	18
Aprelevka	5555	3708	18
Pāveh	3504	4636	18
Domodossola	4612	829	18
Obock	1197	4329	18
Les Clayes-sous-Bois	4882	199	18
La Baule-Escoublac	4729	-236	18
Dęblin	5156	2185	18
Sa‘īr	3158	3514	18
Ipinda	-948	3390	18
Kortenberg	5089	454	18
Malacky	4844	1702	18
San Pa Tong	1863	9890	18
Linda	3913	-12155	18
Tinton Falls	4030	-7410	18
Alsfeld	5075	927	18
Rawa Mazowiecka	5176	2025	18
Abergele	5328	-358	18
Spennymoor	5470	-160	18
Dāmnagar	2169	7152	18
Kasterlee	5124	497	18
Laguilayan	667	12452	18
Seydi	3948	6291	18
Saýat	3878	6388	18
Tonota	-2144	2746	18
Godfrey	3896	-9019	18
Tunapuna	1065	-6139	18
Izyaslav	5012	2682	18
Markova	5221	10422	18
Portsmouth	4160	-7125	18
Mto wa Mbu	-335	3585	18
Naaldwijk	5199	421	18
Socorro	647	-7326	18
Kedrovka	5552	8610	18
Pout	1477	-1706	18
Doda	3315	7555	18
Dorking	5123	-33	18
Munster	5299	1009	18
Uchiza	-846	-7646	18
Usevia	-710	3123	18
Nakanojōmachi	3659	13884	18
Ramsbottom	5365	-232	18
La Unión	3762	-88	18
Willimantic	4171	-7221	18
Piazza Armerina	3738	1437	18
Don Antonio	1987	-9893	18
Harpālpur	2529	7933	18
Kronberg	5018	852	18
Bar	4209	1910	18
Monteiro	-789	-3712	18
Kalānaur	2883	7640	18
Calverton	3906	-7694	18
Santuario	614	-7526	18
Oxon Hill	3880	-7699	18
Lagoa do Itaenga	-794	-3529	18
Amersham on the Hill	5167	-61	18
Nässjö	5765	1470	18
Sacavém	3879	-911	18
Danao	955	12376	18
Takoma Park	3898	-7701	18
Bangolo	701	-749	18
Wallingford	4146	-7282	18
Sycamore	4199	-8869	18
Makinsk	5263	7042	18
Cocoa	2839	-8074	18
Schmalkalden	5072	1044	18
Centre de Flacq	-2019	5771	18
Zeerust	-2554	2608	18
Kiyawa	1178	961	18
Bolotnoye	5567	8440	18
Mezőkövesd	4782	2058	18
Bắc Kạn	2215	10583	18
Zalţan	3295	1187	18
Volgorechensk	5744	4116	18
Martinsburg	3946	-7796	18
Diepenbeek	5091	542	18
La Concepción	851	-8262	18
Tharu Shah	2694	6812	18
Moram	1779	7647	18
Quisqueya	1856	-6941	18
Akureyri	6568	-1809	18
La Breita	-426	-8089	18
Buriti Bravo	-584	-4383	18
Marco Island	2594	-8172	18
Lessines	5071	384	18
Tiffin	4111	-8318	18
Bruntál	4999	1746	18
Flórina	4078	2141	18
Myślenice	4983	1994	18
Sin-le-Noble	5036	313	18
Dourbali	1181	1587	18
Bastos	-2192	-5073	18
Toul	4868	589	18
Bhitarwār	2579	7811	18
Zimovniki	4715	4247	18
Utebo	4171	-100	18
Rutigliano	4101	1701	18
Albert Lea	4365	-9337	18
Reftinskiy	5709	6168	18
Bad Aibling	4786	1201	18
Bel Air Rivière Sèche	-2026	5775	18
Deba	1021	1139	18
Moreton	5340	-312	18
Pozoblanco	3838	-485	18
Biddulph	5312	-218	18
El Quince	2054	-10328	18
Velp	5199	597	18
Fresno	515	-7504	18
Ariel	3211	3518	18
Baybay	1068	12480	18
Bishopstoke	5097	-133	18
Kongsberg	5967	965	18
Igbor	745	861	18
Barra Velha	-2663	-4868	18
Enem	4493	3891	18
Ribera	3750	1327	18
Güimar	2831	-1641	18
Pennādam	1140	7924	18
Ðông Hà	1682	10710	18
Gangāpur	2522	7426	18
Svobody	4403	4305	18
Horten	5942	1048	18
Wakimachi	3407	13415	18
Kobyłka	5234	2120	18
Sint-Gillis-Waas	5122	412	18
Kreuzlingen	4765	918	18
Jona	4723	884	18
South Hadley	4226	-7257	18
Goražde	4367	1898	18
Halver	5119	750	18
Ferndown	5081	-190	18
Campos Sales	-707	-4038	18
Estreito	-578	-4325	18
Huércal-Overa	3739	-194	18
Hazorasp	4132	6107	18
Ixtapan de la Sal	1884	-9968	18
Pleszew	5190	1779	18
Shaw	3891	-7702	18
Ocean Springs	3041	-8883	18
Bellaria-Igea Marina	4414	1247	18
Piúma	-2084	-4072	18
Templin	5312	1350	18
‘Anjarah	3231	3575	18
Parets del Vallès	4157	223	18
Naushahro Firoz	2684	6812	18
Candelaria	1840	-6621	18
Marseille 16	4336	533	18
Зуунмод	4771	10695	18
Dajal	2956	7038	18
Hinsdale	4180	-8794	18
Ciénaga de Oro	887	-7562	18
Mühldorf	4825	1252	18
Santiago Momoxpan	1907	-9827	18
Ilovays’k	4792	3820	18
New Castle	3993	-8537	18
Barrhead	5580	-439	18
Winthrop	4238	-7098	18
Kundgol	1526	7525	18
San Vito dei Normanni	4066	1771	18
Babana	1043	381	18
Rozdil’na	4684	3008	18
Lindenwold	3982	-7500	18
Egbe	822	552	18
Negotin	4423	2253	18
Covilhã	4028	-751	18
Eilenburg	5146	1263	18
Kafr Kannā	3275	3534	18
Salaspils	5686	2437	18
Muroto-misakicho	3329	13417	18
Zaysan	4747	8487	18
Tapolca	4688	1744	18
Bay City	2898	-9597	18
Schmelz	4943	685	18
Gjøvik	6080	1069	18
Hopkins	4492	-9346	18
Tougan	1307	-307	18
Bargi	2299	7988	18
Aci Castello	3756	1515	18
Squamish	4970	-12316	18
Ad Dasmah	2936	4800	18
Mölnlycke	5766	1212	18
Allendale	4297	-8595	18
Daur	2646	6832	18
Ware	5181	-3	18
Jarwal	2716	8154	18
Villeneuve-le-Roi	4874	240	18
Compostela	2124	-10490	18
Menasha	4420	-8845	18
Una	3146	7627	18
Nichlaul	2731	8373	18
Słubice	5235	1456	18
Chon Daen	1619	10086	18
Százhalombatta	4733	1894	18
Palos Hills	4170	-8782	18
Zeralda	3671	284	18
Salonta	4680	2165	18
Haar	4811	1173	18
Prunedale	3678	-12167	18
Culpeper	3847	-7800	18
Stevenson Ranch	3439	-11857	18
La Paz	1432	-8768	18
Middelharnis	5176	417	18
Beroun	4996	1407	18
Kronberg Tal	5018	850	18
Romano di Lombardia	4552	975	18
Espinosa	-1493	-4282	18
South Houston	2966	-9524	18
Ifanadiana	-2130	4763	18
Heroica Ciudad de Tlaxiaco	1727	-9768	18
Balassagyarmat	4807	1930	18
Raipur	2604	7402	18
Kodoli	1688	7419	18
Itapemirim	-2101	-4083	18
Mari	-706	-3532	18
Ramada	3880	-919	18
Chaves	4174	-747	18
Palo	1116	12499	18
Pūndri	2976	7656	18
Bhadaur	3048	7533	18
Dursunbey	3959	2863	18
Judeida Makr	3293	3516	18
Tājpur	2916	7848	18
Kampung Simpang Renggam	183	10330	18
Quatro Barras	-2537	-4908	18
Bedēsa	890	4078	18
Chervonopartyzans’k	4808	3980	18
Christiana	-2791	2516	18
Caçapava do Sul	-3051	-5348	18
Saint-Jean-de-la-Ruelle	4791	186	18
Kirksville	4019	-9258	18
Hopa	4139	4142	18
Negotino	4188	2088	18
Zielonka	5230	2116	18
Morlaix	4858	-383	18
North Guwāhāti	2620	9172	18
Maltby	5342	-120	18
Tallmadge	4110	-8144	18
North Babylon	4072	-7332	18
Uherský Brod	4903	1765	18
Axochiapan	1850	-9875	18
Jandaia do Sul	-2360	-5164	18
Lat Yao	1575	9979	18
Sigli	538	9596	18
Pirajuí	-2200	-4946	18
Arang	2120	8197	18
Montemurlo	4393	1104	18
Walcourt	5025	444	18
Bykhaw	5352	3025	18
Devgarh	2553	7391	18
Bānapur	1978	8517	17
Aginskoye	5110	11453	17
Mesquite	3681	-11407	17
Bendorf	5042	758	17
Carigara	1130	12468	17
Denizciler	3664	3621	17
Murbād	1925	7339	17
Kholmskiy	4485	3838	17
Baymak	5259	5832	17
Puerto Rico	-2680	-5502	17
Ilām	2691	8793	17
Taşköprü	4151	3421	17
Warminster	5120	-218	17
Boulsa	1267	-57	17
Tupanciretã	-2908	-5384	17
Perundurai	1128	7759	17
Ariccia	4172	1267	17
Progreso de Alvaro Obregon	2025	-9919	17
Gwadabawa	1336	524	17
Kalmthout	5138	448	17
Karukh	3448	6259	17
New Philadelphia	4049	-8145	17
Arbatache	3664	337	17
Radlin	5005	1848	17
Porriño	4216	-862	17
Ciudad de Huitzuco	1830	-9933	17
Nizhnyaya Salda	5808	6072	17
Saint Matthews	3825	-8566	17
Yovon	3831	6904	17
Portogruaro	4578	1284	17
Nanganga	-1038	3915	17
Beli	786	1097	17
Mūndwa	2706	7382	17
Wijk bij Duurstede	5197	534	17
Teignmouth	5055	-350	17
Maitland	2863	-8136	17
Lübbenau	5186	1395	17
Illela	1373	530	17
Walton-on-the-Naze	5185	127	17
Montargis	4800	273	17
Atuntaqui	33	-7821	17
North Aurora	4181	-8833	17
Al ‘Ayzarīyah	3177	3527	17
Same	-407	3773	17
Safety Harbor	2799	-8269	17
Skvyra	4973	2967	17
Valley East	4667	-8100	17
Murcia	1061	12304	17
Yorosso	1236	-478	17
Calangute	1554	7376	17
Andahuaylas	-1366	-7339	17
Sarāi Ākil	2538	8151	17
Renningen	4877	894	17
Parit Raja	187	10311	17
North Canton	4088	-8140	17
Ciriè	4523	760	17
Barreirinhas	-276	-4283	17
Guaranésia	-2130	-4680	17
Soisy-sous-Montmorency	4899	230	17
Tynemouth	5502	-143	17
Bad Tölz	4776	1156	17
Bischheim	4862	775	17
Amet	2531	7393	17
Andalucía	417	-7617	17
Flers	4874	-57	17
Svitavy	4976	1647	17
Nümbrecht	5090	754	17
Pedregal	837	-8244	17
East Hemet	3374	-11694	17
Delcevo	4197	2277	17
Konstantynów Łódzki	5175	1933	17
Ban Phe	1263	10144	17
Inawashiro	3757	14012	17
Saraktash	5179	5636	17
Ban Selaphum	1602	10395	17
Pitt Meadows	4922	-12269	17
Alotenango	1449	-9080	17
Ranst	5119	457	17
Marly-le-Roi	4887	208	17
Oerlinghausen	5195	866	17
Naregal	1557	7581	17
White Oak	3904	-7699	17
Radford	3713	-8058	17
Deux-Montagnes	4553	-7390	17
Fort St. John	5625	-12085	17
Lyepyel’	5488	2870	17
Kuusamo	6597	2918	17
Huilango	1968	-9926	17
Tillmans Corner	3059	-8817	17
Les Coteaux	4528	-7423	17
Pādegān-e Manjīl	3674	4942	17
Cluain Meala	5235	-770	17
Ducos	1458	-6097	17
Maganoy	686	12444	17
Bukit Rambai	226	10218	17
Lattes	4357	390	17
Rāybāg	1649	7477	17
Detroit-Shoreway	4148	-8173	17
Bushey	5164	-36	17
Mirandola	4489	1107	17
Néa Erythraía	3809	2382	17
Chudovo	5912	3168	17
Gelligaer	5166	-326	17
Glória do Goitá	-800	-3529	17
Wamba	215	2799	17
Kralupy nad Vltavou	5024	1431	17
Lebbeke	5100	413	17
Bagdogra	2670	8831	17
Indergarh	2694	7967	17
Boksitogorsk	5947	3385	17
Enkhuizen	5270	529	17
Moosburg	4847	1194	17
Kantyshevo	4323	4463	17
Wittstock	5316	1248	17
El Astillero	4340	-382	17
Nīlokheri	2984	7693	17
Sleaford	5300	-41	17
Yasnyy	5103	5987	17
San Giovanni in Fiore	3925	1670	17
Kommunar	5962	3039	17
Alangāyam	1262	7875	17
Chimbarongo	-3471	-7104	17
Aileu	-873	12557	17
Pombal	3992	-863	17
Ibotirama	-1219	-4322	17
Howli	2642	9098	17
Gavrilov-Yam	5730	3985	17
Barrancas	1096	-7279	17
Anoka	4520	-9339	17
Banūr	3055	7672	17
Bulgan	4881	10353	17
San Bonifacio	4540	1127	17
Porto Calvo	-904	-3540	17
Mehtar Lām	3467	7021	17
Urk	5266	560	17
Al Hilāliyya	1494	3323	17
East Cleveland	4153	-8158	17
Sudbury	4238	-7142	17
Ilongero	-467	3487	17
Bhopalwala	3243	7436	17
Wervik	5078	304	17
Tonj	727	2868	17
Saint-Cyr-sur-Loire	4740	67	17
Phirangipuram	1629	8026	17
Chhoti Sādri	2438	7470	17
Agropoli	4035	1499	17
Haydock	5347	-268	17
Aparecida do Taboado	-2009	-5109	17
Polyarnyy	6920	3345	17
Ejea de los Caballeros	4213	-114	17
Paolo VI	4052	1727	17
Plainville	4167	-7286	17
Meerane	5085	1246	17
Jalālpur	2095	7290	17
Itororó	-1512	-4007	17
Chhala	2331	7277	17
Capim Grosso	-1138	-4001	17
Poptún	1633	-8942	17
Al Jawf	2420	2329	17
Fos-sur-Mer	4344	494	17
Mae Ramat	1698	9852	17
Sanxenxo	4240	-881	17
Castelfranco Emilia	4459	1105	17
Cham	4923	1266	17
Lom Sak	1678	10124	17
Mendes	-2253	-4373	17
Arcueil	4880	233	17
Oberasbach	4942	1096	17
Vilaseca	4206	226	17
La Pineda	4108	119	17
Valenza	4501	864	17
Kafr Qāsim	3211	3498	17
Ada	3477	-9668	17
Middletown	4155	-7129	17
Onex	4618	610	17
Kemer	3660	3056	17
Tres Valles	1824	-9614	17
Haukipudas	6518	2535	17
Akhaltsikhe	4164	4298	17
Adjud	4610	2717	17
Mountsorrel	5272	-115	17
Lewes	5087	1	17
Thorne	5361	-96	17
Tiszaújváros	4793	2108	17
Glassmanor	3882	-7700	17
South Orange	4075	-7426	17
Stabroek	5133	437	17
Paharpur	3211	7097	17
Loikaw	1968	9721	17
Idylwood	3890	-7721	17
Orikhiv	4757	3579	17
Seabrook	3897	-7685	17
Três Passos	-2746	-5393	17
Calceta	-85	-8016	17
Durant	3399	-9637	17
Takhatgarh	2532	7300	17
Lingolsheim	4856	768	17
Préveza	3896	2075	17
Adam	2238	5753	17
Wadern	4954	689	17
Killingly Center	4184	-7187	17
Kings Park	4089	-7326	17
Saint-Augustin-de-Desmaures	4674	-7145	17
Grangemouth	5601	-372	17
Michelstadt	4968	900	17
Fornacelle	4392	1104	17
Londerzeel	5100	430	17
Calne	5144	-201	17
Wörth am Rhein	4905	826	17
Canby	4526	-12269	17
Sardulgarh	2969	7524	17
Bhānpurī	2109	8093	17
Cassano d'Adda	4553	952	17
Vitré	4812	-121	17
Poplar Bluff	3676	-9039	17
San Salvador El Seco	1913	-9764	17
Tui	4205	-864	17
An Muileann gCearr	5352	-734	17
Casa Blanca	1904	-9812	17
Naldurg	1782	7628	17
Suvorovskaya	4419	4266	17
Schlüchtern	5035	953	17
Pollença	3988	302	17
Rahimatpur	1759	7420	17
Mala	-1266	-7663	17
Ellinikó	3789	2374	17
Mūlki	1309	7479	17
Moraga	3783	-12213	17
Srīperumbūdūr	1297	7994	17
Sabak Bernam	377	10099	17
Vitry-le-François	4872	458	17
São Bento	-270	-4482	17
Chirpan	4220	2533	17
Arsk	5609	4988	17
Əhmədbəyli	3988	4839	17
Tak Bai	626	10205	17
Rožnov pod Radhoštěm	4946	1814	17
Bālugaon	2018	8511	17
Ílhavo	4060	-867	17
Torvaianica	4162	1246	17
Santo Anastácio	-2184	-5161	17
Sonsón	571	-7531	17
Kangaba	1193	-842	17
Massapequa Park	4068	-7346	17
Santa Maria	1660	-2291	17
Elbeuf	4929	100	17
Heilbad Heiligenstadt	5138	1014	17
Pindobaçu	-1074	-4036	17
Navalmoral de la Mata	3989	-554	17
Bilthra	2613	8389	17
Eğirdir	3787	3085	17
Ladybrand	-2919	2746	17
Nantwich	5307	-252	17
Tekkeköy	4121	3646	17
Karlivka	4946	3513	17
Kuna	4349	-11642	17
Askøy	6040	518	17
Lavras da Mangabeira	-675	-3896	17
Gribanovskiy	5146	4198	17
Regente Feijó	-2222	-5130	17
Foley	3041	-8768	17
Ballito	-2954	3121	17
Khānāpur	1564	7451	17
Promyshlennaya	5492	8564	17
Palmarito Tochapan	1890	-9764	17
Parede	3869	-935	17
Kibara	-215	3345	17
Aghsu	4057	4840	17
Ruskin	2772	-8243	17
Ostrov	5031	1294	17
Jamay	2029	-10271	17
Hermiston	4584	-11929	17
Sitangkai	466	11940	17
Encruzilhada do Sul	-3054	-5252	17
Nederland	2997	-9399	17
Kayar	1492	-1712	17
Wolfratshausen	4791	1142	17
Penalva	-329	-4517	17
Lospalos	-852	12700	17
Greenfield	3632	-12124	17
Blomberg	5194	909	17
Akonolinga	377	1225	17
Ngerengere	-675	3812	17
Khetri	2800	7579	17
Korsholm	6311	2168	17
Ashwaubenon	4448	-8807	17
Eirunepé	-666	-6987	17
Santa Quitéria do Maranhão	-352	-4255	17
Kolāras	2522	7761	17
Viradouro	-2087	-4830	17
Tena	-99	-7781	17
Falköping	5817	1355	17
Serinhisar	3758	2927	17
Kamwenge	19	3045	17
Radzionków	5040	1890	17
Mendarda	2132	7044	17
Luduş	4648	2410	17
Ermitagaña	4281	-166	17
Wath upon Dearne	5350	-135	17
Romsey	5099	-150	17
Iperó	-2335	-4769	17
Berga	4210	185	17
Playa del Ingles	2776	-1558	17
Międzyrzec Podlaski	5199	2278	17
Live Oak	3698	-12198	17
Tradate	4571	891	17
Cirencester	5172	-197	17
Banepā	2763	8552	17
Ribnitz-Damgarten	5424	1246	17
Sake	-157	2904	17
Kondrovo	5481	3593	17
Castilleja de la Cuesta	3739	-605	17
Itabaianinha	-1127	-3779	17
Taleigao	1547	7383	17
Balāţah	3221	3529	17
Veracruz	889	-7963	17
Mahayag	812	12345	17
Bristol	3660	-8219	17
Pallasovka	5005	4688	17
Novoul’yanovsk	5415	4839	17
Zossen	5222	1345	17
Terzigno	4080	1449	17
Steenwijk	5279	612	17
Tabou	442	-735	17
Okolona	3814	-8569	17
Selb	5017	1213	17
Mboursou Léré	976	1415	17
Bayside	4084	-12406	17
Kepala Batas	552	10043	17
Haaltert	5091	400	17
Dutse	1176	934	17
San Salvador Atenco	1955	-9892	17
Tirebolu	4101	3881	17
Wyckoff	4101	-7417	17
Uttarkāshi	3073	7844	17
San Salvo	4204	1473	17
Gualaceo	-289	-7878	17
Phu Khiao	1638	10213	17
Bloemhof	-2765	2561	17
Woodmere	4063	-7371	17
Wenjī	845	3928	17
Guadalupe Victoria	3229	-11511	17
Gescher	5195	700	17
Naarden	5230	516	17
Rājgarh	2268	7494	17
Chã Grande	-824	-3546	17
Ipueiras	-703	-4045	17
Bauang	1653	12033	17
Moirāng	2450	9378	17
Albenga	4405	822	17
Pidhorodne	4858	3511	17
Nirmāli	2631	8659	17
Busko-Zdrój	5047	2072	17
Huntington	4088	-8550	17
Imperial	3285	-11557	17
Laukaa	6241	2595	17
Puma	-500	3473	17
Blantyre	5580	-409	17
Albolote	3723	-366	17
Conception Bay South	4750	-5300	17
Horodok	4916	2658	17
Santa Cruz de la Palma	2868	-1776	17
Pokachi	6172	7537	17
Sevan	4055	4494	17
Bhānpura	2451	7575	17
Amroli	2125	7284	17
Yuza	3902	13993	17
Chalāla	2141	7117	17
Wayne	4228	-8339	17
Banaz	3874	2975	17
Ardea	4161	1254	17
Condeixa-a-Nova	4011	-850	17
White Settlement	3276	-9746	17
Shurugwi	-1967	3001	17
Horasan	4004	4216	17
Mombaça	-574	-3963	17
Eloy	3276	-11155	17
Madambakkam	1285	8005	17
São Jerônimo	-2996	-5172	17
Trentola-Ducenta	4098	1417	17
Beckley	3778	-8119	17
Visé	5074	570	17
Mahiari	2259	8824	17
Plast	5437	6081	17
Naraina	2679	7521	17
Mentana	4204	1264	17
Alfragide	3873	-922	17
Phuntsholing	2685	8939	17
Gossau	4742	925	17
Monzón	4191	19	17
Mahébourg	-2041	5770	17
Tandahimba	-1075	3963	17
Broad Ripple	3987	-8614	17
Kiruna	6786	2023	17
El Segundo	3392	-11842	17
Solânea	-675	-3554	17
Nerviano	4555	898	17
Capalaba	-2754	15320	17
Hochheim am Main	5001	835	17
Adampur	3143	7571	17
Aurād	1825	7742	17
Den Chai	1798	10005	17
Chisec	1581	-9029	17
Río Blanco	1293	-8522	17
Saint-Lazare	4540	-7413	17
Heysham	5404	-289	17
Holden	4235	-7186	17
Nawābganj	2686	8214	17
Villaquilambre	4265	-556	17
Maghar	2676	8313	17
São Pedro da Cova	4114	-850	17
Avenel	4058	-7429	17
Beshkent	3882	6565	17
Ryl’sk	5157	3468	17
East Setauket	4094	-7311	17
Strzegom	5096	1635	17
Jatāra	2501	7905	17
San Fernando de Monte Cristi	1985	-7165	17
Vila Real	4130	-774	17
Nong Kung Si	1665	10330	17
Parvomay	4210	2522	17
Kalodzishchy	5394	2778	17
Vanier	4544	-7566	17
Duayaw-Nkwanta	717	-210	17
Bechem	709	-202	17
Mundgod	1497	7504	17
Nīkshahr	2623	6021	17
Banlung	1374	10699	17
Sadabe	-1863	4770	17
Ambohitrolomahitsy	-1870	4768	17
Amboanjo	-2200	4785	17
Kudepsta	4350	3989	17
Nevel’sk	4668	14186	17
Scarborough	1118	-6074	17
Muheza	-517	3878	17
Zvečan	4291	2084	17
Pamiers	4312	161	17
Kaset Sombun	1628	10195	17
Goodlettsville	3632	-8671	17
Montereau-Fault-Yonne	4838	295	17
San Diego	990	-8400	17
Mercedes	1411	12301	17
Ihosy	-2240	4613	17
Hilvan	3759	3896	17
Fayetteville	3345	-8445	17
Stekene	5121	404	17
Westbury	5126	-219	17
Ermenek	3664	3289	17
Colchester	4454	-7315	17
Eutin	5414	1061	17
Altoona	4164	-9346	17
Sacramento	-1987	-4744	17
Piñas	-368	-7968	17
Terrell	3274	-9628	17
Ubrique	3668	-545	17
Guisborough	5453	-106	17
Catumbela	-1243	1355	17
Coronda	-3197	-6092	17
Barroso	-2119	-4398	17
Bedlington	5513	-159	17
Saint-Joseph	1467	-6104	17
Dunaharaszti	4735	1910	17
Vasind	1941	7326	17
Palau	2789	-10142	17
Denderleeuw	5089	408	17
Tulle	4527	177	17
Bārah	1370	3037	17
L'Isle-sur-la-Sorgue	4392	505	17
San Antonio Oeste	-4073	-6495	17
Sestri Levante	4427	940	17
Este	4522	1166	17
Бережани	4945	2493	17
Dukku	1082	1077	17
Bhan	2656	6772	17
Artesia	3387	-11808	17
Torremaggiore	4169	1529	17
South Ogden	4119	-11197	17
Tzaneen	-2383	3016	17
Kushk	3330	6195	17
Bogo	1073	1461	17
Isfana	3984	6953	17
Octeville	4963	-164	17
Narwar	2564	7791	17
Bealanana	-1454	4875	17
Qŭshkŭpir	4153	6035	17
Bhindār	2450	7419	17
Isernia	4160	1423	17
Kavalerovo	4427	13505	17
Mula	3804	-149	17
Frinton-on-Sea	5183	124	17
Medvedovskaya	4545	3902	17
Tuen Mun	2239	11397	17
Manjhanpur	2553	8138	17
Bato	1335	12337	17
Vişeu de Sus	4772	2443	17
La Sierpe	2177	-7927	17
Bermeo	4342	-272	17
Puerto Aysén	-4540	-7269	17
Depālpur	2285	7554	17
Palmela	3857	-890	17
Tezoyuca	1959	-9891	17
Novouzensk	5046	4814	17
Sint-Oedenrode	5157	546	17
Mach	2986	6733	17
Buulobarde	385	4557	17
Muttenz	4752	765	17
Kyzyl-Suu	4234	7801	17
Tabira	-759	-3754	17
Alnāvar	1543	7474	17
Barbastro	4204	13	17
La Vista	4118	-9603	17
Carmelo	-3400	-5828	17
Tassin-la-Demi-Lune	4575	479	17
Bundibugyo	71	3006	17
Pijijiapan	1569	-9321	17
Gemerek	3918	3607	17
Malampaka	-313	3353	17
Ntungamo	-88	2965	17
Trzcianka	5304	1646	17
Riachão do Jacuípe	-1181	-3939	17
Zaghouan	3640	1014	17
Bad Reichenhall	4773	1288	17
Zarumilla	-350	-8027	17
Hanover	4211	-7081	17
Tanakpur	2907	8011	17
Piossasco	4499	746	17
Lugoba	-645	3833	17
Letterkenny	5495	-773	17
Tanque Verde	3225	-11074	17
San Miniato	4368	1085	17
Hînceşti	4683	2859	17
Qalansuwa	3228	3498	17
Glenvar Heights	2571	-8033	17
Pridonskoy	5168	3907	17
Krasnoobsk	5492	8299	17
Torrox	3676	-395	17
Ngara	-251	3066	17
Xo‘jaobod	4067	7256	17
Silva Jardim	-2265	-4239	17
Hashtrūd	3748	4705	17
Hayling Island	5078	-97	17
Jāwad	2460	7486	17
Caldes de Montbui	4163	217	17
Pendleton	4567	-11879	17
Dorchester	5072	-243	17
Sidrolândia	-2093	-5496	17
Kutiyāna	2162	6998	17
Centerville	4092	-11187	17
Cartagena	-3355	-7161	17
San Jorge	-3190	-6186	17
Bonny	445	717	17
Zandvoort	5237	453	17
Fafe	4145	-817	17
Brzesko	4997	2061	17
Cariamanga	-433	-7956	17
Ra-ngae	630	10173	17
Dour	5040	378	17
Sant Celoni	4169	249	17
Gilching	4811	1129	17
Amarpātan	2431	8098	17
Menzelinsk	5573	5310	17
Wels	4817	1403	17
Marche-en-Famenne	5023	534	17
Sibanicú	2124	-7753	17
Jūnāgarh	1986	8293	17
La Libertad	1349	-8932	17
Bad Arolsen	5138	901	17
Destelbergen	5106	380	17
Janeng	-2542	2555	17
Sayville	4074	-7308	17
Frankenberg	5091	1304	17
Bayındır	3822	2765	17
Clarksdale	3420	-9057	17
Eltville	5003	812	17
Stockach	4785	901	17
Matamey	1342	847	17
Villa Nueva	-3243	-6325	17
Challapalle	1612	8093	17
Bang Rakam	1676	10012	17
Papanasam	1093	7927	17
Sabana Grande de Boyá	1894	-6979	17
Konārka	1990	8611	17
La Magdalena Tlaltelulco	1928	-9820	17
Northallerton	5434	-143	17
Bua Yai	1559	10243	17
Boden	6583	2169	17
Mahudha	2282	7294	17
Fairview Heights	3859	-8999	17
Norwalk	4124	-8262	17
Tiwi	1346	12368	17
Tuchkovo	5560	3647	17
Sawang Daen Din	1748	10346	17
Bouguenais	4718	-162	17
San Carlos Park	2647	-8180	17
Mwandiga	-483	2966	17
Salinas de Hidalgo	2263	-10171	17
Obrenovac	4465	2020	17
Lede	5097	399	17
San Ignacio	1716	-8907	17
Saoula	3670	302	17
Yecapixtla	1888	-9886	17
Concord	4246	-7135	17
Wil	4746	905	17
Longfield	5140	30	17
Danilov	5819	4017	17
Springfield	3651	-8689	17
Nykøbing Falster	5477	1187	17
Villanueva de la Cañada	4045	-400	17
New Milford	4094	-7402	17
Saint Andrews	5634	-280	17
Bet She’an	3250	3550	17
Savigliano	4465	766	17
Vasil’yevo	5583	4872	17
Nyon	4638	624	17
North Attleborough Center	4197	-7132	17
Iracemápolis	-2258	-4752	17
Kukmor	5619	5089	17
Country Club Hills	4157	-8772	17
Ma'rib	1546	4533	17
Jędrzejów	5064	2030	17
Verneuil-sur-Seine	4897	196	17
Verrières-le-Buisson	4875	227	17
Lemont	4167	-8800	17
Sartell	4562	-9421	17
Goth Radhan	2720	6795	17
Bo Phloi	1433	9951	17
Campo Alegre	-978	-3635	17
Kristiansund	6311	773	17
Schneeberg	5059	1264	17
Diepholz	5261	837	17
Aragarças	-1590	-5225	17
Dyersburg	3603	-8939	17
Mikumi	-740	3698	17
Balaguer	4179	81	17
Sivagiri	1112	7779	17
Achkhoy-Martan	4319	4528	17
Arari	-345	-4478	17
Defiance	4128	-8436	17
Akkol’	5330	6960	17
Beltsville	3903	-7691	17
Fót	4762	1919	17
Urziceni	4472	2663	17
Gourcy	1321	-236	17
Seabra	-1242	-4177	17
Amaliáda	3780	2135	17
Plavsk	5371	3729	17
Itaocara	-2167	-4208	17
Sainte-Catherine	4540	-7358	17
Tsaratanana	-1680	4765	17
Nāgamangala	1282	7675	17
Floreşti	4789	2829	17
Santa Maria	655	12547	17
Apodi	-566	-3780	17
Ginir	714	4071	17
Heidenau	5097	1387	17
Adelfia	4100	1687	17
Essen	5147	447	17
Honnāli	1424	7565	17
Āmta	2258	8801	17
Serinyol	3636	3621	17
Centralia	4672	-12295	17
Pontivy	4807	-296	17
Marumori	3792	14077	17
Chalmette	2994	-8997	17
Kadod	2122	7322	17
La Providencia Siglo XXI	2006	-9872	17
Shorewood	4152	-8820	17
Chimichagua	926	-7381	17
Baia Sprie	4766	2369	17
Ferndale	3918	-7664	17
Mount Vernon	4039	-8249	17
Le Vésinet	4889	213	17
Rochford	5158	71	17
High Blantyre	5578	-410	17
Piracanjuba	-1730	-4902	17
Rakvere	5935	2636	17
Ts’q’alt’ubo	4233	4260	17
Harsūd	2210	7673	17
Belonia	2325	9145	17
Korgan	4082	3735	17
Santo Antônio do Amparo	-2095	-4492	17
Westchester	4185	-8788	17
Bluffton	3224	-8086	17
Beri Khās	2870	7658	17
Chelak	3992	6686	17
Boguszów-Gorce	5076	1620	17
Sallanches	4594	663	17
Koāth	2533	8426	17
Laoang	1257	12501	17
Tifton	3145	-8351	17
Cobham	5133	-41	17
Bytów	5417	1749	17
Auburn	4219	-7184	17
Deshnoke	2780	7334	17
Gryfice	5392	1520	17
Przasnysz	5302	2088	17
Neustadt bei Coburg	5033	1112	17
Mungaa	-497	3488	17
Nipomo	3504	-12048	17
Media Luna	2014	-7744	17
Laurel	3764	-7751	17
Kānke	2343	8532	17
Abreus	2228	-8057	17
Cabeceiras de Basto	4151	-799	17
Barbosa	644	-7533	17
Melegnano	4536	932	17
Montivilliers	4955	19	17
Lakinsk	5602	3995	17
Nowogard	5367	1512	17
San Felipe	3102	-11484	17
Taylor	3057	-9741	17
Ozumba de Alzate	1904	-9880	17
Pacho	513	-7416	17
North Decatur	3379	-8431	17
Vobkent Shahri	4000	6450	17
Vilshofen	4863	1319	17
Brixham	5039	-352	17
Morganton	3575	-8168	17
Santa Rosa Treinta	1870	-9918	17
Arcore	4563	932	17
Danville	3765	-8477	17
Hirekerūr	1446	7540	17
Az Zuwāydah	3144	3438	17
Buckingham	4559	-7542	17
Deoli	2065	7848	17
Itapecerica	-2047	-4513	17
Domont	4903	233	17
Los Reyes de Juárez	1895	-9780	17
Bobingen	4827	1083	17
Puerto López	410	-7296	17
Illéla	1446	524	17
Orta Nova	4133	1571	17
Poronaysk	4922	14310	17
Phaphūnd	2660	7946	17
Itapissuma	-778	-3489	17
Sillamäe	5940	2776	17
Nabunturan	761	12597	17
Babrāla	2826	7841	17
Barrington	4174	-7131	17
Ilanskiy	5623	9607	17
Ushibukamachi	3220	13002	17
Āthagarh	2052	8563	17
Washington	4070	-8941	17
Kumla	5913	1514	17
Amaraji	-838	-3545	17
Losheim	4951	675	17
Phoenixville	4013	-7551	17
Carandaí	-2095	-4381	17
Mercedes	2615	-9791	17
Boda	432	1747	17
Česká Třebová	4990	1644	17
Center Point	3365	-8668	17
Camoapa	1238	-8551	17
Malīhābād	2692	8071	17
Péruwelz	5051	359	17
Llaillay	-3284	-7096	17
Scordia	3730	1484	17
Lemay	3853	-9028	17
Edmundston	4737	-6833	17
Jeremoabo	-1007	-3848	17
Jhūsi	2544	8191	17
Gennep	5170	597	17
Ürgüp	3863	3491	17
Wassenberg	5110	615	17
Bar	4908	2768	17
Wolcott	4160	-7299	17
Encantado	-2924	-5187	17
Suchiapa	1663	-9310	17
Reitz	-2780	2843	17
Viçosa do Ceará	-356	-4109	17
Blanquefort	4491	-64	17
Tagta	4165	5992	17
Norcross	3394	-8421	17
Río Ceballos	-3116	-6432	17
Troutdale	4554	-12239	17
Maardu	5947	2498	17
Gubin	5195	1473	17
Oak Grove	4542	-12264	17
Anáhuac	2724	-10013	17
North Valley Stream	4069	-7370	17
Sacile	4595	1250	17
Whickham	5495	-168	17
Colle di Val d'Elsa	4342	1113	17
Yajalón	1717	-9233	17
Mittweida	5099	1298	17
Bode Saadu	894	478	17
Roxas	1712	12162	17
Amadeo	1417	12092	17
Balezino	5798	5301	17
Monte Santo de Minas	-2119	-4698	17
Easton	3877	-7608	17
Thap Than	1546	9989	17
Rio Verde de Mato Grosso	-1892	-5484	17
Rijau	1110	526	17
Złotoryja	5113	1592	17
Easthampton	4227	-7267	17
Osimo	4349	1348	17
Bothell West	4781	-12224	17
Al Baţţālīyah	2543	4963	17
Gummidipundi	1341	8011	17
Shirhatti	1523	7558	17
Venezuela	2174	-7879	17
Nauen	5261	1287	17
Yanqul	2359	5654	17
Alpignano	4509	752	17
Kashin	5736	3761	17
Tahlequah	3592	-9497	17
Yujing	2312	12046	17
Sudak	4485	3497	17
Hazel Park	4246	-8310	17
Cardedeu	4164	236	17
Ario de Rosales	1921	-10171	17
San Juan Bautista	-2667	-5715	17
Sigmaringen	4809	923	17
Magsaysay	677	12518	17
Douglas	3134	-10955	17
Opelousas	3053	-9208	17
Douarnenez	4810	-433	17
Dabas	4719	1931	17
Rypin	5307	1941	17
Bang Ban	1437	10049	17
Elmalı	3674	2992	17
Huai Yot	779	9963	17
Alton	5115	-97	17
Gebre Guracha	980	3840	17
Grafton	4221	-7169	17
Sandalfoot Cove	2634	-8019	17
Corinto	317	-7626	17
Bergschenhoek	5199	450	17
Brenham	3017	-9640	17
Teonthar	2498	8164	17
Babenhausen	4997	895	17
Tessenderlo	5107	509	17
Porto Empedocle	3729	1352	17
Großenhain	5129	1353	17
Bellinzona	4619	902	17
Pelileo	-133	-7854	17
Cacahoatán	1499	-9216	17
Popovo	4335	2623	17
Ippy	627	2122	17
Roseau	1530	-6139	17
Suzzara	4499	1074	17
San Felice A Cancello	4102	1449	17
Severo-Zadonsk	5403	3840	17
Mocajuba	-258	-4951	17
Hille	5233	875	17
Tanauan	1111	12502	17
Opa-locka	2590	-8025	17
Beaver Dam	4346	-8884	17
Coalinga	3614	-12036	17
Stockelsdorf	5389	1065	17
Nochistlán de Mejía	2136	-10285	17
Seymour	4140	-7308	17
Bokajān	2602	9378	17
Noāmundi	2216	8550	17
Kysucké Nové Mesto	4930	1878	17
Sālūmbar	2414	7404	17
Kumagunnam	1315	1063	17
Bānki	2038	8553	17
Palera	2502	7923	17
Savanna-la-Mar	1822	-7813	17
L'Eliana	3957	-53	17
Biggleswade	5209	-26	17
Panórama	4059	2303	17
Medvezh’yegorsk	6292	3446	17
Laja	-3728	-7271	17
Bad Säckingen	4755	795	17
Guane	2220	-8408	17
’Aïn el Berd	3536	-51	17
Konstancin-Jeziorna	5209	2112	17
Bareggio	4548	900	17
Osny	4907	206	17
Herve	5064	579	17
Tapiramutá	-1185	-4079	17
Hohenstein-Ernstthal	5080	1271	17
Bovisio-Masciago	4561	915	17
Pelhřimov	4943	1522	17
Lidzbark Warmiński	5413	2058	17
Tàrrega	4165	114	17
Resen	4109	2101	17
Cabayangan	741	12573	17
Roseto degli Abruzzi	4267	1401	17
Jenison	4291	-8579	17
Cohoes	4277	-7370	17
Saluzzo	4465	749	17
Ceglie Messapica	4065	1752	17
Le Pecq	4889	210	17
Segbwema	799	-1095	17
Adiaké	529	-330	17
Tarauacá	-816	-7077	17
Swansea	4175	-7119	17
Hidalgo	2597	-10045	17
Do’stlik Shahri	4053	6803	17
Herzele	5089	389	17
Guérande	4733	-243	17
Donna	2617	-9805	17
Illertissen	4822	1010	17
Mucur	3906	3438	17
Vienna	3890	-7727	17
Pinewood	2587	-8022	17
Tupi	633	12495	17
L'Ancienne-Lorette	4679	-7135	17
Senador Pompeu	-559	-3937	17
Tonoshō	3448	13417	17
Lansdale	4024	-7528	17
La Solana	3894	-324	17
Blanchardstown	5339	-638	17
San Francisco Tlalcilalcalpan	1929	-9977	17
Vostryakovo	5540	3781	17
Kivertsi	5083	2546	17
Nyamuswa	-190	3402	17
Svalyava	4855	2300	17
Ciudad Guadalupe Victoria	2444	-10412	17
Tolentino	4321	1329	17
Cowley	5173	-121	17
Harringay	5158	-10	17
Chinde	-1858	3646	17
Garui	2263	8840	16
Bohuslav	4955	3087	16
Floirac	4483	-53	16
Ōtsuchi	3937	14190	16
Patzicía	1463	-9093	16
Eibergen	5210	665	16
Seka	1793	10396	16
Turgutreis	3702	2727	16
Sevierville	3587	-8356	16
Saint Peter Port	4946	-254	16
Chickasha	3505	-9794	16
Kingsland	3080	-8169	16
Cuilapa	1428	-9030	16
Khātra	2298	8685	16
Borongan	1161	12543	16
Mulanje	-1603	3550	16
Uthal	2581	6662	16
São Félix do Xingu	-664	-5199	16
Gunzenhausen	4912	1076	16
Albignasego	4535	1187	16
Uvalde	2921	-9979	16
Rakovník	5010	1373	16
Garhshankar	3122	7614	16
El Crucero	1199	-8631	16
Hillcrest Heights	3883	-7696	16
Tondi	974	7902	16
Hilchenbach	5100	811	16
Las Cabezas de San Juan	3698	-594	16
Varjota	-419	-4048	16
Stuart	2720	-8025	16
La Esperanza	1487	-9156	16
Hondarribia	4337	-180	16
Tasbuget	4477	6555	16
Fairhaven	4164	-7090	16
Avon	3976	-8640	16
La Maná	-94	-7923	16
Zachary	3065	-9116	16
Lymington	5076	-154	16
Kochenëvo	5502	8220	16
Red Wing	4456	-9253	16
Água Preta	-871	-3553	16
Hofgeismar	5150	938	16
San Antonio Acahualco	1927	-9977	16
Lapai	904	657	16
Mbuguni	-357	3695	16
Hulyaypole	4766	3626	16
Proletar	4017	6950	16
Santa Lucía	-3445	-5639	16
Sikeston	3688	-8959	16
Jasaan	865	12476	16
Greenville	501	-904	16
Camaná	-1662	-7271	16
Łapy	5299	2288	16
Gargždai	5571	2139	16
Erba	4581	923	16
Bethpage	4074	-7348	16
Bilohirsk	4505	3460	16
Erenhot	4365	11198	16
Neratovice	5026	1452	16
Ipubi	-765	-4015	16
Zafra	3843	-642	16
Orleans	-2836	-4929	16
Concord	3852	-9036	16
Kilwinning	5565	-471	16
Andes	566	-7588	16
Königslutter am Elm	5225	1082	16
Louth	5337	0	16
Flowing Wells	3229	-11101	16
Nainwa	2577	7585	16
Saint Pierre	-2022	5752	16
Olten	4735	790	16
Bichena	1045	3820	16
Khilchipur	2404	7658	16
Bharwāri	2556	8149	16
Bad Salzungen	5081	1024	16
Burutu	535	551	16
Piraí do Sul	-2453	-4995	16
Águas Vermelhas	-1575	-4146	16
Kātpādi	1297	7915	16
Medvedevo	5663	4780	16
Bridgeview	4175	-8780	16
Fairview Park	4144	-8186	16
Alagoa Grande	-716	-3563	16
Ilinden	4199	2158	16
Laguna Woods	3361	-11773	16
Yemva	6259	5086	16
Anacortes	4851	-12261	16
Tuntum	-526	-4465	16
Bhainsdehi	2164	7763	16
Jalajala	1435	12132	16
Mount Clemens	4260	-8288	16
Cañon City	3844	-10524	16
Saint Michael	4521	-9366	16
South River	4045	-7439	16
Dajabón	1955	-7171	16
Ovruch	5132	2880	16
Fort Thomas	3908	-8445	16
Madipakkam	1296	8020	16
Tlaltenango de Sánchez Román	2178	-10330	16
Seeheim-Jugenheim	4977	865	16
Zvenigorod	5573	3686	16
Kampung Tanjung Karang	342	10118	16
Collipulli	-3795	-7243	16
Alcañiz	4105	-13	16
Talwandi Bhai	3086	7493	16
Kumbhrāj	2437	7705	16
Johnstone	5583	-452	16
Gokavaram	1726	8185	16
Sunset	2571	-8035	16
Talne	4889	3069	16
Padampur	2100	8306	16
Prospect Heights	4210	-8794	16
Loxstedt	5347	865	16
Kirchhain	5083	893	16
Kežmarok	4914	2043	16
Sabaneta	1948	-7134	16
Griffith	4153	-8742	16
Parelhas	-669	-3666	16
Caronno Pertusella	4560	905	16
Estelle	2985	-9011	16
Namysłów	5108	1772	16
Feira	4093	-854	16
Butiama	-177	3397	16
Kishapu	-362	3387	16
Schofield Barracks	2150	-15807	16
Hückeswagen	5115	734	16
Las Gabias	3714	-367	16
Bon Air	3752	-7756	16
Cochrane	5118	-11447	16
Saint-Cyr-l'École	4880	207	16
Galanta	4819	1773	16
Carterton	5176	-159	16
Ripon	5414	-153	16
Matsushima	3837	14106	16
Curundú	897	-7955	16
Kaleke Mandi	3198	7360	16
Bonnyrigg	5587	-311	16
Oconomowoc	4311	-8850	16
Taree	-3191	15245	16
Ryōtsu-minato	3808	13844	16
Hough	4151	-8164	16
Vero Beach	2764	-8040	16
Ghedi	4540	1028	16
Khada	2718	8388	16
Bocşa	4537	2171	16
Großostheim	4992	908	16
Aabenraa	5504	942	16
Sultanpur	3121	7520	16
Nyangao	-1033	3928	16
Abony	4719	2000	16
Kirchlengern	5220	863	16
Jasidih	2451	8665	16
Lice	3846	4064	16
Federal	-3095	-5878	16
Kupino	5437	7730	16
Carmo do Cajuru	-2018	-4477	16
Arroio do Meio	-2940	-5195	16
Butha-Buthe	-2877	2825	16
Guardamar del Segura	3809	-66	16
Orós	-624	-3891	16
Jičín	5044	1535	16
Sunnyside	4632	-12001	16
Lebanon	4454	-12291	16
Hünfeld	5068	977	16
Laxou	4868	615	16
Bayshore Gardens	2743	-8259	16
Jiwani	2505	6175	16
Weilerswist	5075	685	16
Gobabis	-2245	1897	16
Ząbkowice Śląskie	5059	1681	16
Belpasso	3759	1498	16
Tamuín	2201	-9878	16
Hohenems	4737	968	16
Pantai Remis	446	10063	16
Fontenay-le-Comte	4647	-81	16
Tingi	-1130	3503	16
Panguipulli	-3964	-7233	16
Loboc	964	12403	16
Streetsboro	4124	-8135	16
Lutes Mountain	4614	-6491	16
Sancoale	1538	7390	16
Johi	2669	6761	16
Calhoun	3450	-8495	16
Monte Aprazível	-2077	-4971	16
Acatlán de Osorio	1820	-9805	16
Morton	4061	-8946	16
Lędziny	5014	1913	16
Menomonie	4488	-9192	16
Gwarzo	1192	793	16
Hartley	5139	30	16
Tai Po	2245	11417	16
Chhor	2551	6978	16
Maubara	-861	12521	16
Ochakiv	4661	3155	16
Nārnaund	2922	7614	16
Wang Nam Yen	1350	10218	16
Truckee	3933	-12018	16
Fremont	4135	-8312	16
Al Munayzilah	2538	4967	16
Lázaro Cárdenas	3053	-11593	16
Buckhall	3873	-7743	16
Stockerau	4838	1622	16
Gainesville	3363	-9713	16
Kloten	4745	858	16
Aïn Beni Mathar	3401	-203	16
Remagen	5058	723	16
Augusto Corrêa	-102	-4663	16
Manzanares	525	-7515	16
Fiorano	4454	1081	16
Aberdeen	4698	-12382	16
Puerto Santander	836	-7241	16
Baychester	4087	-7384	16
San Martín	370	-7370	16
Gāndarbal	3423	7477	16
General Villegas	-3503	-6301	16
Straßgang	4703	1540	16
Chennimalai	1116	7760	16
Brvenica	4197	2098	16
Hopatcong Hills	4094	-7467	16
Bahula	2365	8716	16
Mangla	3189	7238	16
Pully	4651	666	16
Dhulikhel	2762	8554	16
Waterville	4455	-6963	16
Oroville	3951	-12156	16
Moissy-Cramayel	4863	260	16
Roosevelt	4068	-7359	16
Benešov	4978	1469	16
Bilgi	1635	7562	16
Rokiškis	5596	2559	16
Muzambinho	-2138	-4653	16
Baeza	3799	-347	16
Ermua	4319	-250	16
São Joaquim	-2829	-4993	16
Ampliación San Mateo (Colonia Solidaridad)	1962	-9915	16
Penonomé	852	-8036	16
San Pedro de Lloc	-743	-7950	16
Ustka	5458	1686	16
Baiersbronn	4850	838	16
Kulgam	3364	7502	16
Gernika-Lumo	4332	-268	16
Buritis	-1562	-4642	16
Saran	4795	188	16
Gandevi	2081	7300	16
Uliastay	4774	9684	16
Teopisca	1654	-9247	16
Teolocholco	1924	-9819	16
Spárti	3707	2243	16
Viveiro	4366	-759	16
Badvel	1475	7906	16
Montijo	3891	-662	16
Minturno	4126	1375	16
Cehegín	3809	-180	16
San Mateo	1688	12159	16
Kitama	-1072	3973	16
Seseña	4010	-370	16
Mennzel Bou Zelfa	3668	1058	16
Piritiba	-1173	-4056	16
Rijen	5159	492	16
Carolina	-734	-4746	16
Palagonia	3733	1474	16
Laconia	4353	-7147	16
Uusikaupunki	6080	2141	16
Bry-sur-Marne	4884	252	16
Ciudad Bolívar	585	-7603	16
Mākum	2749	9544	16
Cesson-Sévigné	4812	-160	16
Koulamoutou	-114	1246	16
Kamalganj	2726	7963	16
Orestiáda	4150	2653	16
Wendelstein	4935	1115	16
Vechelde	5226	1036	16
Leopoldshöhe	5201	870	16
Bhawana	3157	7265	16
Bellmore	4067	-7353	16
Stara Pazova	4498	2016	16
Arhavi	4135	4130	16
Paranapanema	-2339	-4872	16
Boppard	5023	759	16
Surkhakhi	4319	4490	16
Magdalena	2091	-10398	16
Halstenbek	5363	985	16
Sainte-Catherine	4632	-7257	16
Glinde	5354	1020	16
Mungia	4335	-285	16
Beerse	5132	485	16
Pantelimon	4445	2620	16
Hibbing	4743	-9294	16
Sudley	3879	-7750	16
Azor	3202	3481	16
Chunskiy	5608	9963	16
Dublin	3254	-8290	16
Izamal	2094	-8902	16
Bassum	5285	873	16
Kamyzyak	4611	4807	16
Cattolica	4396	1274	16
Vimodrone	4551	929	16
Bayt Jālā	3172	3519	16
Stadt Winterthur (Kreis 1)	4749	872	16
Le Pontet	4396	486	16
Coos Bay	4337	-12422	16
Thenia	3673	356	16
Macatuba	-2250	-4871	16
San Miguel De Abona	2810	-1662	16
Aurora	1335	12252	16
Kyabé	945	1894	16
Neustadt in Holstein	5411	1081	16
Mahgawān	2649	7862	16
Bābai	2270	7793	16
Riversdale	-3409	2126	16
Banbridge	5435	-628	16
Pushkar	2649	7455	16
Huarmey	-1007	-7815	16
Neuenhagen	5253	1369	16
Chepstow	5164	-268	16
Krasnogvardeyskoye	4585	4152	16
Pujilí	-96	-7870	16
Baihar	2210	8055	16
Medina	2115	-10162	16
Shahr Sultan	2958	7102	16
Bāndīkūi	2705	7657	16
Montbrison	4561	407	16
Al Yāmūn	3249	3523	16
Faches-Thumesnil	5058	307	16
Hope Mills	3497	-7895	16
Shilovo	5432	4087	16
Katy	2979	-9582	16
Brunswick	3115	-8149	16
Somerset East	-3272	2559	16
Bačka Topola	4582	1963	16
Kosovo Polje	4266	2110	16
Conceição das Alagoas	-1991	-4839	16
Antonina	-2543	-4871	16
San Francisco	1370	-8810	16
Clarksburg	3928	-8034	16
Ginosa	4058	1676	16
Jollyville	3044	-9778	16
Dvůr Králové nad Labem	5043	1581	16
Brake (Unterweser)	5333	848	16
Highland Village	3309	-9705	16
Arsin	4095	3993	16
Cachoeira	-1260	-3897	16
Schrobenhausen	4856	1126	16
Lang Suan	995	9908	16
Ocean Acres	3974	-7428	16
Rahden	5243	861	16
Yunguyo	-1625	-6908	16
Viroflay	4880	216	16
Staszów	5056	2117	16
Tulchyn	4867	2885	16
Gryazovets	5888	4025	16
Anamalais	1058	7693	16
Wolf Trap	3894	-7729	16
Rubiataba	-1516	-4980	16
Yeni Suraxanı	4043	5004	16
Lohr am Main	4999	957	16
Nambiyūr	1136	7732	16
Madison	4076	-7442	16
Santa Ana Xalmimilulco	1921	-9838	16
Künzell	5054	972	16
San Francisco de los Romo	2208	-10227	16
Neerpelt	5123	544	16
Cuncolim	1518	7399	16
Mariestad	5871	1382	16
Littau	4705	826	16
Harlingen	5317	542	16
Padre Bernardo	-1517	-4828	16
Baden	4747	831	16
Al Quţayfah	3374	3660	16
Itapaci	-1495	-4955	16
Arroio Grande	-3224	-5309	16
Morong	1468	12027	16
San Vicente	1529	12065	16
Portland	2788	-9732	16
Midway	3041	-8701	16
Ambarakaraka	-1350	4887	16
Penicuik	5583	-323	16
Calatagan	1383	12063	16
Scicli	3679	1470	16
Brüggen	5124	618	16
Les Sables-d'Olonne	4650	-178	16
Ayang-ni	3824	12578	16
Leça do Bailio	4121	-863	16
Mosty	5341	2454	16
Hola Prystan’	4653	3252	16
Valenzano	4104	1688	16
Trubchevsk	5258	3376	16
Sukhinichi	5410	3534	16
Piriyāpatna	1233	7610	16
Sulphur Springs	3314	-9560	16
Cabrobó	-851	-3931	16
Zmiyiv	4967	3635	16
Ryton	5262	-235	16
Maryland City	3909	-7682	16
Manatí	1843	-6649	16
Berettyóújfalu	4722	2155	16
Pyriatyn	5024	3251	16
Vialonga	3887	-908	16
Pavlovsk	5968	3043	16
Tepatlaxco de Hidalgo	1908	-9797	16
El Alia	3717	1003	16
Erwitte	5161	834	16
Hudiksvall	6173	1711	16
Siloam Springs	3619	-9454	16
Drochia	4804	2781	16
Penzberg	4775	1138	16
Phu Kradueng	1688	10188	16
Santiago Tulantepec	2004	-9836	16
Belidzhi	4189	4841	16
Kukawa	1292	1357	16
Świdwin	5377	1578	16
Saint-Leu-la-Forêt	4902	225	16
Fraccionamiento Ciudad Olmeca	1815	-9455	16
Aguadilla	1843	-6715	16
Sezze	4150	1306	16
Radzyń Podlaski	5178	2262	16
Castel Maggiore	4458	1136	16
Thala	3557	867	16
Peraía	4050	2293	16
Jhol	2596	6889	16
Maragogi	-901	-3522	16
Laem Sing	1248	10207	16
Gelemso	882	4052	16
Bad Neustadt an der Saale	5032	1021	16
Shāhi	2855	7932	16
Ham Lake	4525	-9325	16
Chongoyape	-664	-7939	16
Fonte Boa	-251	-6609	16
La Roda	3921	-216	16
Neral	1902	7332	16
West Columbia	3399	-8107	16
Frankfort	4028	-8651	16
Ardestān	3338	5237	16
Phanom Sarakham	1375	10135	16
Siuna	1373	-8478	16
Golitsyno	5561	3698	16
Witzenhausen	5134	986	16
Vatra Dornei	4735	2537	16
Saint-Fons	4571	485	16
Ganei Tikva	3206	3487	16
Bad Segeberg	5394	1030	16
Landerneau	4845	-425	16
Mount Pleasant	3316	-9497	16
Dyer	4149	-8752	16
Rayside-Balfour	4661	-8121	16
Agios Ioannis Rentis	3796	2367	16
Nova Petrópolis	-2938	-5111	16
Rye	4098	-7368	16
Santa Helena	-223	-4530	16
Fort Hunt	3873	-7706	16
Nikolayevsk	5003	4546	16
Ginsheim-Gustavsburg	4997	835	16
Poio	4245	-869	16
Bulolo	-720	14664	16
Nikkō	3675	13962	16
Tonga	497	1070	16
Đinh Văn	1179	10824	16
Ilave	-1608	-6967	16
Worcester Park	5138	-24	16
Americus	3207	-8423	16
Hermitage	4123	-8045	16
Guru Har Sahāi	3071	7440	16
El Grao	3997	1	16
Buffalo	4517	-9387	16
Damme	5252	820	16
Crawfordsville	4004	-8687	16
Capela	-1050	-3705	16
Canovelles	4162	228	16
Qusar	4143	4843	16
Juchitepec	1910	-9888	16
Lake Mary	2876	-8132	16
Viewpark	5583	-406	16
Wardenburg	5307	820	16
Zherdevka	5185	4146	16
Grefrath	5134	634	16
Duffel	5110	451	16
Aldridge	5261	-192	16
Lembeni	-378	3762	16
Saint-Avertin	4736	74	16
Châteaudun	4807	134	16
Republic	3712	-9348	16
Albemarle	3535	-8020	16
San Giovanni Valdarno	4357	1153	16
Buerarema	-1496	-3930	16
Nayāgarh	2013	8510	16
El Rosario	2299	-10586	16
Ar Ruways	2411	5273	16
Sint-Kruis	5121	325	16
Oschatz	5130	1311	16
Basford	5297	-118	16
Tongging	290	9852	16
Maintirano	-1806	4403	16
Ankazondandy	-1870	4778	16
Alarobia	-1897	4773	16
Tullinge	5920	1790	16
Stará Ľubovňa	4930	2069	16
Baukau	-848	12646	16
Venilale	-864	12638	16
Sarigerme	3672	2870	16
Cherry Hill	3857	-7727	16
San Rafael Tlanalapan	1929	-9847	16
Country Walk	2563	-8043	16
Gemert	5156	569	16
Fléron	5062	568	16
Horodok	4978	2365	16
Pasaia	4333	-193	16
Püspökladány	4732	2112	16
Riverdale	3357	-8441	16
Petawawa	4589	-7728	16
Brad	4613	2278	16
Akwanga	891	841	16
Abington	4210	-7095	16
Issoire	4554	325	16
Beckingen	4940	670	16
Vicente Guerrero	2373	-10398	16
Hājo	2625	9153	16
Sodhri	3246	7418	16
Vīrarājendrapet	1220	7581	16
Billiri	987	1123	16
Kalabagh	3296	7155	16
Horgen	4726	860	16
Progreso	-3467	-5622	16
Ipaba	-1941	-4242	16
Sinjhoro	2603	6881	16
Tsotsin-Yurt	4324	4600	16
Forio	4074	1386	16
Floral Park	4072	-7370	16
Sangre Grande	1059	-6113	16
Shahrak	3411	6431	16
Prosper	3324	-9680	16
Gien	4769	263	16
Walnut Park	3397	-11823	16
Kippax	5377	-137	16
Zola Predosa	4449	1122	16
Gurun	582	10047	16
Blankenburg	5179	1096	16
Bayeux	4928	-70	16
Pecan Grove	2963	-9573	16
Hövelhof	5182	865	16
Cordenons	4598	1270	16
Bhīkhi	3006	7553	16
Ban Mo	1462	10073	16
Overland	3870	-9036	16
Buri	-2380	-4859	16
Corvera de Asturias	4354	-589	16
Indri	2988	7706	16
Kitui	-137	3801	16
White River	-2533	3101	16
Fort Erie	4290	-7893	16
Thākurganj	2643	8813	16
Grandville	4291	-8576	16
Uslar	5166	964	16
Konjic	4365	1796	16
Hettstedt	5165	1151	16
Candiac	4538	-7352	16
Four Corners	4493	-12298	16
San José del Castillo	2051	-10324	16
Puurs	5107	429	16
Harenkarspel	5273	478	16
Sunland Park	3180	-10658	16
Kalundborg	5568	1109	16
Gentilly	4881	234	16
Valparaíso	-2123	-5087	16
Château-Thierry	4905	340	16
Bekalta	3562	1099	16
Udalguri	2675	9210	16
Iperu	691	367	16
Port-de-Bouc	4341	498	16
Conisbrough	5348	-123	16
Vasa	2266	7276	16
Merke	4287	7318	16
Bodaybo	5785	11419	16
North Liberty	4175	-9160	16
Grenchen	4719	740	16
Burlington	3903	-8472	16
Västra Frölunda	5765	1193	16
Young	-3270	-5763	16
Ciudad de Armería	1894	-10396	16
Olecko	5403	2251	16
Qandala	1147	4987	16
Carthage	3686	1033	16
Baskil	3857	3882	16
Parole	3898	-7653	16
Vincent	3450	-11812	16
Vincent	3410	-11792	16
Ratekau	5395	1073	16
Southchase	2839	-8138	16
Ebersbach an der Fils	4872	952	16
Senirkent	3810	3055	16
Ukiah	3915	-12321	16
Trento	805	12606	16
Garwolin	5190	2161	16
Tecámac de Felipe Villanueva	1971	-9897	16
Pestovo	5859	3580	16
Pont-à-Celles	5051	437	16
Freilassing	4784	1298	16
Rura	2649	7990	16
La Marque	2937	-9497	16
L'Assomption	4582	-7343	16
Saint-Égrève	4523	568	16
North Arlington	4079	-7413	16
La Palma	3385	-11805	16
Melenki	5533	4163	16
El Retén	1061	-7427	16
Embalse	-3218	-6442	16
Villers-lès-Nancy	4867	615	16
Sava	4040	1755	16
Isabela	1020	12299	16
Varnsdorf	5091	1462	16
Villafranca di Verona	4535	1084	16
Ikedachō	3403	13381	16
Pombos	-814	-3540	16
Seagoville	3264	-9654	16
Brie-Comte-Robert	4869	261	16
Lebanon	4005	-8647	16
Barentu	1511	3759	16
Itaporanga	-730	-3815	16
Busembatia	78	3362	16
Satuba	-956	-3582	16
Vadamadurai	1044	7810	16
Mankayan	1686	12078	16
Clayton	3864	-9032	16
Cerveteri	4199	1209	16
Valença do Piauí	-641	-4175	16
La Carolina	3828	-362	16
Dolores	-3353	-5822	16
Boissy-Saint-Léger	4875	251	16
Pearl River	4106	-7402	16
Colima	995	-8409	16
Zinapécuaro	1986	-10083	16
Conyers	3367	-8402	16
Göd	4768	1913	16
Hendrina	-2616	2972	16
Kannod	2267	7674	16
Myrtle Grove	3042	-8731	16
Aldine	2993	-9538	16
Boussé	1266	-190	16
Bressanone	4672	1166	16
Narragansett	4145	-7145	16
Čakovec	4638	1643	16
Kamar Mushani	3284	7136	16
Pokrov	5592	3917	16
Petushki	5593	3946	16
Yellowknife	6245	-11437	16
Wang Noi	1423	10072	16
Ajra	1612	7421	16
Mezgor'e	5405	5782	16
Conde	-726	-3491	16
Bayambang	1581	12046	16
Pipraich	2683	8353	16
Vári	3783	2380	16
Beaufort	535	11575	16
Carmarthen	5186	-431	16
Kaukauna	4428	-8827	16
les Escaldes	4251	153	16
Guéret	4617	187	16
Santiago Tlacotepec	1923	-9967	16
Bruckmühl	4788	1191	16
Albufeira	3709	-825	16
Shāhpur	2560	8440	16
Baguim do Monte	4119	-854	16
Malahide	5345	-615	16
Port Washington	4083	-7370	16
Sanarate	1479	-9020	16
Hoyland Nether	5350	-145	16
El Estor	1553	-8933	16
New Port Richey	2824	-8272	16
Coronel Vivida	-2598	-5257	16
Sunel	2437	7596	16
Arzgir	4537	4422	16
Aurora	4132	-8135	16
Unhel	2334	7556	16
Sisauli	2941	7747	16
Tadley	5135	-113	16
Dunaivtsi	4889	2686	16
Conceição da Feira	-1251	-3900	16
Bara Uchāna	2947	7618	16
Mihona	2628	7898	16
Sagalo	1220	-1070	16
Adams Morgan	3892	-7704	16
Kidlington	5182	-129	16
Apostolove	4766	3371	16
Nyborg	5531	1079	16
Ichinohe	4022	14129	16
Slobozhans’ke	4960	3653	16
Rutland	4361	-7297	16
Kāmākhyānagar	2093	8554	16
Asbury Park	4022	-7401	16
Sannicandro Garganico	4184	1557	16
San Clemente	-1367	-7615	16
Olsberg	5136	849	16
Lutherville-Timonium	3944	-7661	16
Vevey	4646	684	16
Sant Just Desvern	4138	207	16
Boom	5109	437	16
Riemst	5081	560	16
Collingwood	4448	-8022	16
Gwaram	1128	988	16
Baruun-Urt	4668	11328	16
Przeworsk	5006	2249	16
Arkalgūd	1276	7606	16
Abhayāpuri	2632	9069	16
Ashland	4226	-7146	16
Hybla Valley	3875	-7708	16
Altai	4637	9626	16
Kallar Kahar	3278	7270	16
Alcobaça	3955	-898	16
Chenôve	4729	500	16
Sinnai	3930	920	16
Ladário	-1900	-5760	16
Jodiya Bandar	2272	7028	16
Jagalūr	1452	7634	16
Lourdes	4310	-5	16
Ljungby	5683	1394	16
Milanówek	5212	2067	16
Longmeadow	4205	-7258	16
San Giovanni in Persiceto	4464	1118	16
Rakovski	4227	2494	16
Elkton	3961	-7583	16
Royston	5205	-2	16
Chuhar Jamali	2439	6799	16
Schiffweiler	4937	713	16
Dumra	2657	8552	16
Vitória do Mearim	-346	-4487	16
Yoro	1514	-8713	16
Kapit	200	11293	16
El Tejar	1465	-9079	16
Menzel Abderhaman	3724	986	16
Preetz	5424	1028	16
Bebington	5335	-302	16
Staphorst	5265	621	16
Oderzo	4578	1249	16
Darien	393	-7648	16
Grosse Pointe Woods	4244	-8291	16
Santa Lucía	1032	-7496	16
Alton	2629	-9831	16
Gračanica	4470	1831	16
Pennāgaram	1213	7790	16
Salsomaggiore Terme	4482	999	16
Sierre	4629	754	16
Pinehurst	3520	-7947	16
Groves	2995	-9392	16
Wittenheim	4781	733	16
Wang Saphung	1730	10177	16
Canteleu	4944	102	16
General Pinedo	-2732	-6128	16
Ujar	4052	4765	16
Paraguaçu	-2155	-4574	16
West University Place	2972	-9543	16
Bílina	5055	1378	16
Bhudgaon	1691	7460	16
Kankauli	1627	7371	16
Khairāgarh	2142	8098	16
Choszczno	5317	1542	16
Svetogorsk	6111	2886	16
Bad Essen	5232	833	16
Swanscombe	5145	31	16
Wilkinsburg	4044	-7988	16
Persianovka	4753	3942	16
Lajinha	-2015	-4162	16
Wendlingen am Neckar	4867	938	16
Gura Humorului	4755	2590	16
Wenceslau Braz	-2387	-4980	16
Manassas Park	3878	-7747	16
Willow Grove	4014	-7512	16
Gatesville	3144	-9774	16
Avon Center	4146	-8202	16
Kelheim	4892	1189	16
La Grange	4181	-8787	16
Ankazobe	-1832	4712	16
Şimleu Silvaniei	4723	2280	16
Mont-Saint-Hilaire	4557	-7319	16
Lido	4541	1237	16
Weener	5316	735	16
Benoy	898	1632	16
Great Bend	3836	-9876	16
Kinarut	582	11605	16
Nova Granada	-2053	-4931	16
Soba	1098	806	16
Khatīma	2892	7997	16
Shively	3820	-8582	16
Highland Springs	3755	-7733	16
Baildon	5385	-179	16
Hueytown	3345	-8700	16
Talladega	3344	-8611	16
New Haven	4107	-8501	16
Mill Creek East	4784	-12219	16
Āsmār	3503	7136	16
Osmaneli	4036	3001	16
Potrerillos	1523	-8797	16
Marte	1237	1383	16
Kamachumu	-162	3162	16
Shchuchyn	5360	2475	16
Venëv	5436	3827	16
Divnoye	4591	4335	16
Diamantino	-1441	-5645	16
Galliate	4548	870	16
Belén de Umbría	520	-7587	16
Janakkala	6090	2460	16
Itatinga	-2310	-4862	16
Middleburg Heights	4136	-8181	16
Jalpa de Méndez	1818	-9306	16
Haubourdin	5061	299	16
Crépy-en-Valois	4923	289	16
Sinanju	3960	12561	16
Boisar	1980	7276	16
Neelankarai	1295	8026	16
Camrose	5302	-11284	16
Anicuns	-1646	-4996	16
Zerbst	5197	1209	16
União	-459	-4286	16
Ezine	3979	2634	16
Berck-Plage	5041	156	16
Pacific Grove	3662	-12192	16
Porthcawl	5148	-370	16
Bagar	2819	7550	16
Kodinsk	5861	9917	16
Yorkton	5122	-10247	16
Aguazul	517	-7255	16
Harnoli	3228	7155	16
Mitchell	4371	-9803	16
Gornyak	5099	8147	16
Virovitica	4583	1738	16
Srivaikuntam	863	7791	16
Humble	3000	-9526	16
Les Herbiers	4687	-102	16
Greenwood Village	3962	-10495	16
Saubara	-1274	-3877	16
Peniche	3936	-938	16
Königstein im Taunus	5018	847	16
Manthani	1865	7967	16
Gradačac	4488	1843	16
Yutz	4936	619	16
La Cruz	2392	-10689	16
Tarancón	4001	-301	16
Siderno	3827	1630	16
Outreau	5071	159	16
Riegelsberg	4930	693	16
Simmerath	5060	630	16
Novyy Buh	4769	3252	16
Bryn Mawr-Skyway	4749	-12224	16
Zelenogradsk	5496	2048	16
Klingenstein	4842	991	16
Keynsham	5141	-250	16
Ustroń	4972	1880	16
Uzhur	5531	8983	16
San Narciso	1501	12008	16
Abuyog	1075	12501	16
Sarai Sidhu	3059	7197	16
Sim	5499	5770	16
Madukkūr	1048	7940	16
Karabash	5548	6022	16
Spenge	5214	848	16
Elland	5369	-184	16
Eberbach	4947	899	16
Er Reina	3272	3532	16
Galaosiyo Shahri	3986	6445	16
Carcarañá	-3286	-6115	16
Odenthal	5103	712	16
Los Alcázares	3774	-85	16
Kataysk	5629	6258	16
Khūtār	2820	8027	16
Zlaté Moravce	4839	1840	16
Bradley	4114	-8786	16
Bari Sādri	2441	7447	16
Bang Mun Nak	1603	10038	16
Pirkkala	6146	2363	16
Karabanovo	5632	3870	16
Klosterneuburg	4831	1633	16
Berck	5040	160	16
Bitterfeld-Wolfen	5162	1232	16
Asunción Mita	1433	-8971	16
Dedza	-1438	3433	16
Keetmanshoop	-2658	1813	16
Baberu	2555	8070	16
Pa Sang	1853	9894	16
San Javier	-3058	-5993	16
Saint-Basile-le-Grand	4553	-7328	16
Ubatã	-1421	-3953	16
Marbach am Neckar	4894	926	16
Cordeiro	-2203	-4236	16
Ikalamavony	-2115	4658	16
Baykal’sk	5152	10414	16
Beylagan	3978	4762	16
Nikel	6941	3022	16
Nova Era	-1975	-4304	16
Rolante	-2965	-5058	16
Désarmes	1899	-7239	16
Elkridge	3921	-7671	16
Zinacatepec	1834	-9725	16
Ţūbās	3232	3537	16
Loncoche	-3937	-7263	16
Lakhnādon	2260	7960	16
Calumpang	1462	12109	16
Iwanai	4297	14051	16
Tulantongo	1953	-9887	16
Mayenne	4830	-61	16
Campos Belos	-1304	-4677	16
Kotā	2230	8202	16
Talacogon	846	12578	16
Portalegre	3929	-743	16
Dan Khun Thot	1521	10177	16
Aberdeen	3951	-7616	16
Puerto Esperanza	-2602	-5461	16
North Myrtle Beach	3382	-7868	16
Audincourt	4748	685	16
Sabanitas	934	-7981	16
Mlalo	-493	3893	16
Esparza	999	-8466	16
Nisko	5052	2214	16
Chānasma	2371	7211	16
Correggio	4477	1078	16
Dom Pedro	-504	-4444	16
Hude	5311	846	16
Diadi	1673	12136	16
Williamstown	3969	-7500	16
Saltash	5041	-423	16
Ibeto	1049	515	16
Prakhon Chai	1461	10312	16
Earlsfield	5144	-19	16
Leduc	5327	-11355	16
Amstetten	4812	1487	16
Porto San Giorgio	4318	1379	16
Conde	-1181	-3761	16
Long Beach	3035	-8915	16
Néa Mákri	3809	2398	16
Balma	4361	150	16
Pimentel	-684	-7993	16
Peer	5113	546	16
Pembroke	4582	-7712	16
Otsego	4527	-9359	16
Boulder City	3598	-11483	16
Belém	-669	-3553	16
Magog	4527	-7215	16
Nahorkatiya	2729	9534	16
Fillmore	3440	-11892	16
Montalvo	-179	-7929	16
Manhumirim	-2036	-4196	16
Santiago del Torno	-1799	-6338	16
Qaryat Sulūq	3167	2025	16
Chiari	4554	993	16
Lake Wales	2790	-8159	16
Hautmont	5025	392	16
Bukuru	979	886	16
Bilsanda	2824	7995	16
Venceremos	2055	-10040	16
Anchau	1096	839	16
El Bolsón	-4196	-7153	16
Libres	1947	-9769	16
Monte Plata	1881	-6978	16
Satipo	-1125	-7464	16
Mizil	4502	2645	16
Erskine	5590	-445	16
Çağlayancerit	3775	3729	16
Wanda	-2597	-5456	16
Santa María de Jesús	1449	-9071	16
Łęczyca	5206	1920	16
Thap Khlo	1616	10060	16
Carlet	3923	-52	16
Hayvoron	4834	2987	16
Lognes	4884	263	16
Leteri	2406	7741	16
Rio Formoso	-867	-3516	16
Wombwell	5352	-140	16
Addison	3296	-9683	16
Och’amch’ire	4271	4147	16
Itajuípe	-1468	-3938	16
Makuyuni	-473	3810	16
Diksmuide	5103	286	16
Usagara	-268	3300	16
Ahualulco de Mercado	2070	-10397	16
Sant Carles de la Ràpita	4062	60	16
Sassenheim	5223	452	16
Montornès del Vallès	4154	227	16
East Riverdale	3896	-7692	16
Bad Bentheim	5230	716	16
San Pablo Oztotepec	1919	-9907	16
Laurinburg	3477	-7946	16
Schroeder	-2641	-4907	16
Ottweiler	4940	716	16
Shushary	5981	3038	16
Hernando	3482	-8999	16
Aarau	4739	804	16
Hayange	4933	606	16
Hurricane	3718	-11329	16
Stowbtsy	5348	2674	16
Ban Houakhoua	2025	10045	16
Väståboland	6030	2230	15
Plainfield	4168	-7192	15
Kampung Ayer Molek	221	10233	15
Venustiano Carranza	1634	-9256	15
Hanover	3980	-7698	15
Huanuni	-1829	-6684	15
Lithia Springs	3379	-8466	15
Boroon	818	12418	15
Nova Pazova	4494	2022	15
Niederkrüchten	5120	622	15
Frattaminore	4096	1427	15
Las Delicias	3241	-11694	15
Aleksandrovsk	5916	5757	15
South Hayling	5079	-98	15
Strunino	5637	3858	15
Farmingville	4083	-7303	15
Mastic	4080	-7284	15
Holalkere	1404	7618	15
Maryborough	-2554	15270	15
Kotapārh	1914	8233	15
Bilicenii Vechi	4766	2805	15
Minas de Marcona	-1521	-7511	15
Setauket-East Setauket	4093	-7310	15
Blackwood	5167	-321	15
Tergnier	4966	330	15
Vāda	1965	7315	15
Harrison	4075	-7416	15
Udaipura	2307	7851	15
Martha Lake	4785	-12224	15
Bunawan	817	12599	15
Port Richmond	4063	-7414	15
San Juan de Dios	988	-8408	15
Cárdenas	2200	-9964	15
Donskoye	4546	4197	15
Chai Nat	1519	10012	15
Indianola	4136	-9356	15
Lille	5124	482	15
Lovisa	6046	2623	15
Malnate	4579	888	15
Carrières-sous-Poissy	4895	204	15
Prado	-1734	-3922	15
Jequitinhonha	-1643	-4100	15
Nīlgiri	2146	8677	15
Aşkale	3992	4070	15
Boké	1093	-1429	15
Vazante	-1799	-4691	15
Santiago Tuxtla	1847	-9530	15
Illzach	4777	735	15
Perry	3246	-8373	15
Río Bueno	-4033	-7296	15
Kosigi	1586	7724	15
Angermünde	5301	1400	15
Leixlip	5337	-650	15
Jasper	3839	-8693	15
Kuala Lipis	418	10205	15
Madera	2919	-10815	15
Winder	3399	-8372	15
Clive	4160	-9372	15
Sonzacate	1373	-8971	15
Clemson	3468	-8284	15
Santa Barbara	1600	12040	15
Albal	3940	-42	15
Ado-Odo	660	294	15
Herisau	4739	928	15
Capua	4111	1421	15
Vilalba	4330	-768	15
Moskovskiy	5560	3735	15
São Miguel do Iguaçu	-2535	-5424	15
Seen (Kreis 3)	4748	877	15
Peribán de Ramos	1952	-10241	15
Juan Aldama	2429	-10339	15
Greenwood	3352	-9018	15
Santafé	3719	-372	15
Mandalgovi	4576	10627	15
Tavares	2880	-8173	15
Kalghatgi	1518	7497	15
Mayma	5202	8591	15
Great Falls	3900	-7729	15
Kalugumalai	915	7771	15
Tīrthahalli	1369	7525	15
Jamestown	4691	-9871	15
Siemiatycze	5243	2286	15
Terrace Heights	4072	-7377	15
Emerson Hill	4061	-7410	15
Pont-à-Mousson	4891	606	15
Avocado Heights	3404	-11799	15
Santa Cruz	1491	12057	15
Borovskiy	5704	6572	15
Massakory	1300	1573	15
Burrel	4161	2001	15
Parvatsar	2689	7477	15
Carate Brianza	4568	924	15
Chełmża	5318	1860	15
Eden	3649	-7977	15
Bay Village	4148	-8192	15
Bijelo Polje	4304	1975	15
Lake Butler	2850	-8154	15
Atarfe	3722	-369	15
Brandýs nad Labem-Stará Boleslav	5019	1466	15
Araçoiaba da Serra	-2351	-4761	15
Ochër	5789	5472	15
Guinguinéo	1427	-1595	15
Pathalgaon	2256	8346	15
Cugnaux	4354	134	15
Paso de Carrasco	-3486	-5605	15
Āsind	2573	7433	15
San Mateo Huitzilzingo	1923	-9893	15
Palagiano	4058	1704	15
Naciria	3675	383	15
Éragny	4902	210	15
Somotillo	1304	-8691	15
Noci	4079	1713	15
Makakilo City	2135	-15809	15
Kachhwa	2521	8271	15
Westbury	4076	-7359	15
Bostonia	3281	-11694	15
Sang-e Chārak	3585	6644	15
Sāyla	2255	7148	15
Kamenjane	4195	2093	15
Nāspur	1885	7946	15
Staffanstorp	5564	1321	15
Llandudno	5332	-383	15
Ayutla de los Libres	1696	-9910	15
Unquillo	-3123	-6432	15
Iona	2652	-8196	15
Ober-Ramstadt	4983	875	15
Suzun	5378	8231	15
Noisiel	4885	262	15
Marsabit	233	3799	15
Broxburn	5593	-347	15
Nerchinsk	5198	11658	15
Lillerød	5587	1235	15
Bāh	2687	7859	15
Dickson	3608	-8739	15
Slobozia	4673	2970	15
Shambu	957	3710	15
Siaya	6	3429	15
Newport	3909	-8450	15
Neston	5141	-220	15
Ban Huai Thalaeng	1498	10265	15
Cova Figueira	1489	-2429	15
Dornakal	1744	8015	15
Cullman	3417	-8684	15
Bürstadt	4964	846	15
San Luis del Palmar	-2751	-5855	15
Live Oak	2957	-9834	15
Clausthal-Zellerfeld	5181	1034	15
Tordera	4170	272	15
Bambous	-2026	5741	15
Kulunda	5257	7894	15
Roanoke Rapids	3646	-7765	15
Payson	3423	-11133	15
Choa Saidan Shah	3272	7299	15
Storrs	4181	-7225	15
Sárvár	4725	1694	15
Tsimlyansk	4765	4210	15
Jelcz Laskowice	5102	1732	15
The Dalles	4559	-12118	15
Dzaoudzi	-1278	4526	15
Los Lunas	3481	-10673	15
Mīrganj	2854	7921	15
Pūnāhāna	2786	7720	15
Straelen	5144	627	15
Katangi	2177	7981	15
Bhikangaon	2187	7596	15
Junín	-1116	-7599	15
Mabama	-513	3253	15
Santomera	3806	-105	15
Dixon	4184	-8948	15
Bellevue	4444	-8792	15
Romblon	1258	12227	15
Ocna Mureş	4638	2385	15
Hale	5338	-233	15
Dicholi	1559	7395	15
Łomianki	5233	2089	15
Millbrook	3248	-8636	15
Nicoya	1015	-8545	15
Benetússer	3942	-40	15
Bang Racham	1489	10032	15
Galaat el Andeless	3706	1012	15
Brownsville	2582	-8024	15
Wailuku	2089	-15651	15
Altdorf	4939	1136	15
Kāthor	2129	7294	15
Warren Township	4061	-7452	15
Batangafo	730	1828	15
Arenys de Mar	4158	255	15
Matam	1566	-1326	15
Abū Zabad	1235	2925	15
Garching bei München	4825	1165	15
Solhan	3897	4105	15
Tuzantla	1920	-10057	15
Hizan	3822	4242	15
Pipili	2011	8583	15
Kadınhanı	3824	3221	15
Belëv	5381	3613	15
Bagayevskaya	4732	4039	15
Ntungamo	-88	3026	15
São José de Mipibu	-607	-3524	15
Orange Walk	1808	-8856	15
Villa Independencia	2006	-9705	15
Degtyarsk	5670	6009	15
Seaford	4067	-7349	15
Tagas	1317	12372	15
Washougal	4558	-12235	15
Kerugoya	-50	3728	15
Oyten	5305	902	15
Sucre	-128	-8042	15
Dalkola	2588	8784	15
Warragul	-3816	14593	15
Saint-Pierre-des-Corps	4739	75	15
Srīvardhan	1805	7302	15
Ropczyce	5005	2161	15
Popeşti-Leordeni	4438	2617	15
Lauda-Königshofen	4957	971	15
Dallas	4492	-12332	15
Putte	5105	463	15
Neu-Anspach	5032	850	15
Zamora	-407	-7895	15
Alquízar	2281	-8258	15
Coulommiers	4881	308	15
Karlstadt	4996	977	15
Torredembarra	4115	140	15
Graniteville	4062	-7415	15
Henderson	3633	-7840	15
Stallings	3509	-8069	15
Lucan	5336	-645	15
River Falls	4486	-9262	15
Baraguá	2168	-7863	15
Berkley	4250	-8318	15
Mardakan	4049	5014	15
Aykhal	6593	11148	15
Beverungen	5167	937	15
Udachny	6643	11240	15
Demerval Lobão	-536	-4268	15
Hazel Grove	5338	-212	15
Lancenigo-Villorba	4571	1226	15
Sofrino	5615	3793	15
Zhashkiv	4925	3011	15
Jämsä	6186	2519	15
Chernyanka	5093	3782	15
Drensteinfurt	5180	774	15
Darton	5359	-153	15
Abomsa	998	3998	15
Lieto	6051	2246	15
Damascus	3929	-7720	15
Montesson	4891	214	15
Medeiros Neto	-1737	-4022	15
Râşnov	4558	2545	15
Shelbyville	3821	-8522	15
Coscomatepec de Bravo	1907	-9705	15
Radomyshl	5050	2923	15
Orpington	5137	10	15
Vyazemskiy	4754	13476	15
Susanville	4042	-12065	15
Lilio	1413	12144	15
Ludvika	6015	1519	15
Pataskala	4000	-8267	15
Tepeapulco	1979	-9855	15
Tecámac	1971	-9897	15
Roxas	1032	11935	15
Bigadiç	3939	2813	15
Novosilikatnyy	5331	8362	15
Brusciano	4092	1442	15
Soumagne	5061	575	15
Aramil	5670	6084	15
Freiberg am Neckar	4893	920	15
Alborada Jaltenco	1966	-9907	15
Wurzen	5137	1274	15
São Gabriel da Cachoeira	-12	-6709	15
Much	5090	740	15
Bellavista	-706	-7659	15
Adliswil	4731	852	15
Mijdrecht	5221	486	15
Telfs	4731	1107	15
Anandpur	3124	7650	15
Zimnicea	4366	2536	15
At-Bashi	4117	7580	15
Saint-Maximin-la-Sainte-Baume	4345	586	15
Boskoop	5208	466	15
Samobor	4580	1572	15
Even Yehuda	3227	3489	15
Tepalcatepec	1919	-10285	15
Mundra	2284	6972	15
Traverse City	4476	-8562	15
Muhoroni	-16	3520	15
Dubovka	4906	4483	15
South Yuba City	3912	-12164	15
Viterbo	506	-7587	15
Vakhsh	3771	6883	15
Daru	-908	14321	15
Khuldābād	2001	7519	15
Merrifield	3887	-7723	15
Ledyard	4144	-7201	15
Aleg	1705	-1391	15
Alfena	4124	-852	15
Massamagrell	3957	-33	15
Saffron Walden	5202	24	15
Hats’avan	3946	4597	15
Phon Charoen	1803	10317	15
Magarao	1366	12319	15
Haslingden	5370	-232	15
Tanout	1497	889	15
Nizhnesortymskiy	6244	7176	15
San Nicolas	1244	-6991	15
Gangolli	1365	7467	15
Safi	3104	3547	15
Holzkirchen	4788	1170	15
Chotila	2242	7120	15
Le Hochet	-2014	5752	15
Yashkino	5587	8543	15
Punata	-1754	-6583	15
Gyomaendrőd	4693	2083	15
Bosanska Krupa	4488	1615	15
Teodoro Sampaio	-2253	-5217	15
Cambridge	-3788	17544	15
Steffisburg	4678	763	15
Mangilao Village	1345	14480	15
Astara	3846	4887	15
Port Glasgow	5593	-469	15
Moussoro	1364	1649	15
Eggenstein-Leopoldshafen	4909	840	15
Foça	3867	2676	15
Fords	4053	-7432	15
New Territory	2959	-9568	15
Kapolei	2134	-15806	15
Bad Laasphe	5093	843	15
Ascheberg	5178	762	15
Khao Wong	1670	10409	15
Suifenhe	4440	13115	15
Villa Hidalgo	2168	-10259	15
Clearlake	3896	-12263	15
Chiriguaná	936	-7360	15
Penrith	5467	-276	15
Yelan’	5095	4374	15
Nowy Tomyśl	5232	1613	15
Ganye	843	1205	15
McKinleyville	4095	-12410	15
Gwoza	1108	1370	15
Montagu	-3379	2012	15
Bad Lippspringe	5178	882	15
Khāpa	2142	7898	15
Brunswick	4391	-6997	15
Manga	1166	-107	15
Bussolengo	4547	1085	15
Catriel	-3788	-6780	15
Giaginskaya	4486	4007	15
Dieburg	4990	885	15
Puebla	3257	-11535	15
Mlangali	-978	3452	15
El Palmar	1465	-9158	15
Leninsk	4870	4520	15
Highview	3814	-8562	15
Bogovinje	4192	2091	15
Nosivka	5093	3158	15
Trbovlje	4616	1505	15
Celso Ramos	-2763	-5134	15
Ciénega de Flores	2595	-10017	15
Tetla	1944	-9810	15
Kenmore	4297	-7887	15
Sarandi	-2794	-5292	15
Rondebosch	-3396	1848	15
Belvedere Park	3375	-8427	15
Ústí nad Orlicí	4997	1639	15
Ripon	3774	-12112	15
Sarandë	3988	2000	15
Rossville	3934	-7648	15
Depew	4290	-7869	15
Ajaokuta	756	665	15
Ad Dindar	1320	3417	15
Seven Oaks	3405	-8115	15
Chom Bueng	1362	9959	15
Hindoria	2390	7957	15
Pinhão	-2570	-5166	15
Mirano	4549	1211	15
Noyon	4958	300	15
Wilmington Island	3200	-8097	15
Parlier	3661	-11953	15
Gates-North Gates	4317	-7770	15
Cetinje	4239	1891	15
Lüderitz	-2665	1515	15
Korwai	2412	7804	15
Corigliano Scalo	3963	1651	15
East Rancho Dominguez	3390	-11820	15
Bang Saphan	1121	9951	15
Khāsh	3153	6279	15
Tavira	3713	-765	15
Greater Napanee	4425	-7695	15
Sarykemer	4300	7150	15
Resplendor	-1933	-4126	15
Sukuta	1341	-1671	15
Kenda	2320	8651	15
Crucecita	1577	-9614	15
Buwenge	65	3317	15
Morteros	-3071	-6200	15
Sinfin	5288	-149	15
Dologon	784	12504	15
Natchez	3156	-9140	15
Bella Vista	-2703	-6530	15
Bredbury	5342	-212	15
Cloverly	3911	-7700	15
Solec Kujawski	5308	1823	15
Newton	4170	-9305	15
Głuchołazy	5032	1738	15
Lamont	3526	-11891	15
Santa Bárbara	1492	-8824	15
Técpan de Galeana	1722	-10063	15
Paraty	-2322	-4471	15
Phek	2567	9450	15
Uchkeken	4394	4251	15
Sorada	1976	8443	15
Villanova	4196	1276	15
East Brainerd	3500	-8515	15
La Falda	-3109	-6449	15
San Gabriel	59	-7783	15
Domalanoan	1600	12021	15
Monthey	4625	695	15
Vandalia	3989	-8420	15
Rio Linda	3869	-12145	15
Głowno	5196	1972	15
East Longmeadow	4206	-7251	15
Ramsey	4106	-7414	15
Trindade	-2759	-4852	15
Pochep	5293	3345	15
Markaz-e Woluswalī-ye Āchīn	3413	7071	15
Doma	839	836	15
West Park	2598	-8020	15
Kenora	4977	-9449	15
Binka	2103	8381	15
Greeneville	3616	-8283	15
Dalandzadgad	4357	10442	15
Santa Cecília	-2696	-5043	15
Polyarnyye Zori	6737	3250	15
Kiskőrös	4662	1929	15
Dadhar	2947	6765	15
Araci	-1133	-3897	15
Villanueva del Pardillo	4049	-396	15
Isanlu-Itedoijowa	827	584	15
Mount Vernon	3832	-8890	15
Adelphi	3900	-7697	15
Brackenheim	4908	907	15
Coishco	-902	-7862	15
Mexborough	5349	-129	15
Virac	1358	12424	15
Naraini	2519	8047	15
Cessnock	-3283	15136	15
Lālpur	2219	6996	15
Kocaali	4105	3085	15
Mandapam	928	7912	15
Hatton	689	8060	15
Slaný	5023	1409	15
Künzelsau	4928	968	15
Pupri	2647	8570	15
Front Royal	3892	-7819	15
Weston	4489	-8955	15
Sakassou	745	-529	15
Usehat	2780	7924	15
Tangancícuaro de Arista	1989	-10221	15
Newport Pagnell	5209	-72	15
Paradise	1065	-6136	15
Punjai Puliyampatti	1135	7717	15
Ramos	1567	12064	15
Babo-Pangulo	1508	12052	15
Neston	5328	-305	15
Spanish Springs	3965	-11971	15
Horodyshche	4928	3145	15
Cajueiro	-972	-3645	15
La Unión	160	-7713	15
Fort Leonard Wood	3771	-9216	15
Spitak	4083	4427	15
Espiye	4095	3870	15
Cruzeiro do Oeste	-2379	-5307	15
Sterling	4179	-8970	15
Pachperwa	2751	8264	15
Kriel	-2627	2923	15
Williamsburg	3727	-7671	15
San Rafael Arriba	988	-8408	15
Bāntva	2149	7008	15
Darya Khan	3178	7110	15
Boguchar	4994	4055	15
Somerton	3260	-11471	15
Perchtoldsdorf	4812	1627	15
Three Lakes	2564	-8040	15
Bolhrad	4568	2862	15
Xalatlaco	1918	-9942	15
Cisnădie	4572	2415	15
Boujniba	3290	-677	15
Klášterec nad Ohří	5039	1318	15
Trossingen	4808	864	15
La Trinité	1474	-6096	15
Găeşti	4472	2532	15
Rocca di Papa	4177	1270	15
Berja	3685	-295	15
Auburndale	2807	-8179	15
Jabal os Saraj	3512	6924	15
Santiago de María	1348	-8847	15
Tucumã	-18	-5005	15
Ighram	3646	451	15
Montichiari	4541	1040	15
Żabbar	3588	1454	15
Korsør	5533	1114	15
Berkovitsa	4324	2313	15
Brignoles	4341	606	15
Gloversville	4305	-7434	15
Khetia	2167	7459	15
Hereford	3482	-10240	15
Larkhall	5573	-397	15
Detva	4856	1942	15
Khamaria	2323	7988	15
Suluktu	3994	6957	15
Kinna	5751	1269	15
Eggertsville	4296	-7880	15
Qarqīn	3742	6604	15
Ocotlán de Morelos	1679	-9667	15
Kafr Mandā	3281	3526	15
Skalica	4884	1723	15
Vasylivka	4744	3527	15
Alto Lucero	2095	-9744	15
Batavia	4300	-7819	15
Avon	4840	272	15
Mahanje	-993	3533	15
Nakhon Luang	1446	10061	15
Rotselaar	5095	472	15
Béjar	4039	-576	15
Ūn	2958	7726	15
Misrikh	2743	8053	15
Campo de Criptana	3940	-312	15
Oraiókastro	4073	2292	15
Kartuzy	5433	1820	15
Torres Novas	3948	-854	15
Dumas	3587	-10197	15
Fayrōz Kōh	3452	6525	15
Clorinda	-2528	-5772	15
La Punta	-3318	-6631	15
Lyasny	5401	2770	15
le Plateau	4544	-7578	15
Lukolela	-106	1718	15
Jamaica	2298	-8217	15
Guayos	2205	-7946	15
Pérgamos	3504	3371	15
El Gouna	2739	3368	15
Cleveleys	5388	-304	15
Sinabang	248	9638	15
Mamuju	-268	11889	15
Sintansin	3645	12743	15
Muang Không	1412	10585	15
Kopoky	-2520	4520	15
Ifatsy	-2240	4775	15
Ebaye	877	16774	15
San Jose Village	1497	14562	15
Pantai Cenang	629	9973	15
Cieplice Śląskie Zdrój	5087	1568	15
Peresvet	5642	3818	15
Adh Dhibiyah	2603	4316	15
Mermoz Boabab	1471	-1748	15
Dương Đông	1022	10396	15
Bình Long	1165	10661	15
Berea	-2985	3099	15
Regenstauf	4912	1213	15
Chakia	2505	8322	15
Udi	632	742	15
Pikit	705	12467	15
Armenia	1374	-8950	15
Lubsko	5178	1497	15
Dursley	5168	-235	15
la Garriga	4168	228	15
Benito Juárez	2220	-9784	15
Vagator	1560	7374	15
Pico Truncado	-4679	-6796	15
Bull Run	3878	-7752	15
Vammala	6133	2290	15
Poblacion, San Felipe	1506	12007	15
El Escorial	4058	-413	15
Addlestone	5137	-49	15
Petersfield	5100	-93	15
Blaydon-on-Tyne	5496	-171	15
El-Tor	2824	3362	15
Távros	3797	2369	15
Pucioasa	4508	2543	15
Itamaracá	-775	-3483	15
Pontal do Paraná	-2567	-4851	15
Fomboni	-1229	4374	15
Pattan	3416	7456	15
Kushālnagar	1246	7596	15
Sinsang-ni	3965	12741	15
Ammon	4347	-11197	15
Zelenogorsk	6020	2970	15
Fort Saskatchewan	5372	-11322	15
Matlock	5314	-156	15
Krasnyy Kut	5095	4697	15
Gehrden	5231	960	15
‘Ewa Beach	2132	-15801	15
Engenheiro Beltrão	-2380	-5227	15
Chākuliā	2248	8672	15
New River	3392	-11214	15
Klimavichy	5361	3196	15
Herzberg am Harz	5166	1034	15
Kilgore	3239	-9488	15
Settimo Milanese	4548	906	15
Burbach	5075	808	15
La Algaba	3746	-601	15
San Gabriel	1977	-10400	15
Mohiuddinnagar	2557	8567	15
Huércal de Almería	3689	-244	15
Bredasdorp	-3453	2004	15
Vallam	1072	7906	15
Calkiní	2037	-9005	15
Aubange	4957	580	15
Darfo Boario Terme	4589	1019	15
Tezu	2791	9613	15
Palestrina	4183	1288	15
Oteapan	1800	-9467	15
Fullerton	4063	-7547	15
Brynmawr	5180	-318	15
Malacatán	1491	-9206	15
Knik-Fairview	6151	-14960	15
Kuressaare	5825	2250	15
Bayt Sāḩūr	3170	3523	15
Nuevo Arraiján	892	-7972	15
Kunnumma	936	7641	15
Pomáz	4764	1903	15
Maurānwān	2643	8088	15
Ialoveni	4694	2878	15
Chicama	-784	-7915	15
Magburaka	872	-1195	15
San Nicolás de Bari	2278	-8191	15
Billère	4330	-40	15
Nastola	6095	2593	15
Birzai	5620	2475	15
Vecindario	2785	-1544	15
Bo’ness	5602	-362	15
Concorezzo	4559	933	15
Hudson	4239	-7157	15
Tonawanda	4302	-7888	15
Corsham	5143	-218	15
Ladozhskaya	4531	3994	15
Villa Rica	3373	-8492	15
Homberg	5103	940	15
Carlentini	3728	1501	15
Alfredo V. Bonfil	2109	-8685	15
Zubin Potok	4291	2069	15
North New Hyde Park	4074	-7369	15
Burwood	-3785	14512	15
Mehnagar	2588	8312	15
Póvoa de Santo Adrião	3880	-917	15
Johnstown	4034	-10491	15
Saposoa	-693	-7677	15
Castelfidardo	4346	1355	15
Lamentin	1627	-6163	15
Tolland	4187	-7237	15
Bamnet Narong	1550	10169	15
Władysławowo	5479	1840	15
Höllviken	5541	1296	15
Itaú de Minas	-2074	-4675	15
Ouro Sogui	1561	-1332	15
Madre de Deus	-1274	-3862	15
Canyon	3498	-10192	15
Kutina	4548	1678	15
Kilquade	5310	-608	15
Chemax	2066	-8794	15
Pamukova	4051	3017	15
Bailleul	5074	274	15
Wimborne Minster	5078	-198	15
Nawānshahr	3277	7453	15
Jacksonville	3196	-9527	15
Berea	3757	-8430	15
Guamo	403	-7497	15
Grójec	5186	2087	15
Beryslav	4684	3343	15
Tenafly	4093	-7396	15
Marco	2597	-8173	15
Daira Din Panah	3057	7094	15
Pratteln	4752	769	15
Tizapán el Alto	2016	-10304	15
Guiljungan	998	12267	15
Billdal	5757	1193	15
Porto Franco	-634	-4740	15
Snihurivka	4708	3281	15
São Lourenço do Oeste	-2636	-5285	15
Santa Ana Nextlalpan	1974	-9907	15
Lusacan	1396	12134	15
Jackson	3738	-8967	15
Omegna	4588	841	15
Sengés	-2411	-4946	15
Mandaguaçu	-2335	-5210	15
Corinth	3493	-8852	15
Coto De Caza	3360	-11759	15
Zavodskoy	4346	13228	15
Sombrio	-2911	-4962	15
San Miguel Canoa	1915	-9810	15
Englewood	2696	-8235	15
Bredene	5123	298	15
Coronango	1912	-9831	15
Kalas	1817	7479	15
Courcouronnes	4861	241	15
Três Barras	-2611	-5032	15
Tredegar	5177	-325	15
Utrān	2123	7287	15
Chegdomyn	5113	13301	15
Khānpur	2473	7640	15
Villa Unida	919	-7962	15
Solothurn	4721	754	15
Santa María	-1201	-7689	15
Petrov Val	5014	4521	15
Crowley	3258	-9736	15
Rive-de-Gier	4553	462	15
Somma Lombardo	4568	871	15
Bromborough	5335	-298	15
Saint John	4145	-8747	15
Peshkopi	4169	2043	15
Boquim	-1115	-3762	15
Fatehgarh	2736	7963	15
Midlothian	4163	-8772	15
Welby	3984	-10496	15
Walldorf	4931	864	15
Dieren	5205	610	15
Horsham	4018	-7513	15
Mastic Beach	4077	-7285	15
Cirò Marina	3937	1712	15
Gafanha da Nazaré	4064	-871	15
Bebra	5097	980	15
Garforth	5379	-138	15
Mende	4452	350	15
Mashpee	4165	-7048	15
Mórfou	3520	3299	15
Schwarzenbek	5350	1048	15
Ciney	5029	510	15
Shāhgarh	2431	7912	15
Navashino	5554	4220	15
Al Majāridah	1912	4191	15
Hadley	5270	-248	15
Khed	1772	7340	15
Pavlovsk	5332	8298	15
Okotoks	5073	-11398	15
Urzhar	4709	8163	15
Powder Springs	3386	-8468	15
Masonboro	3418	-7785	15
San Sebastián	1456	-9165	15
São Gonçalo dos Campos	-1243	-3897	15
Jucás	-653	-3953	15
Lipno	5284	1918	15
Gaspé	4883	-6448	15
Jennings	3872	-9026	15
Kruibeke	5117	431	15
Sidhpura	2763	7887	15
Fritzlar	5113	928	15
Kochkor-Ata	4104	7248	15
Kępno	5128	1799	15
Matane	4883	-6752	15
Buldan	3805	2883	15
Bennekom	5200	568	15
Garhiyasin	2791	6851	15
Skoczów	4980	1879	15
Pervomaysk	5487	4380	15
Zehdenick	5298	1333	15
Ilkley	5392	-182	15
Santo Tomás	1207	-8509	15
Head of Westport	4162	-7106	15
Summerside	4640	-6379	15
Pallíni	3801	2388	15
Lucélia	-2172	-5102	15
Tlaxco	1961	-9812	15
Vredendal	-3167	1850	15
Ceccano	4157	1333	15
Cerritos	2243	-10028	15
Vilattikulam	913	7817	15
Madeji	2775	6845	15
Scottsbluff	4187	-10367	15
Armagh	5435	-667	15
Guadarrama	4067	-409	15
Al Azraq ash Shamālī	3188	3683	15
Dokri	2737	6810	15
Nuuk	6418	-5172	15
Jāfarpur	2232	8823	15
Dzhalil’	5502	5274	15
Patong	790	9830	15
Sierra Vista Southeast	3145	-11022	15
East Highland Park	3758	-7741	15
Doğanşehir	3809	3787	15
Burgdorf	4706	763	15
Bachi-Yurt	4322	4619	15
Akçadağ	3834	3797	15
Tlalmanalco	1921	-9880	15
Eshowe	-2889	3147	15
Shahbā	3286	3663	15
Sarriguren	4281	-160	15
Höganäs	5620	1256	15
Wiefelstede	5325	812	15
Villaviciosa	4348	-544	15
Carrigaline	5181	-840	15
Glen Allen	3767	-7751	15
Pio XII	-383	-4515	15
Johnson City	4212	-7596	15
Breo	4440	782	15
Nuevo San Juan Parangaricutiro	1942	-10213	15
Bergen auf Rügen	5442	1343	15
Jetalsar	2171	7058	15
Kondalwādi	1881	7777	15
Siddāpur	1434	7489	15
Martigny-Ville	4610	707	15
Wattignies	5059	304	15
Beaucaire	4381	464	15
Clitheroe	5387	-240	15
Douglaston	4077	-7375	15
Meethari Marwar	2758	7469	15
Dhalie	1370	4473	15
Człuchów	5367	1736	15
New Visayas	752	12562	15
Artsyz	4599	2943	15
Agusan	849	12474	15
Radomir	4255	2297	15
Langwedel	5298	919	15
Mineral Wells	3281	-9811	15
La Quiaca	-2210	-6559	15
Funes	-3292	-6081	15
Prestwick	5548	-462	15
Triunfo	-2994	-5172	15
Morąg	5392	1993	15
Tabalosos	-635	-7668	15
Mādugula	1792	8282	15
Oberndorf	4829	857	15
Knaresborough	5401	-147	15
Manchar	1900	7394	15
Nkoaranga	-333	3680	15
Ijevan	4088	4515	15
Mrkonjić Grad	4442	1708	15
Leninskoye	4176	6938	15
Inhambupe	-1178	-3835	15
Tarascon	4381	466	15
Sablé-sur-Sarthe	4784	-33	15
K’asp’i	4193	4443	15
Santa Catarina Ixtahuacán	1480	-9136	15
Çayıralan	3930	3564	15
Gümüşhacıköy	4087	3521	15
Belokurikha	5200	8499	15
Lalig	1398	12133	15
Burshtyn	4926	2463	15
Brasília de Minas	-1621	-4443	15
Cherryland	3768	-12210	15
Riva del Garda	4589	1084	15
Sangali	707	12220	15
Vilar do Paraíso	4109	-862	15
Koungheul	1398	-1480	15
Sorrento	4063	1438	15
Loreto	2601	-11135	15
Hain-Gründau	5024	914	15
Undurkhaan	4732	11066	15
Bokoro	1238	1706	15
Scottsboro	3467	-8603	15
Porto Belo	-2716	-4855	15
Nidzica	5336	2043	15
Ozark	3146	-8564	15
Alexander City	3294	-8595	15
Kozloduy	4378	2372	15
Svirsk	5309	10333	15
Lady Lake	2892	-8192	15
Biloli	1877	7772	15
Savignano sul Rubicone	4409	1240	15
Oria	4050	1764	15
Limanowa	4971	2042	15
Niceville	3052	-8648	15
Lübben	5194	1389	15
Kupwāra	3403	7426	15
Mohān	2678	8067	15
Prince Rupert	5432	-13032	15
Punta Umbría	3718	-697	15
Montmagny	4897	235	15
San Ramón	-1112	-7536	15
Santana do Acaraú	-346	-4021	15
Bergara	4312	-242	15
Purushottampur	1952	8489	15
Stadtbergen	4837	1085	15
La Entrada	1505	-8873	15
Icheu	771	677	15
Swift Current	5028	-10780	15
Bollène	4428	475	15
Ayyampettāi	1090	7918	15
West Norriton	4013	-7538	15
Clevelândia	-2640	-5247	15
Owosso	4300	-8418	15
Ust’-Abakan	5384	9139	15
Santa Maria da Boa Vista	-881	-3983	15
Longwy	4952	576	15
Anklam	5386	1369	15
Blytheville	3593	-8992	15
Ellington	4190	-7247	15
Ikast	5614	916	15
Şiran	4019	3912	15
Whitewater	4283	-8873	15
Pirapora do Bom Jesus	-2340	-4700	15
Mór	4738	1820	15
Chaltyr	4728	3948	15
Khānpur	2853	7807	15
Lebanon	3768	-9266	15
Colwood	4843	-12349	15
Slavyanka	4286	13139	15
Medina	-1622	-4148	15
Chicoral	422	-7498	15
Thuin	5034	429	15
Tosagua	-79	-8023	15
Troon	5554	-466	15
Andoain	4322	-203	15
Yuzha	5658	4201	15
Sarrebourg	4874	706	15
Kāmalāpuram	1460	7867	15
Rakhiv	4805	2420	15
Senec	4822	1740	15
Hollins	3734	-7994	15
Forrest City	3501	-9079	15
Doembang Nangbuat	1483	10010	15
Zulte	5092	345	15
Parkway	3850	-12146	15
Thornton Heath	5140	-10	15
Quiroga	1967	-10152	15
Otley	5391	-169	15
Kuleshovka	4708	3956	15
Radnevo	4230	2593	15
Béré	932	1616	15
Latiano	4055	1772	15
Brokopondo	506	-5498	15
Abong Mbang	398	1318	15
Merchtem	5095	423	15
Dzuunmod	4771	10695	15
Celendín	-687	-7815	15
Parambu	-621	-4069	15
Kalyazin	5724	3784	15
Viadana	4494	1052	15
Itambacuri	-1803	-4169	15
Abergavenny	5182	-302	15
Mos	4316	-755	15
Las Varillas	-3187	-6272	15
Gernsbach	4877	834	15
Igarra	729	610	15
Colesville	3908	-7700	15
Graham	3607	-7940	15
Pocking	4840	1331	15
Mennecy	4857	244	15
Cinnaminson	4000	-7499	15
Marhamat	4048	7231	15
Cedro	-661	-3906	15
Santa Elena	1417	12238	15
Ajaigarh	2490	8026	15
Gouré	1398	1027	15
Santa Cruz del Valle	2053	-10343	15
Fraser	4254	-8295	15
Kota	2445	8313	15
Võru	5783	2702	15
Chaparral	3202	-10639	15
São Joaquim de Bicas	-2005	-4427	15
Santa Marta de Tormes	4095	-563	15
Ankpa	740	763	15
Wau	-734	14672	15
Knocklyon	5328	-633	15
Juan Rodríguez Clara	1799	-9540	15
Clark	4064	-7431	15
Torre del Campo	3777	-390	15
La Chapelle-Saint-Luc	4832	404	15
Skipton	5396	-202	15
Sobhodero	2730	6840	15
Vrede	-2743	2917	15
Dalbandin	2889	6441	15
Norridge	4196	-8783	15
Teulada	3873	10	15
Lere	971	934	15
Novosineglazovskiy	5504	6138	15
Aţ Ţurrah	3264	3599	15
San Giorgio Ionico	4046	1738	15
Bachatskiy	5429	8613	15
Hammonton	3964	-7480	15
Foča	4351	1878	15
Altinópolis	-2103	-4737	15
Sārangarh	2159	8308	15
Bodmin	5047	-472	15
Nyakahanga	-160	3114	15
Zephyrhills	2823	-8218	15
Ingleby Greenhow	5445	-111	15
Buayan	612	12523	15
Vāghodia	2231	7340	15
Ciudad Hidalgo	1468	-9215	15
Margosatubig	758	12317	15
Krylovskaya	4632	3997	15
Orimattila	6080	2573	15
Vire	4884	-89	15
Winterberg	5119	853	15
Susner	2395	7609	15
College Park	3365	-8445	15
Sîngerei	4764	2814	15
Coevorden	5266	674	15
Kanungu	-96	2979	15
Groveton	3877	-7708	15
Macaúbas	-1302	-4270	15
Ismaning	4823	1168	15
Ba	-1753	17767	15
Haverfordwest	5180	-497	15
Phon	1582	10260	15
Paianía	3796	2385	15
Bariārpur	2529	8658	15
Bemidji	4747	-9488	15
Hawaiian Gardens	3383	-11807	15
Cangas del Narcea	4318	-655	15
Bloomsburg	4100	-7645	15
Thibodaux	2980	-9082	15
Codogno	4516	970	15
Náfplio	3757	2281	15
Gaurela	2275	8190	15
Santo Tomás	1364	-8913	15
Valle Vista	3375	-11689	15
El Rosario	2426	-10718	15
Endasak	-442	3552	15
Daulatpur	2650	6797	15
Grottammare	4298	1387	15
Spiesen-Elversberg	4932	713	15
Alamo	3785	-12203	15
Ternat	5087	417	15
Druid Hills	3378	-8434	15
Romilly-sur-Seine	4851	373	15
Frederikssund	5584	1207	15
Cusset	4613	346	15
Gautampura	2299	7552	15
Agliana	4390	1101	15
El Llano	2007	-9932	15
Otacílio Costa	-2748	-5012	15
Yankton	4287	-9740	15
Bhag	2904	6782	15
Bosobolo	419	1988	15
Las Amapolas	1915	-9620	15
Taucha	5138	1248	15
Kansipati	600	12123	15
Nossa Senhora das Dores	-1049	-3719	15
Tranås	5804	1498	15
Cocula	2037	-10382	15
Beech Grove	3972	-8609	15
Kamianka	4903	3210	15
Cedar Mill	4552	-12281	15
Quierschied	4932	705	15
San Lucas Tolimán	1459	-9115	15
Ndungu	-437	3805	15
Lake Saint Louis	3880	-9079	15
Dos de Mayo	-2702	-5469	15
Tonya	4088	3928	15
Northview	4305	-8560	15
Ankola	1466	7430	15
Harrisburg	3532	-8066	15
São João Batista	-2728	-4885	15
Ust’-Ordynskiy	5280	10475	15
Emerald	-2352	14816	15
La Mira Tumbiscatio	1868	-10228	15
Lakhtar	2286	7179	15
Bruz	4802	-175	15
Nynäshamn	5890	1795	15
Warrington	3038	-8727	15
Claremont	-3398	1847	15
Novo Oriente	-553	-4077	15
Jalakandapuram	1170	7787	15
Magadi	-190	3629	15
Clayton-le-Woods	5370	-267	15
Ammāpettai	1079	7932	15
Pôrto Barra do Ivinheima	-2297	-5367	15
Kauhajoki	6243	2218	15
Dalmatovo	5626	6294	15
Progreso	1888	-9915	15
Royal Kunia	2139	-15803	15
Deming	3227	-10776	15
Rumst	5108	442	15
Greece	4321	-7769	15
Springdale	3990	-7497	15
Lambari	-2198	-4535	15
Başkale	3805	4402	15
Phillipsburg	4069	-7519	15
Saint-Jean-de-Luz	4339	-166	15
Guachochi	2682	-10707	15
Beernem	5114	334	15
Kiboga	92	3177	15
Tecuala	2240	-10546	15
Levoča	4902	2059	15
Bigaa	1320	12376	15
Hopatcong	4093	-7466	15
Tinogasta	-2806	-6756	15
Locarno	4617	880	15
Domoni	-1226	4453	15
Clondalkin	5332	-640	15
Shādīpur Julāna	2912	7641	15
Turnov	5058	1515	15
Freyming-Merlebach	4915	678	15
Açucena	-1907	-4255	15
Chiang Khong	2026	10040	15
Bonito	-2112	-5648	15
Farap	3917	6361	15
Gussago	4558	1016	15
Marco	-312	-4015	15
Maktar	3586	920	15
Breukelen	5217	500	14
Worthington	4009	-8302	14
Saidpur	2861	7791	14
Whitman	4208	-7094	14
Greensburg	4030	-7954	14
Niedernhausen	5016	831	14
Agrate Brianza	4557	935	14
Hartselle	3444	-8694	14
Murray Bridge	-3512	13927	14
Bodri	2317	8143	14
Roza	5492	6146	14
Kavieng	-257	15080	14
Miami Springs	2582	-8029	14
Lauterbach	5064	940	14
Sada	4336	-826	14
South Farmingdale	4072	-7344	14
Castellana	4089	1717	14
Squinzano	4044	1804	14
Klimovo	5238	3219	14
Traiguén	-3825	-7267	14
Münsingen	4841	950	14
Fucecchio	4373	1080	14
Sárospatak	4832	2157	14
Omu-Aran	814	510	14
Angatuba	-2349	-4841	14
Słupca	5229	1787	14
Pirae	-1752	-14953	14
East Islip	4073	-7319	14
Kerman	3672	-12006	14
Krems an der Donau	4841	1561	14
Enniskillen	5435	-764	14
Warsaw	4124	-8585	14
Glasgow	3700	-8591	14
Korablino	5392	4001	14
Plochingen	4871	942	14
Valavanur	1192	7958	14
Ringim	1215	916	14
Landen	5075	508	14
Wschowa	5181	1632	14
Arnedo	4223	-210	14
Elumalai	987	7770	14
Kalilangan	775	12475	14
Chodov	5024	1275	14
Yashikira	977	340	14
North Branford	4133	-7277	14
Agrestina	-846	-3594	14
Thiruvaiyaru	1088	7910	14
San Carlos	1783	-9253	14
Fairview	4081	-7400	14
Gwanda	-2094	2901	14
Desamparados	995	-8451	14
Carmo do Rio Claro	-2097	-4612	14
Ostrzeszów	5143	1793	14
Koratagere	1352	7724	14
Anzin	5037	350	14
Valbom	4113	-856	14
Lagoa	3774	-2557	14
Taglio	4502	1221	14
Kudāl	1601	7369	14
Immenstadt im Allgäu	4756	1021	14
Gabú	1228	-1422	14
Ban Thai Tan	1462	10049	14
Ascensión	-1570	-6308	14
Prenton	5337	-305	14
Springfield	4070	-7432	14
Jomboy Shahri	3970	6709	14
Ibipeba	-1164	-4201	14
Chubbuck	4292	-11247	14
Boca do Acre	-875	-6740	14
Erriadh	3382	1085	14
Scott Lake	2594	-8023	14
Isny	4769	1004	14
Kalývia Thorikoú	3784	2393	14
Jibia	1309	723	14
That Phanom	1694	10471	14
Llantrisant	5154	-337	14
Bilkha	2144	7060	14
Cittadella	4565	1178	14
Demre	3624	2998	14
Robbinsdale	4503	-9334	14
Tihuatlan	2071	-9753	14
Horizontina	-2763	-5431	14
Kraichtal	4915	873	14
Creutzwald	4921	670	14
Hendaye	4336	-177	14
Mānikpur	2506	8110	14
Franklin Park	4058	-8009	14
Markgröningen	4890	908	14
Varenikovskaya	4512	3764	14
Eustaquio Lopez	1082	12304	14
Lindenhurst	4241	-8803	14
Bridgetown	3915	-8464	14
Wemmel	5091	431	14
Callaway	3015	-8557	14
Rio Grande City	2638	-9882	14
Morpeth	5517	-169	14
Karārī	2545	8143	14
Pineville	3132	-9243	14
Bissendorf	5223	817	14
Cahokia	3857	-9019	14
Pānchgani	1792	7380	14
Port Antonio	1818	-7645	14
Novhorod-Sivers’kyy	5201	3326	14
Tafresh	3469	5002	14
Kariapatti	968	7810	14
Darłowo	5442	1641	14
Çaykara	4074	4023	14
Maglie	4012	1830	14
Luz	-1980	-4569	14
Bastogne	5000	572	14
Oton	1069	12247	14
Sarasota Springs	2731	-8248	14
Mill Valley	3791	-12254	14
Guaduas	507	-7459	14
Rasulnagar	3233	7378	14
Arkadak	5193	4350	14
Pong	1915	10028	14
Cássia	-2058	-4692	14
Verín	4194	-744	14
Fray Luis A. Beltrán	-3279	-6073	14
Kajuru	1032	768	14
Tetiiv	4938	2966	14
Hugo	4516	-9299	14
Nongpoh	2590	9188	14
Mineros	-1712	-6323	14
Los Palmitos	938	-7527	14
Issoudun	4695	199	14
Barlinek	5299	1522	14
Llantwit Major	5141	-349	14
Ahiri	1941	8000	14
Marienberg	5065	1316	14
Mildenhall	5234	51	14
Zavidovići	4445	1815	14
Basse Santa Su	1331	-1421	14
Schriesheim	4947	866	14
Gubbio	4335	1257	14
Ekenäs	5997	2343	14
Fălești	4758	2771	14
Moultrie	3118	-8379	14
Azpeitia	4318	-227	14
Dewā	2704	8117	14
Nymburk	5019	1504	14
Thérmi	4055	2302	14
Brooklyn Park	3923	-7662	14
Chicago Ridge	4170	-8778	14
Volpiano	4520	778	14
Nookat	4027	7262	14
Cutlerville	4284	-8566	14
Mahina	-1751	-14949	14
Breisach am Rhein	4803	758	14
Sung Noen	1490	10182	14
Bree	5114	560	14
Niederzier	5088	647	14
Morris	4136	-8842	14
Macaparana	-755	-3545	14
Zábřeh	4988	1687	14
Chasiv Yar	4859	3786	14
Santa Clara del Cobre	1941	-10164	14
Pinxton	5309	-132	14
Chinchani	1987	7269	14
Sai Buri	670	10162	14
Hartford	4332	-8838	14
Formosa do Rio Preto	-1105	-4519	14
Villeneuve-Loubet	4366	712	14
Yeşilhisar	3835	3509	14
Chapelle-lez-Herlaimont	5047	428	14
Brookside	3967	-7573	14
Éghezée	5059	491	14
Vulcăneşti	4568	2841	14
Arcozelo	4106	-863	14
Poynton	5335	-212	14
Lívingston	1583	-8875	14
Bad Salzdetfurth	5206	1001	14
Acajutiba	-1166	-3802	14
Highland Park	4050	-7442	14
Beacon	4150	-7397	14
Woodcrest	3388	-11736	14
Ashmyany	5442	2594	14
Matveyev Kurgan	4756	3887	14
Recanati	4340	1355	14
Sandhausen	4934	866	14
Neckargemünd	4939	880	14
Roxas	1258	12152	14
Krasnoslobodsk	4871	4458	14
Castellaneta	4063	1693	14
Greendale	4294	-8800	14
Bela Vista do Paraíso	-2300	-5119	14
Murrhardt	4898	957	14
Ekuvukeni	-2847	3016	14
Paracuellos de Jarama	4050	-353	14
Bemban	227	10237	14
Antioch	4248	-8810	14
Gassol	854	1045	14
Piera	4152	175	14
San Vicente	2075	-10525	14
Bad Wurzach	4791	990	14
Ahwa	2076	7369	14
Hunters Creek	2836	-8142	14
Mollerussa	4163	90	14
Carthage	3718	-9431	14
Grenaa	5642	1088	14
San Pedro Sacatepéquez	1469	-9064	14
Manorville	4087	-7281	14
Saint-Just-Saint-Rambert	4550	424	14
Salon	2603	8145	14
Mūrak	3538	3669	14
Klein Reken	5179	704	14
São Francisco de Assis	-2955	-5513	14
Shani	1022	1206	14
Phelan	3443	-11757	14
Ambahta	2986	7734	14
Glasgow	3960	-7575	14
Freienbach	4721	876	14
Fraga	4152	35	14
Nāzirā	2692	9474	14
Conchas	-2302	-4801	14
Leova	4648	2825	14
Buguda	1981	8479	14
Sukhodol	5390	5121	14
Berea	3489	-8246	14
Alausí	-220	-7885	14
Tovarkovo	5468	3594	14
Kempele	6491	2550	14
Tamboril	-483	-4032	14
Didsbury	5342	-223	14
Glens Falls	4331	-7364	14
Iúna	-2035	-4154	14
Dărmăneşti	4637	2648	14
Bela Vista de Goiás	-1697	-4895	14
Granville	4884	-160	14
Hennebont	4781	-327	14
General Miguel Alemán	1889	-9679	14
San Cristóbal	-3031	-6124	14
Saint-Maurice	4882	243	14
Bānsgāon	2655	8335	14
West Wodonga	-3612	14685	14
Pegnitz	4975	1154	14
Mariánské Lázně	4996	1270	14
Tokoroa	-3823	17587	14
West Wickham	5137	-2	14
Los Osos	3531	-12083	14
Chak	2786	6883	14
New Franklin	4094	-8154	14
Ampére	-2591	-5347	14
Ban Su-ngai Pa Di	607	10187	14
Sassenberg	5199	804	14
Rotenburg an der Fulda	5100	973	14
Guarne	628	-7544	14
Cërrik	4103	1998	14
Châlette-sur-Loing	4801	274	14
Burauen	1098	12489	14
Genappe	5061	445	14
Brühl	4940	853	14
Bonheiden	5102	455	14
Cerqueira César	-2304	-4917	14
Stone	5291	-215	14
Hershey	4029	-7665	14
Palmira	1888	-9711	14
Knightdale	3579	-7848	14
Nyzhnya Krynka	4811	3816	14
Hewitt	3146	-9720	14
Ostroh	5033	2651	14
Mykolaiv	4952	2399	14
Kovin	4475	2098	14
Kankipādu	1644	8077	14
Villa de El Carmen Tequexquitla	1932	-9765	14
Canelas	4108	-860	14
Gorokhovets	5620	4269	14
Novaya Lyalya	5906	6060	14
Beyneu	4532	5520	14
Cherán	1969	-10195	14
Tāl	2372	7539	14
Malsch	4888	833	14
Dalipuga	832	12425	14
Tlaxcoapan	2009	-9922	14
Chota	-655	-7865	14
Estella-Lizarra	4267	-203	14
Alpine	3284	-11677	14
Alindao	503	2121	14
Pueblo Yaqui	2736	-11003	14
Gibsonton	2785	-8238	14
Horsham	-3671	14220	14
Grünberg	5059	896	14
Bishops Cleeve	5195	-206	14
Costa de Caparica	3864	-924	14
Mudukulattūr	934	7851	14
Gantt	3480	-8242	14
Hlučín	4990	1819	14
Panorama	-2136	-5186	14
Solnechnyy	5072	13664	14
Dzhalagash	4508	6467	14
Neunkirchen	5080	800	14
Gadzhiyevo	6926	3334	14
Maridi	492	2947	14
Kouroussa	1065	-988	14
Castellanza	4561	890	14
Cibitoke	-289	2912	14
Lopatinskiy	5534	3872	14
Ugbokpo	765	788	14
Iguaí	-1476	-4009	14
Ikauna	2753	8197	14
Bakewar	2666	7918	14
Lakeway	3036	-9798	14
Moorestown-Lenola	3997	-7496	14
Sānwer	2297	7583	14
Koryukivka	5177	3225	14
Murraysville	3430	-7785	14
Bady Bassitt	-2092	-4945	14
Bátonyterenye	4797	1984	14
Akabira	4355	14205	14
Las Matas	4056	-389	14
O Barco de Valdeorras	4242	-699	14
Mailāni	2829	8034	14
Pichucalco	1751	-9312	14
Kaoma	-1478	2480	14
São José do Belmonte	-786	-3876	14
Canton	4056	-9004	14
Pola de Laviana	4325	-556	14
Salinera Colán	-503	-8107	14
Chojnów	5127	1594	14
Kāveripatnam	1242	7822	14
Woudrichem	5181	500	14
Bradley Gardens	4056	-7465	14
Châteaurenard	4388	485	14
Elk Plain	4705	-12240	14
Recreo	-2928	-6506	14
Rāzole	1648	8184	14
Maraial	-878	-3581	14
Tarqūmyā	3158	3501	14
Camano	4817	-12253	14
Barsinghausen	5230	945	14
Jalpa	2163	-10298	14
Strabane	5482	-747	14
Patulul	1442	-9116	14
Bad Camberg	5030	827	14
Aartselaar	5113	439	14
Schwalbach am Taunus	5015	853	14
Ritterhude	5318	874	14
Eppelheim	4940	864	14
Devadānappatti	1015	7764	14
Kelaat Mgouna	3125	-613	14
Hagen	5220	798	14
Toropets	5650	3164	14
Langenthal	4722	780	14
Bonyhád	4630	1853	14
Thiruvidaimaruthur	1100	7945	14
Kyelang	3257	7702	14
Torredonjimeno	3777	-396	14
Ibirubá	-2863	-5309	14
Berkeley Heights	4068	-7444	14
Dharampuri	2215	7534	14
Schwyz	4702	865	14
Akdepe	4206	5938	14
Mount Holly	3530	-8102	14
Langenau	4850	1012	14
Featherstone	5264	-209	14
Jawf al Maqbābah	1384	4583	14
Redenção	-423	-3873	14
Tenancingo de Degollado	1896	-9959	14
Rosemère	4563	-7380	14
Barro Alto	-1176	-4191	14
Samarate	4562	879	14
Valenza	4202	-863	14
Cherry Hill Mall	3994	-7501	14
Hythe	5107	108	14
Misasi	-300	3308	14
Oldsmar	2803	-8267	14
Yermentau	5162	7310	14
Williams Lake	5214	-12214	14
Chiva	3947	-72	14
Fene	4345	-815	14
Maracaçumé	-204	-4596	14
Mīrābād	3044	6184	14
Schleiden	5053	648	14
Nong Bua	1586	10059	14
Saint-Lin-Laurentides	4585	-7377	14
Kantang	741	9952	14
Gyömrő	4743	1940	14
Ihtiman	4243	2382	14
Samora Correia	3894	-887	14
Galatone	4015	1807	14
Shahpur	3227	7247	14
Murmashi	6882	3281	14
Fourmies	5002	405	14
Fort Payne	3444	-8572	14
Leopoldsburg	5112	525	14
Mamadysh	5572	5141	14
Borisovka	5060	3602	14
Chirgaon	2557	7881	14
Kegeyli Shahar	4278	5961	14
Český Krumlov	4881	1432	14
Wykagyl	4094	-7380	14
Porteirinha	-1574	-4303	14
Schiffdorf	5353	865	14
Lliçà d'Amunt	4162	223	14
Jefferson Valley-Yorktown	4132	-7380	14
Chopinzinho	-2586	-5252	14
Trepuzzi	4041	1808	14
Kerben	4149	7176	14
Manatí	1045	-7496	14
Mabamba	-360	3050	14
Five Forks	3480	-8223	14
Shijak	4135	1957	14
Kakunodatemachi	3959	14057	14
Soeng Sang	1443	10246	14
Wennigsen	5227	957	14
Shankargarh	2518	8162	14
Gönen	3796	3051	14
El Dorado	2432	-10736	14
Hayden	4777	-11679	14
Briceni	4836	2770	14
Shilka	5185	11603	14
Red Bluff	4018	-12224	14
Binningen	4754	757	14
Tepoztlán	1899	-9910	14
Hannut	5067	508	14
Pukchil-lodongjagu	4020	12575	14
New Fairfield	4147	-7349	14
Dikili	3907	2689	14
Nirsā	2378	8671	14
Cardano al Campo	4565	877	14
Canet de Mar	4159	258	14
Forest Park	4188	-8781	14
Mindelheim	4805	1049	14
Pātan	2329	7969	14
Hickory Hills	4173	-8783	14
Anguillara Sabazia	4208	1228	14
Hyannis	4165	-7028	14
Arverne	4059	-7380	14
Hazel Crest	4157	-8769	14
Morges	4651	650	14
Khorol	4978	3328	14
Anahuac	2220	-9786	14
Turuvekere	1316	7667	14
O Carballiño	4243	-808	14
Narvik	6844	1743	14
Yangi Marg‘ilon	4043	7172	14
Baraúna	-508	-3762	14
Whitefish Bay	4311	-8790	14
San Vicente	911	-7960	14
Bacacay	1329	12379	14
Lusciano	4097	1419	14
Weehawken	4077	-7402	14
Sterling	4063	-10321	14
Chorhat	2443	8167	14
North Reading	4258	-7108	14
Barillas	1580	-9132	14
Indiana	4062	-7915	14
Haldībāri	2634	8878	14
Toulépleu Gueré	657	-843	14
Santa Maria A Vico	4103	1447	14
Tando Bago	2479	6897	14
San José el Alto	2065	-10038	14
Altes Lager	4842	954	14
Chiang Kham	1952	10030	14
Lapua	6297	2301	14
Olpād	2134	7275	14
Gunjur	1320	-1673	14
Fish Hawk	2785	-8221	14
Kailahun	828	-1057	14
Longwood	2870	-8134	14
Ringwood	5085	-179	14
Sathankulam	844	7791	14
Maqat	4765	5332	14
Nakskov	5483	1114	14
Kuchinda	2174	8435	14
Ciudad Rodrigo	4060	-653	14
Akhty	4146	4773	14
Dunda	-812	3425	14
Moth	2573	7895	14
Las Varas	2118	-10514	14
Dapchi	1250	1150	14
Vicovu de Sus	4793	2568	14
Shergarh	2865	7937	14
Kuragino	5389	9268	14
Jasper	3383	-8728	14
Andalgalá	-2758	-6632	14
Si Chiang Mai	1796	10259	14
Reidsville	3635	-7966	14
Vallirana	4139	193	14
Călăraşi	4726	2831	14
Puerto Santa	-899	-7865	14
Guapiaçu	-2080	-4922	14
Tapejara	-2807	-5201	14
Jejūri	1828	7416	14
Berre-l'Étang	4348	517	14
Dentsville	3406	-8096	14
Northbridge	4215	-7165	14
Ālampur	1588	7813	14
Genthin	5241	1216	14
New Cassel	4076	-7357	14
Rosedale	3538	-11915	14
San Pawl il-Baħar	3595	1442	14
Santa Lucía	-2899	-5910	14
Khrystynivka	4882	2998	14
Manicoré	-581	-6130	14
Apollo Beach	2777	-8241	14
Ezequiel Montes	2066	-9990	14
Waycross	3121	-8236	14
Hawick	5542	-279	14
Ruíz	2195	-10514	14
Yunak	3881	3173	14
Washington	3856	-9101	14
Wicklow	5298	-605	14
Baffa	3444	7322	14
Chippewa Falls	4494	-9139	14
Ŭrtaowul	4119	6915	14
Çorovodë	4050	2023	14
Simaria	2479	8115	14
Lakhipur	2603	9031	14
Kaspiyskiy	4539	4737	14
Mimoso do Sul	-2106	-4137	14
Carovigno	4071	1766	14
Bilaspur	3133	7676	14
Bovolone	4526	1112	14
Stepnoye	5138	4685	14
Kirākat	2564	8292	14
Santa Marinella	4203	1185	14
Wilanów	5216	2109	14
Avrig	4572	2438	14
Uhingen	4870	959	14
Guia	2814	-1563	14
Ngala	1234	1419	14
Villefranche-de-Rouergue	4435	204	14
Westwood	4221	-7122	14
Bad Wörishofen	4801	1060	14
Pszów	5004	1839	14
Mount Washington	3805	-8555	14
Langerwehe	5082	635	14
Trancoso	2274	-10237	14
Santo Tirso	4134	-848	14
East Bridgewater	4203	-7096	14
Fawkner	-3772	14497	14
Cantagalo	-2198	-4237	14
Washington Court House	3954	-8344	14
Münster	4992	887	14
América Dourada	-1146	-4144	14
Ascope	-771	-7911	14
Chinsali	-1054	3208	14
Rocky Point	4095	-7293	14
Hālawa	2138	-15792	14
Santa Úrsula	2843	-1649	14
Llanes	4342	-475	14
Lopik	5197	495	14
Binagadi	4047	4983	14
Bang Yai	1384	10036	14
Ghiror	2719	7879	14
Gramoteino	5454	8638	14
Holliston	4220	-7142	14
Edingen-Neckarhausen	4946	861	14
Al Qābil	2257	5869	14
Żnin	5285	1772	14
Kharhiāl	2029	8276	14
Melsungen	5113	955	14
Mīzan Teferī	700	3559	14
Çivril	3830	2974	14
Pierre	4437	-10035	14
Tostado	-2923	-6177	14
Saco dos Limoes	-2761	-4854	14
Mikashevichy	5222	2748	14
Zemio	503	2514	14
Concepción	993	-8400	14
Neustadt in Sachsen	5103	1422	14
Lugones	4340	-581	14
Ryhope	5487	-137	14
Bīleh Savār	3938	4835	14
Rivazzurra	4404	1261	14
Petra	3032	3548	14
Lillestrøm	5996	1105	14
Richmond	-4133	17318	14
Koror	734	13447	14
Oboyan’	5121	3628	14
Sironko	123	3425	14
Rukungiri	-84	2994	14
Kiruhura	-20	3084	14
Collingswood	3992	-7507	14
Horizon West	2843	-8162	14
Mahikeng	-2587	2564	14
Kataba	-1188	2978	14
Gubat	1292	12412	14
Benjamin Constant	-438	-7003	14
Francisco Sá	-1648	-4349	14
Kalkar	5174	629	14
Solnechnyy	5058	13703	14
Koundara	1248	-1330	14
Miguelturra	3896	-389	14
Mortara	4525	873	14
Elfers	2822	-8272	14
Vera	3724	-186	14
Dundonald	5459	-580	14
McFarland	3568	-11923	14
San Pablo	1005	-7527	14
Mumford	526	-76	14
Sayula de Alemán	1788	-9496	14
Bulihan	1428	12100	14
Sabana de la Mar	1906	-6939	14
Beach Park	4242	-8786	14
Sun Lakes	3321	-11188	14
Forfar	5664	-289	14
Veglie	4033	1796	14
Chernigovka	4434	13257	14
Drapetsóna	3795	2362	14
Šternberk	4973	1730	14
Fairburn	3357	-8458	14
Lincoln	4015	-8936	14
Seekonk	4181	-7134	14
Junqueirópolis	-2151	-5143	14
Anapskaya	4490	3739	14
Bovenden	5159	992	14
Upper Grand Lagoon	3016	-8574	14
Rājāpur	2539	8115	14
Bourne	5277	-38	14
Juquitiba	-2393	-4707	14
Mainburg	4864	1178	14
Villa de Zaachila	1695	-9675	14
Capurso	4105	1692	14
Leżajsk	5026	2242	14
Iglino	5483	5641	14
Misau	1131	1047	14
Willowick	4163	-8147	14
Ciudad Manuel Doblado	2073	-10195	14
Orange	4128	-7303	14
Neuenkirchen	5224	737	14
Bad Soden-Salmünster	5028	937	14
Auburn	3890	-12108	14
Morro da Fumaça	-2865	-4921	14
Santa Ana	932	-7457	14
Brunsbüttel	5390	910	14
Rāmkola	2690	8384	14
Rabūpura	2825	7760	14
Real del Valle (El Paraíso) [Fraccionamiento]	2055	-10337	14
South Venice	2705	-8242	14
Cuerámaro	2063	-10167	14
Puerto Lumbreras	3756	-181	14
Hekimhan	3882	3793	14
Monte Patria	-3069	-7096	14
Valga	5778	2605	14
Sóller	3977	272	14
Canals	3896	-58	14
Metković	4305	1765	14
Gandi	1296	574	14
Maumee	4156	-8365	14
Jever	5357	790	14
Kameshkovo	5635	4101	14
Kotsyubyns’ke	5049	3033	14
Middlesex	4057	-7449	14
Nemours	4828	269	14
Goshaingaon	2644	8996	14
Cossato	4557	818	14
Saarwellingen	4935	680	14
Saryozek	4436	7797	14
Allouez	4448	-8802	14
Nacaome	1354	-8749	14
Echuca	-3614	14475	14
Arvika	5966	1259	14
Camamu	-1394	-3910	14
Simcoe	4283	-8030	14
Şefaatlı	3950	3476	14
Paradise Valley	3353	-11194	14
Anzegem	5084	348	14
Ago-Are	850	342	14
Moberly	3942	-9244	14
Dalican	697	12440	14
Soalkuchi	2617	9157	14
Kuala Perlis	640	10013	14
Petrovaradin	4525	1988	14
Wood Dale	4196	-8798	14
Ollioules	4314	585	14
Kotwa	2503	8132	14
Covington	3360	-8386	14
Saint Simon Mills	3117	-8141	14
Kuršėnai	5600	2294	14
Levelland	3359	-10238	14
Hutchinson	4489	-9437	14
Água Branca	-589	-4264	14
Leninkent	4297	4735	14
Greytown	-2906	3059	14
Rescaldina	4562	895	14
Wąbrzeźno	5328	1895	14
Amherstburg	4210	-8310	14
Miahuatlán	1855	-9744	14
Villa del Campo	3251	-11674	14
Saraland	3082	-8807	14
Ore	675	488	14
Lan Sak	1545	9958	14
Sertanópolis	-2306	-5104	14
Verkhnedneprovskiy	5498	3335	14
Stein	4942	1102	14
King City	3621	-12113	14
Livingston	3739	-12072	14
Majītha	3176	7496	14
Polonnaruwa	794	8100	14
Sivers’k	4887	3810	14
Prymors’k	4673	3634	14
Marietta	3942	-8145	14
Uruobo-Okija	590	684	14
Ocaña	1007	12362	14
Belm	5230	813	14
Nizāmābād	2605	8306	14
Pedras de Fogo	-740	-3512	14
Füssen	4757	1070	14
Ziro	2759	9384	14
Falls Church	3888	-7717	14
Bollullos par del Condado	3734	-654	14
Rønne	5510	1471	14
Acala	1656	-9280	14
Srednyaya Akhtuba	4871	4487	14
Aguadulce	3681	-257	14
Metuchen	4054	-7436	14
Trinitapoli	4136	1609	14
Contamana	-733	-7502	14
Pattensen	5226	976	14
Kinkala	-436	1476	14
Izra‘	3287	3625	14
Laterza	4063	1680	14
Wohlen	4735	828	14
Pandaria	2222	8141	14
Damasak	1311	1251	14
Lons	4332	-41	14
Marghita	4735	2233	14
Groß-Zimmern	4987	883	14
Olean	4208	-7843	14
Castro Alves	-1277	-3943	14
Beccles	5246	156	14
Petrinja	4544	1629	14
Statte	4053	1720	14
Porto Salvo	3872	-930	14
Binkolo	895	-1198	14
Siqueira Campos	-2369	-4983	14
Joshīmath	3056	7956	14
Itaíba	-895	-3742	14
Pemagatshel	2704	9140	14
Caarapó	-2263	-5482	14
Caudry	5012	341	14
Oneonta	4245	-7506	14
Basse Lasne	5070	449	14
Ephrata	4018	-7618	14
Plérin	4854	-278	14
San Jacinto Amilpas	1710	-9676	14
Amloh	3061	7623	14
Babayurt	4360	4678	14
Circleville	3960	-8295	14
Weno	745	15184	14
Derzhavīnsk	5110	6632	14
San Salvador Cuauhtenco	1919	-9909	14
Purépero de Echáiz	1991	-10201	14
San Francisco Zapotitlán	1459	-9152	14
Forest City	2867	-8144	14
Berlare	5103	400	14
Guapí	257	-7789	14
Okulovka	5840	3329	14
Altayskoye	5195	8533	14
Berovo	4170	2286	14
Alajuelita	990	-8410	14
Piquete	-2261	-4518	14
Corbera de Llobregat	4142	192	14
Županja	4508	1870	14
Şuhut	3853	3055	14
Gondomar	4211	-875	14
Longuenesse	5073	224	14
Kargil	3456	7613	14
Dirba	3007	7600	14
Kelsterbach	5006	853	14
Apaxco de Ocampo	1998	-9917	14
Harper Woods	4243	-8292	14
Arroyomolinos	4027	-392	14
Malaya Vishera	5885	3222	14
Princeton Meadows	4033	-7456	14
Whitehall	4036	-7999	14
Nov	4015	6937	14
Batabanó	2272	-8229	14
Sungai Pelek New Village	265	10170	14
Makilala	695	12510	14
Kem’	6496	3458	14
Linnich	5098	627	14
Simeria	4585	2302	14
Sault Ste. Marie	4650	-8435	14
Rokycany	4974	1359	14
Grodzisk Wielkopolski	5223	1637	14
Lohfelden	5127	953	14
Borjomi	4185	4340	14
Manggahan	1429	12090	14
Areia	-696	-3569	14
Val-de-Reuil	4927	121	14
Allāhganj	2755	7969	14
Tlacolula de Matamoros	1695	-9648	14
La Llagosta	4151	219	14
Tryavna	4287	2550	14
Betma	2269	7561	14
Andrews	3232	-10255	14
Hendersonville	3532	-8246	14
Wauconda	4226	-8814	14
Manilva	3638	-525	14
Fort Carson	3874	-10479	14
Wörgl	4749	1206	14
Oak Park	3418	-11876	14
Port Lincoln	-3473	13587	14
Kyaka	-125	3142	14
Garliava	5482	2387	14
Stanford	3742	-12217	14
Torelló	4205	227	14
Vettavalam	1211	7925	14
Rosario del Tala	-3230	-5915	14
Littleborough	5364	-210	14
Qarazhal	4801	7080	14
Sahline	3575	1071	14
Kandıra	4107	3015	14
Knottingley	5371	-126	14
Dębno	5274	1470	14
Lys-lez-Lannoy	5067	322	14
Ubajara	-385	-4092	14
Ganta	730	-853	14
Pottsville	4069	-7620	14
Corbetta	4547	892	14
Novolukoml’	5466	2915	14
Hantsavichy	5276	2643	14
Bolnisi	4145	4454	14
Altınoluk	3958	2674	14
Shchastya	4874	3923	14
Weilburg	5048	826	14
Kharela	2554	7981	14
Vigonza	4543	1197	14
Mwinilunga	-1174	2443	14
Steinheim	5187	909	14
Beaconsfield	5161	-65	14
Târgu Frumos	4720	2700	14
Calolziocorte	4580	944	14
Vicente Guerrero	1693	-9670	14
Homosassa Springs	2880	-8258	14
Charxin	3969	6683	14
Ladson	3299	-8011	14
Federación	-3101	-5790	14
Tālbahat	2504	7843	14
Quesnel	5298	-12249	14
Istmina	516	-7668	14
Biedenkopf	5091	853	14
Swampscott	4247	-7092	14
Bom Sucesso	-2103	-4476	14
Cananéia	-2501	-4793	14
Porz am Rhein	5089	706	14
Kadaura	2599	7984	14
Cihanbeyli	3866	3292	14
Leonforte	3764	1440	14
Al Burayqah	3041	1957	14
Cafelândia	-2180	-4961	14
Hüllhorst	5228	867	14
Grenzach-Wyhlen	4755	768	14
Llanera	4346	-593	14
Ecoporanga	-1837	-4083	14
Sharonville	3927	-8441	14
Wilsdruff	5105	1354	14
Aßlar	5059	846	14
Elizabethton	3635	-8221	14
Erbach	4966	899	14
Villa Juárez	2713	-10984	14
Caaporã	-752	-3491	14
Santa María Atarasquillo	1933	-9947	14
Gołdap	5431	2230	14
Freetown	843	-1329	14
Yeşilyurt	3830	3825	14
Clarksburg	3924	-7728	14
Toro	461	-7608	14
Zeulenroda	5065	1198	14
Bettola-Zeloforomagno	4543	931	14
Marienheide	5108	753	14
McMinnville	3568	-8577	14
Bansud	1287	12146	14
Provadia	4318	2743	14
Guipavas	4844	-440	14
Bandarbeyla	949	5081	14
Correia Pinto	-2758	-5036	14
Solap	2213	8816	14
Cromwell	4160	-7265	14
Tabligbo	658	150	14
Buford	3412	-8400	14
Miguel Calmon	-1143	-4059	14
San Miguel Chicaj	1509	-9039	14
Villa San Giovanni	3822	1564	14
Iglās	2771	7794	14
Wixom	4252	-8354	14
West Richland	4630	-11936	14
Pitrufquén	-3899	-7264	14
Brisas Barra de Suchiate	1454	-9222	14
Greenlawn	4087	-7337	14
Intibucá	1432	-8817	14
Leinefelde-Worbis	5139	1033	14
Stony Brook	4093	-7314	14
Thiers	4586	355	14
Ang Thong	1459	10045	14
Zarghūn Shahr	3285	6845	14
Waremme	5070	526	14
Bay Roberts	4760	-5326	14
Bridport	5073	-276	14
Navlya	5283	3450	14
San Ferdinando di Puglia	4130	1607	14
Heggadadevankote	1209	7633	14
Hünxe	5163	670	14
Pont-Sainte-Maxence	4930	260	14
Mountain Home	4313	-11569	14
Waimalu	2140	-15794	14
Somovo	5174	3937	14
Schwaz	4735	1171	14
Carpinteria	3440	-11952	14
Ispica	3679	1491	14
Avrillé	4750	-58	14
Casisang	814	12513	14
Salida	3771	-12108	14
Tremelo	5099	471	14
Woippy	4915	615	14
Elektrėnai	5479	2466	14
Sienna Plantation	2949	-9551	14
Arauco	-2858	-6679	14
Helensburgh	5601	-473	14
Raismes	5038	348	14
Supe	-1080	-7771	14
Seïada	3567	1089	14
Dabakala	836	-443	14
Tyazhinskiy	5612	8852	14
Bollnäs	6135	1639	14
Seabrook	2956	-9503	14
Vandalūr	1289	8008	14
La Joya	1889	-9912	14
Pomorie	4256	2763	14
Rödental	5030	1104	14
Tabarka	3695	876	14
Taguatinga	-1240	-4644	14
Cubelles	4121	167	14
Bois-Guillaume	4946	112	14
Gardendale	3366	-8681	14
Hidalgo	2610	-9826	14
Orito	67	-7687	14
Cambados	4251	-881	14
Testour	3655	944	14
Rellingen	5365	982	14
Rio Pomba	-2127	-4318	14
Muscle Shoals	3474	-8767	14
Puerto Wilches	735	-7390	14
Buda	3009	-9784	14
Lieksa	6332	3002	14
Moissac	4410	109	14
Tricase	3993	1835	14
Pyle	5152	-370	14
Papágou	3799	2379	14
Großenkneten	5294	825	14
Mebane	3610	-7927	14
Głubczyce	5020	1783	14
Baker	3059	-9117	14
Richton Park	4148	-8770	14
Bula	1347	12328	14
Maranding	792	12377	14
Lamas	-642	-7653	14
Eten	-691	-7986	14
Vuktyl	6386	5731	14
Strängnäs	5938	1703	14
Lyndhurst	4152	-8149	14
Rosyth	5604	-344	14
Lummen	5099	519	14
Wolsztyn	5212	1612	14
Athens	3544	-8459	14
Krupka	5068	1386	14
Tuchola	5359	1786	14
San Pedro Pochutla	1575	-9647	14
Fort Campbell North	3665	-8746	14
Amethī	2616	8181	14
Ponsacco	4362	1063	14
Unión Hidalgo	1647	-9483	14
Fraile Pintado	-2394	-6480	14
Extrema	-2285	-4632	14
Schermbeck	5168	687	14
East Greenwich	4166	-7146	14
Palos Verdes Estates	3380	-11839	14
Tekanpur	2599	7828	14
Motupe	-615	-7971	14
Betanzos	4328	-821	14
Plougastel-Daoulas	4837	-437	14
Karak	3312	7109	14
Hønefoss	6017	1026	14
Canton	3261	-9004	14
Boerne	2979	-9873	14
Swellendam	-3402	2044	14
Santa María Xonacatepec	1909	-9810	14
Pratāpgarh	2590	8194	14
Kalanaur	3201	7515	14
Saint Ann’s Bay	1844	-7720	14
Pho Chai	1633	10377	14
Roselle Park	4066	-7426	14
San Pablo	1493	-9200	14
San Pietro Vernotico	4049	1800	14
Garhi Khairo	2806	6798	14
Alexándreia	4063	2244	14
Lāsalgaon	2014	7424	14
Curti	1542	7402	14
Fort Mill	3501	-8095	14
Aldama	2292	-9808	14
Forster	-3218	15252	14
East Wenatchee	4742	-12029	14
Thandla	2301	7458	14
Kletnya	5339	3322	14
Tremestieri Etneo	3756	1508	14
San Clemente	-3554	-7149	14
Ichhāwar	2303	7702	14
Olivehurst	3910	-12155	14
Yahualica de González Gallo	2118	-10289	14
Casagiove	4107	1431	14
Moss Point	3041	-8853	14
Bexley	3997	-8294	14
Marshall	4445	-9579	14
Haslemere	5109	-71	14
Gutiérrez Zamora	2045	-9709	14
Cuitláhuac	1881	-9672	14
Chapada dos Guimarães	-1546	-5575	14
Tīkri	2923	7735	14
Abrantes	3947	-820	14
Pell City	3359	-8629	14
Martinsville	3669	-7987	14
Leini	4518	771	14
Porto Viro	4503	1222	14
Kamnik	4623	1461	14
Leverano	4029	1800	14
Feltre	4602	1190	14
Dison	5061	585	14
Živinice	4445	1865	14
Dăbuleni	4380	2408	14
Monroe	3379	-8371	14
Copley	4110	-8164	14
Bargteheide	5373	1027	14
Harran	3686	3903	14
Pontalina	-1752	-4945	14
Kabo	770	1863	14
Sankt Georgen im Schwarzwald	4813	834	14
Sindi	2081	7889	14
Ukrainka	5014	3075	14
San Pedro Tultepec	1927	-9951	14
Tuineje	2832	-1405	14
Tiszavasvári	4797	2135	14
Nibaliw Central	1613	12040	14
Zhytkavichy	5222	2786	14
Krasnokumskoye	4418	4350	14
Āttayyāmpatti	1153	7805	14
Donskoy	4741	4026	14
Xudat	4163	4868	14
Pößneck	5069	1159	14
Pa Daet	1950	9999	14
Ratzeburg	5370	1077	14
Lianga	863	12609	14
Rawai	778	9833	14
Raunheim	5001	845	14
Portlaoise	5303	-730	14
Morwell	-3823	14639	14
Bo Rai	1257	10254	14
Purranque	-4091	-7316	14
Cayce	3397	-8107	14
Corralejo	2873	-1387	14
Jahānābād	2863	7972	14
Vinzons	1417	12291	14
Likhovskoy	4815	4018	14
Chemolgan	4338	7662	14
Pirenópolis	-1585	-4896	14
Ivanava	5215	2554	14
West Freehold	4024	-7430	14
Lichtenstein	5076	1263	14
Miami	3687	-9488	14
İsmayıllı	4078	4815	14
Bergen	5281	996	14
Regeneração	-623	-4269	14
Rixheim	4775	740	14
La Grange Park	4183	-8786	14
Naantali	6047	2202	14
Port Orchard	4754	-12264	14
Saint-Brice-sous-Forêt	4900	235	14
Millbury	4219	-7176	14
Skoghall	5932	1347	14
Krasnogorskiy	5460	6123	14
Hampton Bays	4087	-7252	14
Horodnya	5189	3160	14
Lakhi	2785	6870	14
Grover Beach	3512	-12062	14
Sirāthu	2564	8132	14
Mahābaleshwar	1756	7340	14
Middelfart	5551	973	14
Sant'Antonio	4520	1079	14
Bergen Beach	4062	-7391	14
New Hamburg	4338	-8070	14
Middlewich	5319	-244	14
Tanūmah	2710	4413	14
Inhapim	-1955	-4212	14
Strathmore	5105	-11339	14
Nong Ki	1469	10254	14
Quilalí	1357	-8603	14
Presidente Olegário	-1842	-4642	14
Pospelikha	5195	8177	14
Chopan	2452	8302	14
Mount Barker	-3507	13887	14
Pativilca	-1070	-7778	14
Ichtegem	5110	302	14
Sainte-Maxime	4331	664	14
Milford Haven	5171	-503	14
Gopāmau	2753	8029	14
Hau-ri	4120	12947	14
Poncitlán	2038	-10293	14
Lotte	5228	792	14
Bumpe	789	-1191	14
Sangīn	3207	6484	14
Lebanon	4364	-7225	14
Saint-François	4642	391	14
Shāhkot	3108	7534	14
Chkalovsk	5677	4325	14
Lubbeek	5088	484	14
Market Deeping	5268	-32	14
Pagsañgahan	1322	12254	14
Palmeiras de Goiás	-1680	-4993	14
Wetherby	5393	-139	14
Kirk Sandall	5356	-107	14
Rāni	2535	7331	14
Makokou	57	1286	14
Harnes	5045	290	14
The Boldons	5494	-145	14
Lewisville	3610	-8042	14
Jericho	4079	-7354	14
Río Branco	-3260	-5339	14
Coyuca de Benítez	1701	-10009	14
Hudson	4497	-9276	14
Tibú	864	-7274	14
Shupīyan	3372	7483	14
Morelos	1965	-10124	14
Arti	5642	5853	14
Paraisópolis	-2255	-4578	14
Haßfurt	5004	1052	14
Sharon	4123	-8049	14
Ravels	5137	499	14
Stoke Gifford	5152	-254	14
Cotija de la Paz	1981	-10270	14
Qiziltepa	4003	6485	14
Beasain	4305	-220	14
Abalak	1545	628	14
Abalak	5813	6859	14
Bousso	1048	1671	14
Paipa	578	-7312	14
Sanski Most	4477	1667	14
Miguel Auza	2429	-10345	14
Gamawa	1213	1054	14
Nagarukhra	2294	8864	14
Opochka	5671	2866	14
Mahuta	-1087	3945	14
Nova Odesa	4731	3179	14
Glencoe	-2818	3015	14
Verona	4083	-7424	14
Afonso Cláudio	-2007	-4112	14
Skanderborg	5603	993	14
Swansea	3853	-8999	14
Újfehértó	4780	2168	14
Warrensville Heights	4144	-8154	14
Haacht	5098	464	14
Southern Pines	3517	-7939	14
Riverdale	4163	-8763	14
Biggin Hill	5131	3	14
Palmetto Estates	2562	-8036	14
Bludenz	4715	982	14
Lich	5052	882	14
Rovinj	4508	1363	14
Borken	5105	928	14
Cesate	4560	908	14
Valdés	3676	-424	14
Lohogaon	1860	7393	14
Henderson	3215	-9480	14
Glenmont	3906	-7705	14
North Mankato	4417	-9403	14
Méru	4923	213	14
Bang Khla	1372	10121	14
Minalin	1497	12068	14
Hockessin	3979	-7570	14
Jertih	573	10249	14
Ocean Grove	-3826	14452	14
Bom Jardim	-780	-3559	14
Puebloviejo	1099	-7428	14
Destin	3039	-8650	14
El Zulia	793	-7260	14
São Joaquim do Monte	-843	-3580	14
Amontada	-336	-3983	14
Nanhyanga	-1080	3955	14
Mount Dora	2880	-8164	14
Couvin	5005	449	14
Itanhém	-1717	-4033	14
Lynden	4895	-12245	14
Samaniego	134	-7760	14
Pinos Puente	3725	-375	14
Patiāli	2769	7900	14
Etzatlán	2077	-10408	14
Terra Santa	-210	-5649	14
Taraclia	4590	2867	14
Usingen	5034	854	14
Denzlingen	4807	788	14
Wombourn	5253	-218	14
Buggenhout	5102	420	14
Aguilar	3751	-466	14
Sarria	4278	-741	14
Piazza	4559	1016	14
Khargāpur	2482	7914	14
Shepshed	5277	-129	14
Esil	5195	6641	14
Havre de Grace	3955	-7609	14
Zaslawye	5401	2727	14
Vallensbæk	5562	1239	14
Phôngsali	2168	10210	14
Sainyabuli	1926	10171	14
Twello	5224	610	14
Özdere	3802	2713	14
Hatten	5305	838	13
La Motte-Servolex	4560	587	13
Naberera	-420	3693	13
Sāsni	2770	7808	13
Esneux	5054	557	13
Juquiá	-2432	-4763	13
Washington	4017	-8025	13
Vicuña	-3004	-7071	13
Hard	4748	968	13
Assenede	5123	375	13
Cham	4718	846	13
Blacon	5321	-293	13
Waxhaw	3492	-8074	13
White Center	4752	-12235	13
Ashtead	5131	-30	13
River Ridge	2996	-9022	13
Herselt	5105	488	13
Talanga	1440	-8708	13
Greystones	5314	-606	13
Nules	3985	-16	13
Rāmnagar	2708	8141	13
Jabbeke	5118	309	13
Chaplygin	5324	3996	13
Olympia Heights	2573	-8036	13
Dorfen	4827	1216	13
Voisins-le-Bretonneux	4876	205	13
Cajabamba	-762	-7805	13
Shklow	5421	3029	13
Pritzwalk	5315	1217	13
Jan Kempdorp	-2792	2483	13
Village of Campton Hills	4194	-8840	13
Feucht	4938	1121	13
Lima Duarte	-2184	-4379	13
Ruza	5570	3620	13
Dilijan	4074	4485	13
Ya‘bad	3245	3517	13
Bois-d'Arcy	4880	202	13
Kranuan	1671	10308	13
Ouled Moussa	3668	337	13
Bad Fallingbostel	5287	970	13
Seyssinet-Pariset	4518	569	13
Dongola	1918	3048	13
Panjāb	3439	6702	13
Mairi	-1171	-4015	13
Hamza	4043	7151	13
Guastatoya	1485	-9007	13
Río Grande	1838	-6583	13
Conway	2850	-8133	13
Gyānpur	2533	8247	13
Revúca	4868	2012	13
Glenn Dale	3899	-7682	13
Carambeí	-2495	-5012	13
Chiaravalle	4360	1333	13
Faxinal	-2400	-5132	13
San Marino	3412	-11811	13
Englewood	3988	-8430	13
Orangeburg	3349	-8086	13
Priozersk	4603	7370	13
Sale	-3811	14707	13
Ascensión	3109	-10800	13
Negreşti-Oaş	4787	2343	13
Oxted	5126	-1	13
Villeneuve-lès-Avignon	4397	480	13
San Carlos	1112	-8478	13
Hévié	642	225	13
Ospitaletto	4555	1008	13
Solana Beach	3299	-11727	13
Preußisch Oldendorf	5231	849	13
Timberwood Park	2971	-9848	13
Makarska	4330	1702	13
Lockhart	2988	-9767	13
Sauri	1173	678	13
Rosa	4593	1287	13
Barentin	4955	96	13
Sītāmau	2401	7535	13
Yonggang-ŭp	3886	12542	13
Jesenice	4643	1407	13
Brecksville	4132	-8163	13
Martí	2295	-8092	13
Daanbantayan	1125	12401	13
Ban Sam Chuk	1474	10010	13
Itumba	-940	3318	13
Tyup	4273	7836	13
Khvalynsk	5249	4811	13
Pariquera Açu	-2471	-4788	13
Pirallahı	4047	5032	13
Yzeure	4657	335	13
Nyírbátor	4783	2213	13
Goianinha	-626	-3521	13
Chesterton	4161	-8706	13
Esgueira	4065	-863	13
Vetlanda	5743	1508	13
Mbulu	-385	3553	13
Bhadarwāh	3298	7572	13
Zaozërsk	6940	3245	13
Gadani	2512	6673	13
Aracoiaba	-437	-3881	13
Grünstadt	4956	816	13
Sárbogárd	4689	1862	13
Villasanta	4561	931	13
Yuryuzan’	5486	5842	13
Golyshmanovo	5640	6837	13
Sauk Rapids	4559	-9417	13
Lagoa da Canoa	-983	-3674	13
Carugate	4555	934	13
Château-d'Olonne	4650	-174	13
Höchstadt an der Aisch	4971	1081	13
San Cipriano d'Aversa	4100	1413	13
South Park Township	4030	-7999	13
Náfpaktos	3839	2183	13
La Mira	1803	-10233	13
Sławno	5436	1668	13
Oatfield	4541	-12260	13
Paso del Macho	1897	-9672	13
Bargoed	5168	-323	13
Forquilha	-380	-4026	13
Solaro	4488	917	13
Hālawa Heights	2138	-15791	13
Äänekoski	6260	2573	13
Beloeil	5055	373	13
Mont-Laurier	4655	-7550	13
Duvergé	1838	-7152	13
Arroio dos Ratos	-3008	-5173	13
Villa Unión	2319	-10622	13
Baley	5158	11663	13
Zdzieszowice	5042	1812	13
Konduga	1165	1342	13
Faya-Largeau	1793	1910	13
Qobustan	4008	4941	13
Barrafranca	3738	1420	13
Luganville	-1552	16716	13
Jaca	4257	-55	13
Alora	3682	-471	13
Muisne	61	-8002	13
Monroe	3944	-8436	13
Rājnagar	2489	7991	13
Kings Park West	3881	-7730	13
Drahichyn	5219	2516	13
Uruzgān	3293	6663	13
San Marco in Lamis	4171	1564	13
Roncq	5075	312	13
Kastoria	4052	2126	13
Nesconset	4085	-7315	13
Thale	5175	1104	13
Pilas	3730	-630	13
Acuitlapilco	1927	-9824	13
Las Vegas	3559	-10522	13
Empalme Escobedo	2067	-10075	13
Alhos Vedros	3865	-902	13
Chamical	-3036	-6631	13
Cambita Garabitos	1845	-7020	13
Belmopan	1725	-8877	13
Garhi Pūkhta	2955	7731	13
Haradok	5546	2998	13
Mariental	-2463	1797	13
Taquaritinga do Norte	-790	-3604	13
Grain Valley	3902	-9420	13
Dunmore	4142	-7563	13
Weißenhorn	4831	1016	13
Taveta	-340	3768	13
Beausoleil	4374	742	13
Botro	785	-531	13
Eppstein	5014	839	13
Avarua	-2121	-15978	13
Adrasmon	4065	6998	13
Le Chambon-Feugerolles	4539	432	13
Brainerd	4636	-9420	13
Carluke	5574	-383	13
Western Springs	4181	-8790	13
Talovskiy	5112	4073	13
Dergaon	2670	9397	13
Busto Garolfo	4555	888	13
Ben Gardane	3314	1122	13
Devonport	-4118	14635	13
Kalininskaya	4548	3866	13
Verwood	5088	-187	13
Yang Talat	1640	10337	13
Rivière-Pilote	1449	-6090	13
Coquimatlán	1921	-10381	13
Udel’naya	5563	3800	13
Villafranca de los Barros	3856	-634	13
Polignano a Mare	4099	1722	13
Dindima	1023	1015	13
Chuguyevka	4417	13386	13
Discovery Bay	3791	-12160	13
Bambamarca	-668	-7853	13
Aradíppou	3495	3359	13
Alsager	5310	-231	13
Cadereyta	2070	-9982	13
Bedford	3886	-8649	13
Gradiška	4514	1725	13
Zizur Mayor	4279	-169	13
Māndal	2329	7192	13
Overpelt	5121	542	13
Malkāpur	1692	7393	13
Koluszki	5174	1982	13
Bellair-Meadowbrook Terrace	3018	-8174	13
Kamuthi	941	7837	13
Prishibinskoye	3912	4859	13
Caravaggio	4550	964	13
Petrovskaya	4543	3795	13
Hakone	3519	13903	13
Büttelborn	4990	852	13
Khāga	2577	8110	13
Saint James	4088	-7316	13
Złocieniec	5353	1601	13
Ridge	4089	-7290	13
Hall in Tirol	4728	1152	13
Khailār	2534	7853	13
Juruti	-215	-5609	13
San Pedro Carchá	1548	-9031	13
San Leone Mosè	3726	1358	13
Erbach	4833	989	13
São Lourenço da Serra	-2385	-4694	13
Nova Gradiška	4526	1738	13
Ortona	4235	1440	13
New Ulm	4431	-9446	13
Inskoy	5443	8644	13
Nagykáta	4742	1974	13
Linlithgow	5598	-360	13
South Sioux City	4247	-9641	13
Bāwal	2807	7658	13
Ciudad Darío	1273	-8612	13
Waeng	1630	10398	13
Warrenville	4182	-8817	13
Sendenhorst	5184	783	13
Tostedt	5328	972	13
Tomiño	4199	-876	13
Mittegroßefehn	5339	757	13
Huron	4436	-9821	13
Shorewood	4309	-8789	13
Waunakee	4319	-8946	13
San Andrés Mixquic	1923	-9896	13
Jalacingo	1980	-9731	13
Juriquilla	2071	-10046	13
Capilla de Guadalupe	2083	-10259	13
Kirensk	5779	10811	13
Amay	5055	531	13
Byala Slatina	4347	2393	13
Beaufort	3243	-8067	13
Ikang	479	853	13
Filomeno Mata	2020	-9770	13
Cocal	-2860	-4933	13
San Miguel Octopan	2057	-10075	13
Avenal	3600	-12013	13
Syas’stroy	6014	3257	13
Znamenskoye	5713	7383	13
Monticello	4531	-9379	13
Riverhead	4092	-7266	13
Broxbourne	5175	-2	13
Kālāgarh Project Colony	2948	7878	13
West Carrollton City	3967	-8425	13
Thalwil	4729	856	13
Sarezzo	4566	1020	13
Franklin Park	4044	-7454	13
Tauberbischofsheim	4962	966	13
Piney Green	3472	-7732	13
São Francisco de Paula	-2945	-5058	13
Jüterbog	5200	1308	13
Sveti Nikole	4187	2195	13
Hessisch Lichtenau	5120	972	13
Azángaro	-1491	-7020	13
Kuldīga	5697	2196	13
Butler	4086	-7990	13
Yokadouma	352	1505	13
Churchdown	5188	-217	13
Piove di Sacco-Piovega	4530	1204	13
Figline Valdarno	4362	1147	13
Alpinópolis	-2086	-4639	13
Khlung	1245	10222	13
Yeppoon	-2313	15074	13
Mouvaux	5070	313	13
Citrus Ridge	2833	-8164	13
Ovejas	953	-7523	13
Asunción Nochixtlán	1746	-9723	13
San Marcos	1680	-9939	13
Irauçuba	-375	-3978	13
Fergus Falls	4628	-9608	13
Rozhyshche	5092	2527	13
Manatí	2131	-7693	13
Sudogda	5595	4086	13
Beeville	2840	-9775	13
California City	3513	-11799	13
Novi Pazar	4335	2720	13
Vălenii de Munte	4518	2603	13
Shakhan	4982	7265	13
Gonzalez	3058	-8729	13
Wädenswil	4723	867	13
Vitorino Freire	-404	-4524	13
Wolfhagen	5133	917	13
Vadnais Heights	4506	-9307	13
Salamanca	-3178	-7096	13
Schöningen	5214	1097	13
Berwick-Upon-Tweed	5577	-201	13
Albino	4576	980	13
Moldova Nouă	4474	2167	13
North Adams	4270	-7311	13
Raposos	-1997	-4380	13
Castelsarrasin	4404	111	13
Ambérieu-en-Bugey	4596	535	13
Petlāwad	2301	7480	13
Pfullendorf	4793	926	13
Amarwāra	2230	7917	13
Bileća	4288	1843	13
Ovidiu	4426	2856	13
Colotlán	2211	-10327	13
Trāl	3393	7512	13
Chaiyo	1468	10047	13
Inderbor	4855	5178	13
Comarnic	4525	2563	13
Tsivil’sk	5587	4748	13
Sabanilla	995	-8404	13
Streetly	5258	-188	13
Florestópolis	-2286	-5139	13
Bouca	651	1828	13
Solms	5054	841	13
Goyty	4316	4562	13
La Paz	1038	-7317	13
Pio Duran	1303	12344	13
Santa Rosa de Lima	1362	-8789	13
Palmetto	2752	-8257	13
Budakeszi	4751	1893	13
Pul-e ‘Alam	3400	6902	13
Le Raincy	4890	252	13
Monteroni di Lecce	4032	1809	13
Pechory	5782	2761	13
Wezembeek-Oppem	5084	449	13
Kaharlyk	4986	3083	13
Bilariāganj	2620	8323	13
Chiang Klang	1929	10086	13
Santa Luzia	-687	-3692	13
Zimapan	2074	-9938	13
Lake Forest Park	4776	-12228	13
Pianezza	4510	755	13
Godella	3953	-42	13
Tepetlixpa	1903	-9882	13
Kelapa Sawit	167	10353	13
Yaya	5621	8644	13
Luruaco	1062	-7515	13
Bolton upon Dearne	5352	-132	13
Tirumullaivāsal	1124	7984	13
Yelwa	883	963	13
Spring Lake	3517	-7897	13
Schwabmünchen	4818	1076	13
Saint-Gilles	4368	443	13
Mercerville	4024	-7469	13
Itirapina	-2225	-4782	13
Vetluzhskiy	5839	4547	13
Colonial Park	4030	-7681	13
Alginet	3927	-47	13
Glenpool	3596	-9601	13
Santa Rita	-386	-4386	13
Fruitville	2733	-8246	13
Miranda	325	-7623	13
Red Hill	3400	-7926	13
Red Hill	3382	-7902	13
Juan L. Lacaze	-3442	-5745	13
Newhaven	5080	6	13
Newhaven	5314	-175	13
Benissa	3871	5	13
Paso de los Toros	-3282	-5652	13
Malo	4566	1142	13
Almecatla	1914	-9824	13
Lindsay	3620	-11909	13
Mykhaylivka	4727	3522	13
Whitby	5449	-61	13
San Mateo Ixtatán	1583	-9148	13
Calera	3310	-8675	13
Severínia	-2081	-4880	13
Aš	5022	1219	13
Rustington	5081	-51	13
Kombai	985	7730	13
Ticuantepe	1202	-8620	13
Vöhringen	4828	1008	13
Fiorenzuola d'Arda	4492	991	13
Karabudakhkent	4271	4757	13
Port Pirie	-3319	13802	13
Carlos Chagas	-1770	-4077	13
Hösbach	5001	921	13
University Heights	4150	-8154	13
T’q’ibuli	4235	4300	13
Khoyniki	5189	2996	13
Fanipol	5375	2733	13
Tórshavn	6201	-677	13
Murgab	3750	6197	13
Zavitinsk	5011	12944	13
Ndioum	1651	-1465	13
Carriere	3062	-8965	13
Eldorado	2432	-10737	13
Pervomayskiy	5325	4029	13
Apricena	4179	1544	13
Campbelltown	-3407	15082	13
Pécel	4749	1934	13
Atlantic Beach	3033	-8140	13
Pradópolis	-2136	-4807	13
Gmunden	4792	1380	13
Knutsford	5330	-237	13
Kłobuck	5090	1894	13
Miranda	-2024	-5638	13
Manoharpur	2237	8519	13
Kharkhauda	2884	7774	13
Novosergiyevka	5209	5365	13
Talodi	1063	3038	13
Kodala	1962	8494	13
Correntina	-1334	-4464	13
Guibéroua	624	-617	13
Alaverdi	4110	4467	13
Bouc-Bel-Air	4345	541	13
Atasū	4869	7164	13
Meckenbeuren	4770	957	13
La Carlota	3767	-493	13
Streator	4112	-8884	13
Lea Hill	4733	-12218	13
Casandrino	4093	1425	13
Nova Gorica	4596	1365	13
Bad Bramstedt	5392	988	13
Bīkāpur	2660	8213	13
Waianae	2144	-15819	13
Chauny	4962	322	13
Goshāinganj	2657	8238	13
Teays Valley	3845	-8193	13
Lone Tree	3955	-10489	13
Wadersloh	5173	825	13
Brandermill	3743	-7765	13
Bülach	4752	854	13
Langtang	914	979	13
Soddy-Daisy	3524	-8519	13
Bella Unión	-3026	-5760	13
Langelsheim	5194	1033	13
Kazaure	1265	841	13
Snoqualmie	4753	-12183	13
Amānganj	2443	8004	13
Uyar	5581	9432	13
Fostoria	4116	-8342	13
Esperantinópolis	-487	-4471	13
Coomera	-2784	15334	13
Oakland	4101	-7426	13
Short Hills	4075	-7433	13
Joyabaj	1499	-9080	13
Socuéllamos	3929	-279	13
Kihancha	-119	3462	13
Ylivieska	6408	2455	13
La Joya	1867	-9947	13
Boromo	1175	-293	13
Wiesmoor	5342	773	13
Tholey	4948	704	13
Wayland	4236	-7136	13
Nūrmahal	3110	7559	13
Bohmte	5237	832	13
Terebovlya	4930	2571	13
Raynham	4195	-7107	13
Aguié	1351	778	13
Oosterzele	5095	380	13
Pilisvörösvár	4761	1891	13
Einsiedeln	4713	875	13
Nordstemmen	5216	978	13
Taiynsha	5385	6977	13
Tucuran	785	12357	13
Coatesville	3998	-7582	13
Mottola	4064	1703	13
Nako	-2962	2777	13
Clayton	3986	-8436	13
Dokkum	5332	600	13
McPherson	3837	-9766	13
Crowley	3021	-9237	13
Nieuw Nickerie	593	-5697	13
Włodawa	5155	2355	13
Myjava	4876	1757	13
Treuchtlingen	4895	1091	13
Pervomayskiy	5167	11563	13
Fraserburgh	5769	-202	13
Mayfield	5587	-304	13
Divriği	3937	3811	13
San Gregorio Cuautzingo	1926	-9886	13
Bålsta	5957	1753	13
Mazıdağı	3748	4048	13
Harrison	3623	-9311	13
Campina Verde	-1954	-4949	13
Gravelines	5099	213	13
Prince Albert	-3322	2203	13
Aubenas	4462	439	13
Bolbec	4957	47	13
Eynesil	4106	3914	13
Burladingen	4829	911	13
Svetlyy Yar	4847	4478	13
Saddle Brook	4090	-7409	13
Poděbrady	5014	1512	13
Nogent-le-Rotrou	4832	82	13
Lugovoye	4291	7272	13
Târgu Ocna	4628	2661	13
Eichstätt	4889	1120	13
Sajószentpéter	4822	2072	13
Ketsch	4937	853	13
Villasis	1590	12059	13
Isoka	-1016	3263	13
Lānja	1686	7355	13
Ogíjares	3712	-361	13
Liuli	-1108	3463	13
Plouzané	4838	-462	13
Torrijos	3998	-428	13
Dorado	1846	-6627	13
Bellefontaine	4036	-8376	13
Black Forest	3901	-10470	13
Taldom	5673	3753	13
Nova Vodolaha	4972	3587	13
Starovelichkovskaya	4543	3873	13
Herbrechtingen	4862	1018	13
Milngavie	5594	-432	13
Saviano	4091	1450	13
Holywood	5464	-582	13
Bétérou	920	226	13
Payocpoc Sur	1649	12033	13
Missão Velha	-725	-3914	13
Amilly	4797	277	13
Santiago Tianguistenco de Galeana	1918	-9947	13
Rosales	1589	12063	13
Surab	2849	6626	13
Gurdaha	2273	8876	13
Perleberg	5308	1186	13
Gurh	2450	8150	13
Jurbarkas	5508	2276	13
Ridgefield Park	4086	-7402	13
Hetton-Le-Hole	5482	-145	13
Chandia	2366	8071	13
Santa María del Río	2180	-10074	13
Bucerías	2076	-10533	13
Löningen	5274	776	13
Araçoiaba	-779	-3509	13
Stenungsund	5807	1182	13
Grovetown	3345	-8220	13
Szigethalom	4732	1900	13
Bardstown	3781	-8547	13
Windham	4280	-7130	13
Santa Maria de Jetibá	-2003	-4074	13
Pitkyaranta	6157	3148	13
Altınekin	3831	3287	13
Worthington	4362	-9560	13
Uttoxeter	5290	-186	13
Kānor	2443	7427	13
Buloh Kasap	255	10276	13
Gvardeysk	5465	2107	13
Phai Sali	1560	10065	13
Wurno	1329	542	13
Sala	5992	1661	13
Lavello	4105	1579	13
Bischofswerda	5113	1418	13
Stiring-Wendel	4920	693	13
Castellammare del Golfo	3803	1288	13
Itacarambi	-1510	-4409	13
Roudnice nad Labem	5043	1426	13
Ashti	1938	7623	13
Phimai	1522	10249	13
Pawai	2427	8016	13
El Doncello	168	-7528	13
Commerce	3400	-11816	13
Driffield	5401	-44	13
Lutayan	662	12488	13
Bocanda	706	-450	13
Tornesch	5370	972	13
Melfi	4100	1566	13
Maçka	4081	3960	13
Rumilly	4586	595	13
Dalcahue	-4238	-7365	13
Bad Freienwalde	5279	1403	13
Velen	5189	699	13
Chard	5087	-297	13
La Grande	4532	-11809	13
Centro de Readaptación Social	2055	-10319	13
Rabka-Zdrój	4961	1997	13
Ikwiriri	-796	3897	13
Saint Marys	4143	-7856	13
Hilpoltstein	4919	1119	13
Stocksbridge	5348	-159	13
Plön	5416	1042	13
Stoughton	4292	-8922	13
Shāhpur	2389	7905	13
Kingsgate	4773	-12218	13
Ceres	-2988	-6195	13
La Seu d'Urgell	4236	146	13
Tavricheskoye	5459	7364	13
Geneva	4287	-7698	13
Adi Keyh	1484	3938	13
Milnrow	5361	-211	13
Meadville	4164	-8015	13
Monóvar	3844	-84	13
Lockhart	2862	-8144	13
Harwich	4169	-7008	13
Bazou	506	1047	13
Dhemāji	2748	9458	13
Birbhaddar	3007	7828	13
Thônex	4619	620	13
Graulhet	4377	199	13
Dabola	1074	-1111	13
Sainte-Luce-sur-Loire	4725	-148	13
Bulanash	5728	6200	13
Balatonfüred	4696	1787	13
Vikāsnagar	3047	7777	13
San Carlos	1755	-9115	13
Guerrero Negro	2797	-11404	13
Markranstädt	5130	1222	13
Kodumudi	1108	7788	13
Bunkeflostrand	5554	1292	13
Bacup	5370	-220	13
South Charleston	3837	-8170	13
Bŭston	4052	6933	13
Shahritus	3726	6814	13
Medway	4214	-7140	13
Quepem	1521	7408	13
Nybro	5674	1591	13
Marshall	3912	-9320	13
Wehr	4763	790	13
Santa Fe	2938	-9511	13
Macará	-438	-7994	13
Sorsk	5400	9025	13
Newton	3567	-8122	13
Rojhan	2869	6995	13
Espera Feliz	-2065	-4191	13
Balancán	1781	-9154	13
Zangguy	3728	7877	13
Codcod	1046	12325	13
Ormara	2521	6464	13
Cuevas del Almanzora	3730	-188	13
Værløse	5578	1237	13
Châteaubriant	4772	-138	13
Merate	4569	942	13
Ishtixon Shahri	3997	6649	13
North Auburn	3893	-12108	13
Veintidós de Febrero	1961	-9935	13
Tehachapi	3513	-11845	13
Thisted	5696	869	13
Dankaur	2835	7756	13
Saint Ann	3873	-9038	13
Brackley	5203	-115	13
Dicle	3837	4006	13
Thonotosassa	2806	-8230	13
Endicott	4210	-7605	13
Ndago	-460	3435	13
Vilkaviskis	5465	2303	13
Chelmsley Wood	5248	-174	13
Connersville	3964	-8514	13
Arrochar	4060	-7407	13
Ferndale	4885	-12259	13
Yavoriv	4994	2338	13
Middleburg	3007	-8186	13
Rantoul	4031	-8816	13
Kilinochchi	940	8040	13
Toboso	1071	12352	13
Greenville	4010	-8463	13
Santa Lucía Milpas Altas	1458	-9068	13
Valmontone	4177	1292	13
Cherven Bryag	4328	2408	13
Balchik	4342	2816	13
Broadfield	5110	-21	13
Abbey Wood	5149	11	13
Rāwah	3448	4192	13
Fannūj	2658	5964	13
Pellaro	3802	1565	13
Turgen	4340	7759	13
Ifrane	3170	-635	13
Tranovaho	-2530	4497	13
Antsirabe Afovoany	-1595	4897	13
Oamaru	-4510	17097	13
Maslyanino	5434	8421	13
Saint Simons Island	3115	-8137	13
Mŭynoq	4377	5902	13
Ga-Kgapane	-2364	3022	13
Luzilândia	-346	-4237	13
Grave	5176	574	13
Landau an der Isar	4867	1269	13
Matipó	-2028	-4234	13
’Aïn el Hadjar	3476	15	13
Franeker	5319	554	13
Prospect	-3488	13859	13
Champasak	1489	10588	13
Mashava	-2004	3048	13
Welver	5162	797	13
Lengede	5220	1031	13
Woodward	3643	-9939	13
Rochester	4268	-8313	13
Şūrīf	3165	3506	13
Abarán	3821	-140	13
Bijni	2650	9070	13
Key Biscayne	2569	-8016	13
Na Wa	1749	10410	13
Porcia	4596	1262	13
Korneuburg	4835	1633	13
Adria	4505	1206	13
Kokofata	1288	-995	13
Feira Nova	-795	-3539	13
Claremont	4338	-7235	13
Flitwick	5200	-49	13
Certaldo	4355	1104	13
Bisee	1402	-6097	13
Superior	3995	-10517	13
Auburn	4137	-8506	13
Gräfelfing	4812	1143	13
Adolfo Ruiz Cortines	2570	-10872	13
Khusropur	2548	8538	13
Monte di Procida	4080	1405	13
Sawa Sawa	-447	3948	13
Saint Augustine	2989	-8131	13
Vejer de la Frontera	3625	-597	13
Polazna	5829	5642	13
Zhovkva	5006	2397	13
Powell	4016	-8308	13
Caririaçu	-704	-3928	13
Limavady	5505	-695	13
Arona	4576	856	13
Wetzikon	4733	880	13
Justice	4174	-8784	13
Kujama	1046	764	13
Kirchhundem	5109	809	13
Valfin-lès-Saint-Claude	4644	586	13
Glen Carbon	3875	-8998	13
West Monroe	3252	-9215	13
Malibu	3403	-11878	13
Stahnsdorf	5238	1322	13
Okeho	803	335	13
Borger	3567	-10140	13
College	6486	-14780	13
Ilgaz	4093	3363	13
Çelikhan	3803	3824	13
Shiloh	3856	-8990	13
Madanpur	2301	8849	13
Terra Boa	-2377	-5244	13
Portage la Prairie	4997	-9829	13
Rāja Sānsi	3172	7480	13
Bāli Chak	2236	8755	13
Ettaiyapuram	914	7799	13
Ambarès-et-Lagrave	4493	-49	13
Fort Drum	4406	-7576	13
Selyatino	5552	3698	13
Presidente Bernardes	-2201	-5155	13
Tarashcha	4956	3049	13
Feijó	-817	-7035	13
San Julián	2101	-10218	13
Labuan	710	12190	13
Stollberg	5071	1278	13
Kleinblittersdorf	4916	704	13
Adolfo Ruíz Cortínes	2575	-10875	13
Saruhanlı	3873	2757	13
Sprimont	5051	566	13
Monschau	5055	624	13
Wendo	660	3842	13
Simga	2163	8170	13
Grass Valley	3922	-12106	13
Río Grande	1601	-9744	13
Newington	3874	-7718	13
Fehmarn	5444	1119	13
Cinderford	5182	-250	13
Sūf	3231	3584	13
Greenwich	4103	-7363	13
Lakeland North	4733	-12228	13
Kingston	4126	-7590	13
Fulton	3885	-9195	13
Cafarnaum	-1169	-4147	13
Pyŏksŏng-ŭp	3805	12556	13
Golub-Dobrzyń	5311	1905	13
Monsummano Terme	4387	1081	13
Gines	3739	-608	13
Arbon	4752	943	13
Kalecik	4010	3341	13
Petershagen	5252	1379	13
El Dorado	3782	-9686	13
Costa Rica	-2342	-5465	13
Andrésy	4898	206	13
Romitan Shahri	3993	6438	13
Teror	2806	-1555	13
São Geraldo do Araguaia	-640	-4855	13
Altpınar	3920	3275	13
Wawarsing	4176	-7436	13
Koksan	3878	12667	13
Vychegodskiy	6125	4690	13
Ilıca	3995	4110	13
Basseterre	1730	-6272	13
Quivicán	2282	-8236	13
Valparaíso	2277	-10357	13
Madagali	1089	1363	13
Wanze	5054	521	13
Staroderevyankovskaya	4613	3897	13
Dolbeau-Mistassini	4888	-7223	13
Sipocot	1377	12298	13
Santa Maria do Pará	-135	-4758	13
Les Ponts-de-Cé	4742	-52	13
Vice	-542	-8078	13
Mounds View	4510	-9321	13
Lukoyanov	5503	4448	13
Chepo	917	-7910	13
Street	5112	-274	13
Armthorpe	5354	-105	13
Herrin	3780	-8903	13
Bitburg	4997	653	13
Alpen	5158	652	13
Scheeßel	5317	948	13
Mikhaylov	5423	3903	13
Mont-roig del Camp	4109	96	13
Santa Bárbara	1444	-9123	13
İspir	4048	4099	13
Cachoeirinha	-849	-3623	13
Altötting	4823	1268	13
Joure	5297	580	13
Santa Cruz	1251	-6998	13
Grenada	3377	-8981	13
Neustadt an der Donau	4881	1177	13
Guaimaca	1453	-8682	13
Dover	4052	-8147	13
Vrchlabí	5063	1561	13
Hanover	4080	-7437	13
Trebur	4993	841	13
Pornic	4711	-209	13
Coria	3998	-654	13
Janiuay	1095	12251	13
Atakent	4085	6851	13
Lariano	4172	1283	13
Rîşcani	4795	2756	13
Pyrzyce	5315	1489	13
Hajdúhadház	4768	2167	13
Buckingham	5200	-99	13
Moreira	4125	-865	13
Dardenne Prairie	3877	-9073	13
Sânnicolau Mare	4608	2063	13
Wingene	5106	327	13
Obo	540	2649	13
Makhu	3110	7500	13
Obubra	608	833	13
Gabane	-2467	2578	13
Chilca	-1252	-7674	13
Saint Helens	4586	-12281	13
Forest Hill	3267	-9727	13
Spittal an der Drau	4680	1350	13
Umbaúba	-1138	-3766	13
Östringen	4922	871	13
Genas	4573	500	13
Dinant	5026	491	13
Tocantins	-2118	-4302	13
Salmon Arm	5070	-11930	13
Weigelstown	3998	-7682	13
Castlebar	5385	-930	13
Bog Walk	1810	-7701	13
Lakhipur	2479	9301	13
Myronivka	4966	3098	13
Asperg	4891	914	13
Foxrock	5327	-617	13
Dallas	3392	-8484	13
Glendale	4314	-8794	13
Santa Rita	1517	-8728	13
Cerea	4519	1122	13
Cacequi	-2988	-5483	13
Shāhpur	2216	7077	13
Malandag	631	12525	13
Panajachel	1474	-9116	13
Eggenfelden	4841	1276	13
Dores do Indaiá	-1946	-4560	13
Mjölby	5833	1512	13
Nelson	5165	-328	13
Lormi	2227	8170	13
Gölmarmara	3871	2791	13
Athy	5299	-698	13
Torquay	-3833	14433	13
Montemor-o-Novo	3865	-821	13
York Beach	4317	-7061	13
Baependi	-2196	-4489	13
Sonoita	3186	-11285	13
Ahoada	508	665	13
Nyasvizh	5322	2668	13
Zavolzhsk	5748	4214	13
Mohanūr	1106	7814	13
Mwanga	-480	3820	13
Grammichele	3721	1463	13
Smethwick	5249	-197	13
Chiquimulilla	1408	-9039	13
Şalākhid	3287	3657	13
Si Bun Rueang	1697	10228	13
Fraccionamiento Geovillas los Pinos	1922	-9623	13
São Miguel	-547	-3537	13
Winsen	5268	991	13
Rosarno	3849	1598	13
Camabatela	-819	1537	13
Ştefăneşti	4487	2495	13
Sulingen	5268	881	13
Santa Ana	-121	-8037	13
Raghudebbati	2253	8820	13
Avanos	3872	3485	13
Liestal	4748	773	13
Bāsugaon	2647	9042	13
Jaroměř	5036	1592	13
Bad Urach	4849	940	13
Holiday City-Berkeley	3996	-7428	13
Constant Spring	1805	-7679	13
Vasyurinskaya	4512	3942	13
Bad Dürrheim	4802	853	13
Carrières-sur-Seine	4891	218	13
Avsallar	3662	3177	13
Travagliato	4552	1008	13
Nurdağı	3717	3674	13
Épinay-sous-Sénart	4869	251	13
Kota Belud	635	11643	13
Baytūnyā	3190	3517	13
Kalamansig	655	12405	13
Bünyan	3885	3586	13
Mering	4827	1098	13
Vico Equense	4066	1443	13
Carutapera	-120	-4602	13
Bandora	1541	7398	13
Reeuwijk	5205	472	13
Cruzília	-2184	-4481	13
Kraainem	5086	447	13
Borda da Mata	-2227	-4617	13
Boju	736	789	13
Shāhpura	2314	7966	13
San Martín de las Pirámides	1971	-9884	13
Codroipo	4596	1298	13
São José da Laje	-901	-3606	13
Heesch	5173	553	13
Bachhrāwān	2647	8112	13
Cremlingen	5225	1065	13
Finspång	5871	1577	13
Hot Springs Village	3467	-9300	13
Krumbach	4824	1036	13
Eching	4830	1162	13
Pecica	4617	2107	13
Chiat’ura	4230	4330	13
Acará	-196	-4820	13
Akhnūr	3287	7473	13
Byerazino	5384	2899	13
Saltcoats	5564	-479	13
Арачиново	4203	2156	13
Strel'na	5985	3004	13
Recreo	-3149	-6073	13
Al Ḩadd	2625	5065	13
Alpedrete	4066	-403	13
Ewarton	1818	-7709	13
Zara	3990	3776	13
Gornozavodsk	5838	5832	13
Oyskhara	4326	4625	13
Fruita	3916	-10873	13
Longton	5298	-213	13
Sarıgöl	3824	2870	13
Las Rosas	-3248	-6158	13
Villanueva	1044	-7527	13
Sines	3796	-887	13
Kettering	3888	-7681	13
Chitila	4451	2598	13
Athens	3220	-9586	13
Mariakani	-386	3947	13
Szprotawa	5157	1554	13
New Carrollton	3897	-7688	13
Port Neches	2999	-9396	13
Mesolóngi	3837	2143	13
Supía	545	-7565	13
Hamilton Square	4023	-7465	13
Santa Ana de Yacuma	-1374	-6543	13
Arnouville	4898	242	13
Călan	4573	2298	13
Goonellabah	-2882	15332	13
El Colorado	-2631	-5937	13
Valverde del Camino	3758	-675	13
Chīras	3542	6598	13
Powell River	4983	-12452	13
Rezzato	4551	1032	13
San Marcos	2003	-9934	13
Fallsburg	4173	-7460	13
Kantemirovka	4971	3986	13
Villacidro	3946	874	13
sa Pobla	3977	302	13
Ruayer	4305	-555	13
Pola de Lena	4316	-583	13
Mena	5152	3222	13
Passa Quatro	-2239	-4497	13
Stanytsya Luhans’ka	4865	3948	13
Chiungutwa	-1088	3898	13
Kamuli	95	3312	13
Charlton	4214	-7197	13
Sulz am Neckar	4836	863	13
Taggia	4385	785	13
Inverurie	5728	-238	13
Ordes	4308	-841	13
Juan Morales	1881	-9892	13
Seaside	4058	-7383	13
Varedo	4560	916	13
Alzano Lombardo	4574	973	13
Norala	652	12466	13
Sanlúcar la Mayor	3739	-620	13
Charcas	2313	-10111	13
Salobreña	3674	-359	13
Bedford	4139	-8154	13
Chamber	2529	6881	13
Blégny	5067	573	13
Whittlesey	5256	-13	13
Andover	3771	-9714	13
Brooks	5058	-11189	13
Lorsch	4965	857	13
Lappersdorf	4905	1209	13
Santa Bárbara	587	-7557	13
Dūdhi	2421	8324	13
Newport	5277	-238	13
Finneytown	3920	-8452	13
Frimley	5132	-75	13
Beato António	3873	-910	13
Quemado de Güines	2279	-8025	13
Quintanar de la Orden	3959	-304	13
Chasŏng	4146	12664	13
Zbarazh	4966	2578	13
Varde	5562	848	13
Dudhani	1736	7637	13
Conselheiro Pena	-1917	-4147	13
Urbiztondo	1582	12033	13
Diébougou	1096	-325	13
Saint-François	1625	-6127	13
Ubstadt-Weiher	4916	863	13
Hurstpierpoint	5093	-18	13
Kurāra	2598	7999	13
Agenebode	711	669	13
Wolvega	5288	600	13
Ourém	3964	-859	13
Bubanza	-308	2939	13
Novomyrhorod	4878	3164	13
Quakenbrück	5268	795	13
Tabursuq	3646	925	13
Uzyn	4983	3041	13
Corbélia	-2480	-5331	13
West End	2669	-7898	13
Riedisheim	4775	737	13
Gölhisar	3715	2951	13
Dalkeith	5589	-307	13
Masoko	-933	3375	13
Vaassen	5229	597	13
Ajasse Ipo	823	482	13
Neubiberg	4808	1166	13
Nueva Esperanza	-2451	-5486	13
Nyazepetrovsk	5605	5960	13
Elk City	3541	-9940	13
Bela Cruz	-305	-4017	13
Bulnes	-3674	-7230	13
Gürün	3872	3727	13
Fundão	-1993	-4040	13
Bathurst	4762	-6565	13
Valtierrilla	2053	-10113	13
New Kensington	4057	-7976	13
Buritama	-2107	-5015	13
Eaton Socon	5222	-29	13
Conneaut	4195	-8055	13
Laurentides	4713	-7228	13
Portland	5057	-244	13
Oluta	1793	-9490	13
Aroma	1582	3613	13
Tempio Pausania	4090	910	13
Sântana	4635	2150	13
Elias Fausto	-2304	-4737	13
Ziniaré	1258	-130	13
Vānsada	2076	7336	13
Shirwal	1815	7398	13
Probishtip	4200	2218	13
Omalur	1174	7805	13
Romano d'Ezzelino	4578	1177	13
Derby	4132	-7309	13
Tendūkheda	2340	7954	13
Nūh	2810	7700	13
Temascalcingo	1992	-10000	13
Zawyat an Nwaçer	3338	-762	13
Schlieren	4740	845	13
Peißenberg	4780	1107	13
Nartan	4351	4370	13
Boone	4206	-9388	13
Librazhd-Qendër	4120	2034	13
Pierrelatte	4438	470	13
Le Bourget	4893	244	13
Kingersheim	4779	733	13
Minden	3262	-9329	13
Palma Campania	4087	1455	13
Brzeg Dolny	5127	1671	13
São João do Piauí	-836	-4225	13
Bissorã	1222	-1545	13
Dostpur	2627	8247	13
Oelsnitz	5041	1217	13
Provins	4856	330	13
Amboise	4741	98	13
Middle Valley	3520	-8518	13
Bicas	-2173	-4306	13
Granadilla	993	-8402	13
Kaufungen	5128	962	13
Maracanã	-77	-4745	13
Markham	4159	-8769	13
Belle Chasse	2985	-8999	13
Riviera Beach	3917	-7651	13
Koror Town	734	13448	13
Pelham	4273	-7132	13
Candelaria	2274	-8296	13
Casalpusterlengo	4518	965	13
Pedley	3398	-11748	13
Bébédja	868	1657	13
Rionero in Vulture	4092	1567	13
Uglegorsk	4908	14206	13
El Sobrante	3798	-12230	13
Góra	5167	1653	13
Porto Murtinho	-2170	-5788	13
Bom Jesus	-907	-4436	13
Yakhroma	5630	3748	13
Nānākuli	2139	-15815	13
Murud	1833	7296	13
Runka	1245	731	13
Oxie	5554	1310	13
Passira	-800	-3558	13
Wolgast	5405	1377	13
Santanyí	3935	313	13
Erlensee	5016	898	13
Saraikela	2270	8593	13
Hoopstad	-2783	2591	13
Sachīn	2109	7288	13
Soledar	4868	3809	13
Kisújszállás	4722	2077	13
McComb	3124	-9045	13
Oncativo	-3191	-6368	13
Langenselbold	5018	904	13
Galashiels	5561	-281	13
Kotel’va	5007	3476	13
Guano	-161	-7863	13
Perya	1183	7585	13
Tigbauan	1067	12238	13
Dorog	4772	1874	13
Atabey	3795	3064	13
Riacho de Santana	-1361	-4294	13
Bridgnorth	5254	-242	13
Lau	921	1128	13
Bashtanka	4741	3244	13
Sylacauga	3317	-8625	13
Half Moon Bay	3746	-12243	13
Muri	2337	8586	13
Castelfiorentino	4361	1097	13
Oleggio	4560	864	13
Lilburn	3389	-8414	13
Centralia	3853	-8913	13
West Valley	4659	-12061	13
Atuncolla	-1568	-7015	13
San Anselmo	3797	-12256	13
Artondale	4730	-12262	13
Livadiya	4287	13267	13
Garbahaarrey	333	4222	13
Dalby	-2718	15126	13
Bruges	4488	-61	13
Kyŏngwŏn	4281	13017	13
Vilanova del Camí	4157	164	13
Paola	3936	1604	13
Dueville	4564	1155	13
Campos Altos	-1970	-4617	13
Espartinas	3738	-613	13
Mogocha	5373	11977	13
Lincolnwood	4200	-8773	13
Twistringen	5280	864	13
Tibagi	-2451	-5041	13
Mala Vyska	4864	3164	13
Isla Mujeres	2123	-8673	13
Tachov	4980	1263	13
Cicciano	4096	1453	13
Kuurne	5085	328	13
Pendra	2278	8196	13
Khem Karan	3114	7456	13
Kentville	4508	-6450	13
Khudāganj	2815	7971	13
Francofonte	3722	1487	13
Aioun	1666	-961	13
Valbonne	4363	700	13
Poiana Mare	4392	2307	13
Estepa	3729	-488	13
San Pedro Apatlaco	1879	-9896	13
Karema	-682	3044	13
Santana	-1447	-4180	13
Malya	-298	3352	13
Tovuz	4099	4563	13
Dinklage	5266	812	13
Lyangasovo	5852	4945	13
Panama City Beach	3018	-8581	13
Montgomeryville	4025	-7524	13
Calenzano	4385	1117	13
Ertil’	5184	4081	13
Maxcanú	2058	-9000	13
Rio Claro	-2272	-4414	13
Neutraubling	4899	1220	13
Rose Belle	-2040	5760	13
Grumo Appula	4101	1671	13
Caburan	592	12564	13
Alfredo Baquerizo Moreno	-192	-7952	13
Païta	-2213	16636	13
Princesa Isabel	-774	-3799	13
Serro	-1860	-4338	13
Joppatowne	3946	-7636	13
Pola de Siero	4339	-566	13
Aţ Ţayyibah	3254	3572	13
Barra da Estiva	-1363	-4133	13
Sonegaon	2063	7869	13
Uxbridge	4208	-7163	13
Yongsan-dong	3754	12698	13
Ronneby	5621	1528	13
Oloron-Sainte-Marie	4319	-61	13
Fontenay-le-Fleury	4881	205	13
Lombardía	1916	-10205	13
Kafin Hausa	1224	991	13
Valentigney	4746	683	13
Sirsā	2526	8209	13
Veľký Krtíš	4821	1935	13
Zeven	5330	928	13
Friedland	5142	992	13
Bopfingen	4886	1035	13
Gázi	3533	2507	13
Schmölln	5090	1235	13
Tāttayyangārpettai	1112	7845	13
Bakori	1156	742	13
Effingham	3912	-8854	13
Neuenrade	5128	778	13
Signa	4379	1110	13
Mora	6101	1454	13
Corupá	-2643	-4924	13
Gaillac	4390	190	13
Clarkson	-3168	11572	13
San Vito al Tagliamento	4592	1286	13
Wülflingen (Kreis 6)	4751	868	13
San Estanislao	1040	-7515	13
Eufaula	3189	-8515	13
Dutsin-Ma	1245	750	13
Lubaczów	5016	2312	13
Spiez	4668	769	13
Channahon	4143	-8823	13
Ak-Dovurak	5118	9060	13
Moody	3359	-8649	13
Laredo	4341	-342	13
Malkera	2378	8629	13
Hvardiiske	4512	3402	13
Milagres	-731	-3895	13
Valente	-1141	-3946	13
Port Hope	4402	-7840	13
Mairang	2556	9164	13
Santa Adélia	-2124	-4880	13
Loveland	3927	-8426	13
Olaine	5679	2394	13
South Daytona	2917	-8100	13
Mutum	-1980	-4144	13
Saint-Orens-de-Gameville	4355	153	13
Kalaswala	3220	7465	13
Pokrovskoye	4742	3890	13
La Julia	1847	-6993	13
San Miguel	-171	-7904	13
Surčin	4479	2028	13
Triel-sur-Seine	4898	201	13
Ramonville-Saint-Agne	4355	147	13
Chonchi	-4262	-7378	13
Platteville	4273	-9048	13
Itatiaia	-2250	-4456	13
Gaildorf	4900	977	13
Abensberg	4882	1185	13
Sidmouth	5069	-324	13
Machico	3272	-1677	13
El Fuerte	2642	-10862	13
Siasi	555	12081	13
Gaffney	3507	-8165	13
Marcon-Gaggio-Colmello	4556	1230	13
Hobyo	535	4853	13
Kemp Mill	3904	-7702	13
Haselünne	5267	748	13
Abak	498	779	13
Rogers	4519	-9355	13
Primorskiy	4511	3548	13
San Marcellino	4099	1418	13
Dakingari	1165	406	13
Progreso	3258	-11558	13
Azalea Park	2854	-8130	13
Não Me Toque	-2846	-5282	13
Rommerskirchen	5103	668	13
Pedrouços	4119	-859	13
Lakeland	3523	-8974	13
Rendon	3258	-9724	13
Silvi	4255	1412	13
Breyten	-2630	2999	13
Guebwiller	4792	720	13
Comines	5076	301	13
Rosà	4570	1176	13
Burgersdorp	-3100	2633	13
Vaires-sur-Marne	4888	264	13
Assaí	-2337	-5084	13
Palos Heights	4167	-8780	13
Wickliffe	4161	-8145	13
Hlobyne	4939	3326	13
Aghstafa	4112	4545	13
Verona	4299	-8953	13
Ferentino	4169	1326	13
Woodhaven	4214	-8324	13
Bokkos	930	899	13
South Upi	683	12415	13
Perafita	4118	-825	13
Bonita	3266	-11703	13
General Acha	-3738	-6460	13
Kewanee	4125	-8992	13
Mettingen	5232	778	13
Mablethorpe	5334	26	13
Santo Antônio	-631	-3548	13
Toshām	2887	7592	13
Ḩukūmatī Azrah	3417	6965	13
Villamartín	3686	-564	13
Tempoal de Sánchez	2152	-9839	13
Hansot	2158	7281	13
San Antonio la Isla	1916	-9957	13
Eldama Ravine	5	3573	13
Santa Lucía	-218	-8000	13
Raseiniai	5538	2312	13
Cegrane	4184	2098	13
Hauzenberg	4865	1363	13
Capela	-941	-3607	13
Maco	736	12586	13
Wernau	4869	942	13
Woodland Park	4089	-7419	13
Zaprudnya	5657	3743	13
Horad Smalyavichy	5402	2809	13
Figuig (Centre)	3211	-123	13
Tototlán	2054	-10279	13
Uluborlu	3808	3045	13
Ski	5972	1084	13
Węgrów	5240	2202	13
Porciúncula	-2096	-4204	13
Maynooth	5338	-659	13
Lunteren	5209	562	13
Betio Village	136	17292	13
Tigaon	1363	12350	13
Elliot Lake	4638	-8263	13
Maisach	4822	1127	13
Neman	5503	2203	13
Kisarawe	-690	3907	13
Madimba	-1040	4033	13
Bainbridge	3090	-8458	13
Cambridge	3856	-7608	13
Campanha	-2184	-4540	13
Zaruma	-369	-7961	13
Dongargaon	2097	8085	13
Isabela	1850	-6702	13
Los Arabos	2273	-8072	13
Wickede	5150	787	13
Mirandela	4149	-719	13
Rokupr	867	-1238	13
Mangawān	2467	8155	13
Bedford	4249	-7128	13
Wundanyi	-340	3836	13
Ban Houayxay	2027	10042	13
Xuddur	412	4389	13
Tucacas	1079	-6833	13
Chichiriviche	1093	-6827	13
Mankoeng	-2390	2982	12
Vengurla	1586	7363	12
Windsor Locks	4193	-7263	12
Grafing bei München	4805	1197	12
Bilyayivka	4648	3021	12
Demmin	5391	1303	12
Bullas	3805	-167	12
Vedasandūr	1053	7795	12
Calbuco	-4177	-7313	12
Bolaños de Calatrava	3891	-366	12
Elverum	6088	1156	12
Mülsen	5075	1257	12
Pilar	-3168	-6388	12
Chom Thong	1842	9867	12
Razlog	4189	2347	12
Capinópolis	-1868	-4957	12
Markdorf	4772	939	12
Roquebrune-sur-Argens	4344	664	12
Rāhon	3105	7612	12
Itacaré	-1428	-3900	12
Zvenigovo	5598	4801	12
Sosenskiy	5406	3596	12
Çamlıdere	4049	3247	12
Gladenbach	5077	858	12
Monte Sant'Angelo	4171	1596	12
Askim	5958	1116	12
Hartshill	5255	-152	12
Burgstädt	5091	1281	12
Poxoréo	-1584	-5439	12
Bom Jesus do Galho	-1983	-4232	12
Beelitz	5224	1297	12
Barßel	5317	775	12
Gandai	2167	8110	12
Tsimbeo	-1221	4446	12
Winnetka	4211	-8774	12
Iluppūr	1051	7862	12
Pueblo Nuevo	-572	-7988	12
Oberhaching	4802	1160	12
Gorgoram	1264	1070	12
Navelim	1553	7398	12
Phanom Thuan	1413	9970	12
New Providence	4070	-7440	12
Roldán	-3290	-6091	12
Thompson	5574	-9786	12
Spaichingen	4807	874	12
Santa María Zacatepec	1912	-9837	12
Guihing Proper	668	12535	12
Chernyshevsk	5252	11702	12
Thirukattupalli	1084	7896	12
Mogilno	5266	1796	12
Green River	4153	-10947	12
Wächtersbach	5026	930	12
Cimişlia	4653	2876	12
Kambarka	5627	5421	12
Grand Terrace	3403	-11731	12
North Walsham	5282	139	12
Patchogue	4077	-7302	12
Caraúbas	-579	-3756	12
Brenes	3755	-587	12
Bracciano	4210	1217	12
Brixton Hill	5145	-12	12
Jeseník	5023	1720	12
Chemin Grenier	-2049	5747	12
Cedar Grove	4085	-7423	12
Santa María Huexoculco	1926	-9882	12
Scorniceşti	4457	2455	12
Ardmore	4001	-7529	12
Sundumbili	-2913	3140	12
Monte Alegre de Minas	-1887	-4888	12
Hostomel	5057	3027	12
Grange Hill	5161	9	12
Wilmington	3945	-8383	12
Zastron	-3030	2708	12
Neustadt an der Aisch	4958	1061	12
Anna Regina	726	-5851	12
Ringwood	4111	-7425	12
Bosilovo	4144	2273	12
Kānkon	1503	7405	12
Schongau	4781	1090	12
Huruta	815	3935	12
Barra	851	12460	12
Progresso	4457	1136	12
San Mariano	1698	12201	12
Wünnenberg	5152	870	12
Saverne	4874	736	12
Wolin	5384	1461	12
Beloyarskiy	5676	6141	12
Ngama	1178	1717	12
Arrigorriaga	4321	-289	12
North Madison	3877	-8540	12
Steamboat Springs	4048	-10683	12
Caconde	-2153	-4664	12
Abbeville	2997	-9213	12
Castelnaudary	4332	195	12
Crispiano	4060	1723	12
Uglovoye	4333	13209	12
Svidník	4931	2157	12
Riachão	-736	-4662	12
Wittingen	5273	1074	12
Brignais	4567	475	12
Islamkot	2470	7018	12
Fort Atkinson	4293	-8884	12
Woodridge	-2763	15310	12
La Tijera	2058	-10344	12
Lake Arrowhead	3425	-11719	12
Irondale	3354	-8671	12
Colesberg	-3072	2510	12
Bom Jesus dos Perdões	-2314	-4647	12
Don Sak	932	9969	12
Tulln	4833	1606	12
Neópolis	-1032	-3658	12
Lumberton	3027	-9420	12
Utiel	3957	-120	12
Rozenburg	5190	425	12
Meco	4055	-333	12
Bugalagrande	421	-7616	12
Saint-Claude	4639	586	12
Ichnya	5086	3239	12
Larkspur	3793	-12254	12
Port Lavaca	2861	-9663	12
Mount Vernon	3871	-7710	12
Sāyalkudi	917	7845	12
Seven Pagodas	1262	8019	12
Saint-Martin-Boulogne	5073	162	12
Brookhaven	3158	-9044	12
Fernway	4069	-8013	12
Volokonovka	5048	3786	12
Qarah Bāgh	3494	6178	12
Maromme	4948	102	12
Kontiolahti	6276	2985	12
Tecalitlán	1947	-10331	12
Barroquinha	-302	-4114	12
Coração de Jesus	-1669	-4437	12
Lohāru	2843	7581	12
Kilindoni	-791	3966	12
Derinkuyu	3838	3473	12
Boxmeer	5165	595	12
Kakanj	4413	1812	12
Domžale	4614	1459	12
Fartura	-2339	-4951	12
Hersbruck	4951	1143	12
Bochil	1700	-9289	12
Soni	-485	3837	12
Toma	1276	-290	12
Conceição do Rio Verde	-2188	-4509	12
Kisoro	-129	2968	12
Bernay	4909	60	12
Soledad de Doblado	1905	-9642	12
Mabitac	1443	12143	12
Deneysville	-2689	2810	12
Strzelin	5078	1706	12
Mangatarem	1579	12029	12
São José da Tapera	-956	-3738	12
Charqueada	-2251	-4778	12
Plattling	4878	1288	12
Vaskelovo	6040	3035	12
Beatrice	4027	-9675	12
Ottawa	3862	-9527	12
Uničov	4977	1712	12
Gülnar	3634	3340	12
Wilton Manors	2616	-8014	12
Holešov	4933	1758	12
Coreaú	-353	-4066	12
Mutterstadt	4944	836	12
Baronissi	4075	1477	12
Konosha	6097	4026	12
Vasilevo	4147	2264	12
Four Corners	2967	-9566	12
Kankaanpää	6180	2242	12
Federal Heights	3985	-10500	12
Braslaw	5564	2704	12
Solonytsivka	5000	3603	12
Juvisy-sur-Orge	4868	238	12
Messias	-938	-3584	12
Muri	4693	749	12
Wasserburg am Inn	4805	1222	12
Wadgaon	1874	7364	12
Karambakkudi	1046	7914	12
Zango	1305	849	12
Puerto Escondido	919	-8009	12
Ipuã	-2044	-4801	12
Ashby-de-la-Zouch	5275	-147	12
Itarantim	-1566	-4007	12
Dange	1285	535	12
Körmend	4701	1661	12
Lomma	5567	1307	12
Grez-Doiceau	5074	470	12
Petukhovo	5507	6790	12
Banbalah	3570	1080	12
Jessheim	6014	1118	12
Drochtersen	5371	938	12
Srīmushnam	1140	7940	12
Sansepolcro	4357	1214	12
Appingedam	5332	686	12
Keerbergen	5100	463	12
Paraibano	-643	-4398	12
Aldergrove	4906	-12247	12
Barsbüttel	5357	1017	12
Gisors	4928	178	12
Vorsma	5599	4327	12
Kaliua	-506	3179	12
Zella-Mehlis	5066	1066	12
Spring Creek	4073	-11559	12
Cuilapan de Guerrero	1698	-9678	12
Lochem	5216	641	12
Philippsburg	4923	846	12
Sopela	4338	-298	12
Forécariah	943	-1309	12
Verkhniy Tagil	5737	5996	12
Nová Dubnica	4893	1815	12
Kaltungo	982	1131	12
Amuñgan	1537	11996	12
Ierápetra	3501	2574	12
Vinchia	2221	7138	12
Oud-Turnhout	5132	498	12
Sosnovka	5625	5128	12
New Baltimore	4268	-8274	12
Yakymivka	4670	3516	12
Forestville	3885	-7687	12
Treharris	5166	-331	12
Schoonhoven	5195	485	12
Huai Mek	1659	10324	12
Schwechat	4813	1647	12
São Simão	-2148	-4755	12
Starotitarovskaya	4522	3715	12
Chatham	3968	-8970	12
Harsefeld	5345	950	12
Orşova	4472	2240	12
Atco	3977	-7489	12
Horw	4702	831	12
Bocholt	5117	558	12
Saint John	3591	1448	12
Kampung Bukit Tinggi, Bentong	335	10183	12
Montabaur	5044	782	12
Nakhon Thai	1710	10084	12
Mandeville	3036	-9007	12
George	-3396	2246	12
Peabiru	-2391	-5234	12
Lamballe	4847	-251	12
Marcali	4658	1741	12
Barvinkove	4891	3702	12
Nova Olinda do Norte	-389	-5910	12
Bom Jardim	-702	-4648	12
Le Pradet	4311	602	12
Niefern-Öschelbronn	4892	878	12
Fernandina Beach	3067	-8146	12
Miller Place	4096	-7300	12
Poção de Pedras	-467	-4485	12
Santiago Cuautlalpan	1943	-9890	12
Ban Nam Yuen	988	9887	12
Escanaba	4575	-8706	12
Pınarbaşı	3872	3639	12
Ansermanuevo	480	-7600	12
Oraviţa	4503	2169	12
Harsum	5221	996	12
Bueu	4232	-878	12
Mountain Home	3634	-9239	12
Sapucaia	-2200	-4291	12
Radaur	3003	7715	12
Harduāganj	2794	7816	12
Lake Los Angeles	3461	-11783	12
Cleveland	3374	-9072	12
Kálymnos	3695	2698	12
Portland	3658	-8652	12
Canegrate	4557	893	12
Gulfport	2775	-8270	12
Arcachon	4466	-117	12
Cassano delle Murge	4089	1677	12
Dagua	366	-7669	12
Henlow	5203	-29	12
Azzano Decimo	4591	1266	12
Blagoveshchenka	5283	7987	12
Plover	4446	-8954	12
Mosina	5225	1685	12
Clocolan	-2891	2757	12
Piano di Sorrento	4063	1442	12
Cornelius	4552	-12306	12
Newman	-2336	11974	12
Baião	-279	-4967	12
Olindina	-1137	-3833	12
Suchindram	815	7747	12
Stezzano	4565	965	12
Ayamé	561	-316	12
Brwinów	5214	2072	12
Ulvila	6143	2187	12
Broadlands	3902	-7752	12
Quimperlé	4787	-355	12
Northlake	4192	-8790	12
Odlābāri	2684	8863	12
Drolshagen	5102	777	12
Somain	5036	328	12
Mursān	2758	7794	12
Vriezenveen	5241	662	12
Uren’	5746	4579	12
Bischwiller	4877	785	12
Morropón	-519	-7997	12
Zandhoven	5121	466	12
Puerto Rico	191	-7516	12
Mkushi	-1362	2939	12
Pocrí	826	-8055	12
Big Bear City	3426	-11685	12
North Castle	4114	-7368	12
Cabral	1825	-7122	12
Eatontown	4030	-7405	12
Zhukovo	5503	3674	12
Babayevo	5939	3594	12
Captainganj	2693	8371	12
Coolidge	3298	-11152	12
Regen	4897	1313	12
Hīrna	922	4110	12
Beaumont	4575	308	12
Barjora	2343	8729	12
Vysoké Mýto	4995	1616	12
Dorogobuzh	5491	3330	12
Château-Gontier	4783	-70	12
Marion	3521	-9020	12
Fameck	4930	611	12
Aleksandrów Kujawski	5288	1869	12
Likhoslavl’	5713	3546	12
Sabinov	4910	2110	12
Sikandra	2637	7963	12
Brzeziny	5180	1975	12
Canmore	5108	-11535	12
Dessalines	1926	-7252	12
Gandorhun	756	-1169	12
Mömbris	5007	916	12
Deori	2145	8262	12
Delice	3995	3403	12
West Plains	3673	-9185	12
Nazyvayevsk	5557	7135	12
Plymouth	4167	-7305	12
Hawkesbury	4560	-7462	12
Langgöns	5050	867	12
Brunico	4680	1193	12
Santa Cruz	1026	-8559	12
Balve	5133	786	12
Peñal	1017	-6147	12
Trenton	3948	-8446	12
Tavistock	5055	-414	12
Tumpat	620	10217	12
Cunit	4120	164	12
Wołów	5134	1664	12
Cervignano del Friuli	4582	1334	12
Onsala	5743	1203	12
Overlea	3936	-7652	12
Plaza Huincul	-3893	-6921	12
Garrel	5295	802	12
Svetlodarsk	4843	3822	12
Ibimirim	-854	-3769	12
North Merrick	4069	-7356	12
Phayuha Khiri	1546	10014	12
Krynica-Zdrój	4942	2096	12
Auray	4767	-299	12
Villanueva	2236	-10288	12
Kuala Sungai Baru	236	10204	12
Urbano Santos	-321	-4340	12
Oelsnitz	5073	1270	12
Feuchtwangen	4916	1034	12
Puryŏng	4206	12971	12
Pasłęk	5406	1966	12
Port Saint John	2848	-8079	12
Ibatiba	-2023	-4151	12
Juru	531	10044	12
Mūlanūr	1079	7771	12
Kamenolomni	4767	4021	12
Green Valley	3931	-7730	12
Haro	4258	-285	12
Zorritos	-368	-8068	12
Patacamaya	-1724	-6792	12
Azenha	4108	-862	12
Mafra	3894	-933	12
Rovinari	4492	2318	12
Söderhamn	6130	1706	12
Altenstadt	5029	894	12
Gibraleón	3738	-697	12
Xicohtzinco	1917	-9823	12
North Perth	4373	-8097	12
Rognac	4349	523	12
San Juan de las Huertas	1925	-9976	12
Villa Lázaro Cárdenas	2046	-9770	12
Machelen	5091	444	12
Maamba	-1737	2715	12
Laguna Paiva	-3130	-6066	12
Zakamensk	5037	10329	12
Issum	5153	643	12
Crispano	4095	1429	12
Buluangan	1039	12334	12
Arendonk	5132	508	12
Pindorama	-2119	-4891	12
Hemsbach	4959	865	12
Temirlanovka	4260	6926	12
General Emilio Aguinaldo	1418	12080	12
Okmulgee	3562	-9596	12
Uruçuí	-723	-4456	12
Komusan Il-tong	4211	12970	12
South Miami	2571	-8029	12
Ilsede	5226	1020	12
Rovato	4556	1000	12
Bayt Ūmmar	3162	3510	12
Sant Sadurní d'Anoia	4143	179	12
Dinan	4846	-205	12
Tondon	1037	-1335	12
Tercan	3978	4038	12
Presidencia de la Plaza	-2700	-5984	12
Itajobi	-2132	-4905	12
Ţăndărei	4465	2767	12
San Marcos Huixtoco	1930	-9886	12
Manerbio	4535	1014	12
Hasbrouck Heights	4086	-7408	12
Vlašim	4971	1490	12
Kasumkent	4168	4815	12
Röthenbach an der Pegnitz	4948	1124	12
Saldus	5666	2249	12
Chaiya	939	9920	12
Svetlyy	5167	4563	12
Jacksonville	3381	-8576	12
Suwannaphum	1560	10380	12
Umirim	-368	-3935	12
Baranivka	5030	2766	12
Ulenje	-893	3368	12
Zajas	4161	2094	12
Naval	1156	12440	12
Nuea Khlong	807	9900	12
Marysville	3915	-12159	12
Son Servera	3962	336	12
Olgiate Olona	4564	888	12
Clarkston	3381	-8424	12
Pavlikeni	4324	2532	12
Seclin	5055	303	12
Tutóia	-276	-4227	12
Amper	936	970	12
Trzebnica	5131	1706	12
Adelaide	-3271	2630	12
Liliani	3220	7295	12
Warwick	-2822	15203	12
Adygeysk	4488	3919	12
Kingston	4199	-7072	12
Davidson	3550	-8084	12
Amethi	2802	8105	12
Ottersberg	5311	914	12
Baláo	-291	-7981	12
Benifaió	3928	-43	12
Winfield	3724	-9700	12
Red Bank	4035	-7406	12
Somerville	4057	-7461	12
Parnarama	-568	-4309	12
Kings Point	2645	-8014	12
Pho Thong	1467	10041	12
Novoazovs'k	4711	3809	12
Roßdorf	4986	876	12
San Josecito	1002	-8410	12
Błonie	5220	2062	12
East Hanover	4082	-7436	12
Saint-Gaudens	4311	72	12
La Magdalena Chichicaspa	1941	-9933	12
Vedi	3991	4473	12
Sankt Leon-Rot	4927	862	12
Tucson Estates	3219	-11109	12
Qalāt	3211	6691	12
Kyjov	4901	1712	12
Tsumeb	-1923	1772	12
Tarimoro	2028	-10075	12
Haverstraw	4120	-7396	12
Suamico	4463	-8804	12
Fuldatal	5138	957	12
Bhiria	2691	6819	12
Saint-Cyr-sur-Mer	4318	570	12
Helston	5010	-527	12
Timberlake	3732	-7926	12
Riverview	4217	-8318	12
Ponte San Nicolò	4537	1192	12
Aldeia de Paio Pires	3862	-908	12
Choctaw	3550	-9727	12
Krosno Odrzańskie	5205	1510	12
Ciudad de Nanacamilpa	1949	-9854	12
Frederiksværk	5597	1202	12
Kostinbrod	4282	2322	12
Teverola	4100	1421	12
Sagarejo	4173	4533	12
Nový Bor	5076	1456	12
Hildburghausen	5043	1073	12
Amagá	604	-7570	12
Milicz	5153	1727	12
Giruá	-2803	-5435	12
Rafína	3802	2401	12
Poço Verde	-1071	-3818	12
Pieksämäki	6230	2713	12
Belomorsk	6452	3477	12
Bretzfeld	4918	944	12
Lake City	3019	-8264	12
Babylon	4070	-7333	12
Travilah	3907	-7726	12
Blue Ash	3923	-8438	12
Ponthierry	4853	254	12
Bou Arada	3635	962	12
Hudson	2836	-8269	12
Jódar	3784	-335	12
West Drayton	5150	-47	12
Neosho	3687	-9437	12
Pātan	1738	7390	12
Baraboo	4347	-8974	12
Freeport	2895	-9536	12
Maruim	-1074	-3708	12
Dundrum	5329	-626	12
Höör	5593	1354	12
San Gabriel Chilac	1833	-9735	12
San Pedro de los Baños	1967	-9984	12
Huixcolotla	1892	-9777	12
Monte Argentario	4243	1112	12
Stony Point	4123	-7399	12
Luino	4600	875	12
Boechout	5116	449	12
Caculé	-1450	-4222	12
La Puebla del Río	3727	-606	12
Šamorín	4803	1731	12
L'Union	4366	148	12
Mirwah Gorchani	2531	6905	12
Obernai	4846	748	12
Richmond	2958	-9576	12
São Pedro do Sul	-2962	-5418	12
Barhi	2390	8082	12
Mayskiy	4770	4010	12
Arkansas City	3706	-9704	12
Muswellbrook	-3226	15089	12
Amherst	4140	-8222	12
New Kingman-Butler	3527	-11403	12
Olfen	5171	738	12
San Andrés Xecul	1490	-9148	12
Evanston	4127	-11096	12
Hadamar	5045	804	12
Tamm	4892	912	12
Hagenow	5343	1119	12
Szydłowiec	5123	2086	12
Speedway	3980	-8627	12
Weatherford	3553	-9871	12
Koster	-2586	2690	12
El Quetzal	1477	-9182	12
Cherlak	5416	7481	12
Florida City	2545	-8048	12
Port Royal	3238	-8069	12
Glückstadt	5379	943	12
Ashkāsham	3668	7153	12
Pasewalk	5351	1399	12
Wells Branch	3045	-9768	12
Luling	2993	-9037	12
Mount Sinai	4095	-7303	12
Miringa	1073	1215	12
Dhaunkal	3241	7414	12
Barcs	4596	1746	12
Satwās	2254	7668	12
Shlissel’burg	5995	3104	12
Walldürn	4958	937	12
Ludwigslust	5333	1150	12
Uzwil	4744	913	12
Castelló d'Empúries	4226	307	12
Lonigo	4539	1138	12
Gore	-4610	16894	12
Marabba	1235	3218	12
Jurm	3686	7083	12
Peiting	4780	1093	12
Solaro	4561	908	12
Wentorf bei Hamburg	5350	1025	12
Brown Deer	4316	-8796	12
Maylands	-3193	11589	12
Kandry	5457	5412	12
Cocal	-347	-4156	12
Saint-Fargeau-Ponthierry	4856	253	12
Volosovo	5945	2949	12
Bulle	4662	706	12
Burglengenfeld	4920	1204	12
Cide	4189	3300	12
Gremyachinsk	5856	5785	12
Kumaralingam	1049	7735	12
Salisbury	4075	-7356	12
Myślibórz	5292	1487	12
Baiona	4212	-885	12
Brandfort	-2870	2646	12
Pedara	3762	1506	12
Sacapulas	1529	-9109	12
Kuhsān	3465	6120	12
Scharbeutz	5403	1075	12
Palompon	1105	12438	12
Rong Kwang	1834	10032	12
Gerstetten	4862	1002	12
Paea	-1768	-14958	12
Talant	4734	501	12
Jawhār	1991	7323	12
Buchach	4906	2539	12
Veselí nad Moravou	4895	1738	12
Dunkirk	4248	-7933	12
Woodmere	2986	-9008	12
Whittlesea	-3218	2682	12
São Benedito do Rio Preto	-333	-4353	12
Astorga	4246	-606	12
Washington	3866	-8717	12
Sankheda	2217	7358	12
Ursulo Galván	2273	-9832	12
Alta	6997	2327	12
Nizhniye Sergi	5666	5930	12
Reriutaba	-414	-4058	12
Grand Falls-Windsor	4893	-5566	12
Siverskiy	5935	3008	12
Uruburetama	-363	-3951	12
Bischofsheim	4999	837	12
Prudhoe	5496	-185	12
Cloquet	4672	-9246	12
Canhotinho	-888	-3619	12
Matias Barbosa	-2187	-4332	12
El Bordo	212	-7698	12
Arco	4592	1089	12
Bol’sherech’ye	5609	7463	12
Escazú	992	-8414	12
Überherrn	4924	670	12
Tábua	4036	-803	12
Stamboliyski	4213	2453	12
Comendador	1888	-7170	12
Giffnock	5580	-429	12
Zalanga	1061	1018	12
Kiiminki	6513	2580	12
Borodianka	5064	2992	12
Moranbah	-2200	14805	12
Alvinópolis	-2011	-4305	12
Festus	3822	-9040	12
Rio Maior	3934	-894	12
Porto Real	-2242	-4429	12
Juan de Ayolas	-2739	-5685	12
Khombole	1477	-1670	12
Chelsea	3334	-8663	12
Poquoson	3712	-7635	12
Drăgăneşti-Olt	4417	2453	12
Irmo	3409	-8118	12
Saurikh	2703	7949	12
San Germán	1808	-6704	12
Arouca	1063	-6133	12
Lake Station	4158	-8724	12
Francheville	4574	476	12
Tepalcingo	1859	-9885	12
Solliès-Pont	4319	604	12
Ravanusa	3727	1397	12
Santiago del Teide	2829	-1682	12
Hātā	2674	8375	12
Māndleshwar	2218	7566	12
Kharar	2272	8768	12
Novominskaya	4632	3896	12
Namanga	-255	3678	12
Opwijk	5097	418	12
Angra do Heroísmo	3865	-2722	12
Dikhil	1110	4237	12
Rickmansworth	5164	-48	12
Biao	716	12552	12
Glenn Heights	3255	-9686	12
Campo Grande	-2721	-5498	12
Madison	3874	-8538	12
Goldenrod	2861	-8129	12
Baloda	2214	8248	12
Capo d'Orlando	3814	1473	12
Vega Alta	1841	-6633	12
Kurskaya	4405	4445	12
Norton	4103	-8164	12
Artesia	3284	-10440	12
Zevio	4537	1113	12
Havixbeck	5198	742	12
Edgewater	4083	-7398	12
L'Isle-d'Abeau	4562	522	12
Ángel R. Cabada	1860	-9545	12
Bugallon	1595	12022	12
Montataire	4926	244	12
Fairfax Station	3880	-7733	12
Villa Berthet	-2729	-6041	12
Stafford	4198	-7229	12
Sant'Arpino	4096	1425	12
Cerro Maggiore	4559	895	12
Bulalacao	1233	12134	12
Villetaneuse	4896	234	12
Aleksandrovsk-Sakhalinskiy	5090	14216	12
Yelbarga	1562	7601	12
Jilava	4433	2608	12
Centerton	3636	-9429	12
Bad Windsheim	4950	1042	12
Kāti	1796	7589	12
Talsi	5725	2258	12
Smithfield	3551	-7834	12
Red Oak	3252	-9680	12
Tukzār	3595	6642	12
Khorixas	-2037	1497	12
Bemmel	5189	590	12
Titisee-Neustadt	4792	819	12
Los Alamos	3589	-10631	12
Schönefeld	5239	1350	12
North Palm Beach	2682	-8008	12
Clawson	4253	-8315	12
Mettet	5032	466	12
Natividade	-2104	-4197	12
Jork	5353	968	12
Vordingborg	5501	1191	12
Snezhnogorsk	6919	3325	12
Al Qurayn	2548	4960	12
Tolna	4643	1878	12
Nobres	-1472	-5633	12
Balimila	1825	8211	12
Villa Adriana	4195	1277	12
Hammelburg	5012	989	12
Salem	4090	-8086	12
Churriana de la Vega	3714	-365	12
Rubiera	4465	1078	12
Cacalomacan	1925	-9971	12
Paradera	1254	-7001	12
Itacorubi	-2758	-4850	12
Parksville	4932	-12432	12
Queenswood Heights	4547	-7551	12
Sharm el-Sheikh	2792	3433	12
Purfleet	5148	24	12
Popovača	4557	1663	12
Tiszafüred	4762	2077	12
Etikoppāka	1750	8273	12
Colva	1528	7392	12
Dayapar	2363	6890	12
Vom	973	879	12
Oxapampa	-1058	-7540	12
Yemetsk	6347	4178	12
Ainaro	-899	12551	12
Serdar	3898	5628	12
Cedar Lake	4136	-8744	12
Fortuna	4060	-12416	12
Lindley	-2788	2791	12
Bochum	-2329	2914	12
Bad Belzig	5214	1259	12
Digora	4316	4416	12
Glen Rock	4096	-7413	12
Firestone	4011	-10494	12
Ettenheim	4826	781	12
Znamenka	5290	3598	12
Portales	3419	-10333	12
Drouin	-3814	14586	12
Kremenki	5489	3712	12
Dinard	4863	-206	12
Sibonga	1002	12362	12
Qax	4142	4692	12
Karumbākkam	1270	8009	12
Raffadali	3740	1353	12
Capela do Alto	-2347	-4773	12
’Aïn Boucif	3589	316	12
Dolinsk	4733	14279	12
Colchani	-2030	-6693	12
Murang’a	-72	3715	12
Venustiano Carranza	2012	-10265	12
Gladstone	4538	-12259	12
La Homa	2625	-9836	12
Flores Costa Cuca	1463	-9186	12
Olot Shahri	3941	6380	12
Veurne	5107	267	12
Cavelossim	1517	7394	12
Minehead	5120	-348	12
Liedekerke	5087	409	12
Martinsville	4060	-7456	12
Rochefort	5016	522	12
Buchloe	4804	1073	12
Gerpinnes	5034	453	12
Castellbisbal	4148	198	12
Olivenza	3868	-710	12
Saint-Amand-Montrond	4672	250	12
Mezdra	4315	2370	12
Bully-les-Mines	5044	273	12
Chulym	5510	8096	12
Kailua-Kona	1964	-15600	12
Campodarsego	4550	1192	12
Auriflama	-2069	-5055	12
Nœux-les-Mines	5048	267	12
Valenton	4875	246	12
Robertsport	675	-1137	12
Škofja Loka	4617	1431	12
Barcarena	3873	-928	12
Waconia	4485	-9379	12
Shepherdsville	3799	-8572	12
Salcajá	1488	-9146	12
Crestwood	3856	-9038	12
Le Pont-de-Claix	4512	570	12
Pargas	6031	2230	12
Surazh	5302	3239	12
Pargolovo	6008	3028	12
Youngsville	3010	-9199	12
North Wantagh	4069	-7351	12
Maracaí	-2261	-5067	12
San Blas Atempa	1633	-9523	12
Non Thai	1520	10207	12
Freehold	4026	-7427	12
Murnau am Staffelsee	4768	1120	12
Anykščiai	5553	2510	12
Kurşunlu	4084	3326	12
Tepelenë	4030	2002	12
Kiskunmajsa	4649	1974	12
Mŭ’minobod	3811	7003	12
Rielasingen-Worblingen	4773	884	12
Kānodar	2409	7239	12
Zuyevka	5841	5113	12
Sibirskiy	5358	8376	12
Wagar	1615	3620	12
Lokhvytsya	5037	3326	12
Geisenheim	4998	797	12
Allonnes	4797	16	12
Tarquinia	4225	1176	12
Avesta	6014	1616	12
Kumburgaz	4102	2848	12
Huehuetoca	1983	-9920	12
Monfort Heights	3919	-8460	12
Kinrooi	5115	574	12
Kastsyukovichy	5335	3205	12
Cabricán	1507	-9165	12
‘Anātā	3181	3526	12
Plácido de Castro	-1034	-6719	12
Scotts Valley	3705	-12201	12
San Juan Chamelco	1542	-9033	12
Göle	4079	4261	12
Holly Hill	2924	-8104	12
Bolānīkhodān	2211	8534	12
Alijó	4128	-747	12
Águeda	4058	-844	12
Coamo	1808	-6636	12
Luchenza	-1601	3531	12
Cherdakly	5436	4884	12
Sheerness	5144	76	12
Kortemark	5103	304	12
Obiaruku	585	615	12
Fagersta	6000	1579	12
Leeds	3355	-8654	12
Chahār Burj	3424	6219	12
Dungannon	5450	-677	12
El Coco	887	-7980	12
Luza	6063	4725	12
Tyukalinsk	5587	7220	12
Richmond Hill	3194	-8130	12
Ribas do Rio Pardo	-2044	-5376	12
Montanha	-1813	-4036	12
Aubergenville	4896	185	12
Rājur	2011	7889	12
Hormigueros	1814	-6713	12
Wiang Sa	864	9937	12
Bogalusa	3079	-8985	12
Jodoigne	5072	487	12
Ilovlya	4930	4398	12
Pogranichnyy	4441	13138	12
Tring	5179	-66	12
Veinticinco de Mayo	-2738	-5474	12
Zemetchino	5350	4262	12
Adré	1347	2220	12
Mtama	-1030	3937	12
Sai Kung	2238	11427	12
Katoro	-140	3150	12
Bennsville	3861	-7701	12
Presidente Médici	-1118	-6190	12
Naujoji Akmene	5632	2290	12
Dranesville	3900	-7735	12
Guymon	3668	-10148	12
West Haven	4120	-11205	12
Kozy	4985	1915	12
Klazienaveen	5272	699	12
Borba	-439	-5959	12
Beauharnois	4531	-7387	12
Kaintragarh	2072	8454	12
Sinaia	4535	2555	12
Ad Duraykīsh	3490	3614	12
Wommelgem	5120	452	12
Chorleywood	5165	-51	12
Bucyrus	4081	-8298	12
Belfast	-2569	3004	12
Kirkham	5378	-287	12
Colônia Leopoldina	-891	-3573	12
Altinho	-849	-3606	12
Almolonga	1482	-9149	12
Mundo Novo	-1186	-4047	12
Mundemba	495	887	12
Delvāda	2078	7105	12
Capdepera	3970	344	12
Le Relecq-Kerhuon	4841	-439	12
Nurmo	6283	2291	12
Uklāna	2951	7588	12
Schöneiche	5247	1369	12
Halstead	5195	64	12
Amarpur	2353	9166	12
Fagnano Olona-Bergoro	4567	886	12
Narimanov	4669	4785	12
Bolkhov	5344	3601	12
Ried im Innkreis	4821	1349	12
Kall	5054	656	12
Cudworth	5357	-142	12
Duartina	-2241	-4940	12
Ronchi dei Legionari	4583	1350	12
Zelzate	5119	381	12
Karymskoye	5162	11435	12
Kelso	4615	-12291	12
Canacona	1500	7405	12
El Sauce	1289	-8654	12
Coremas	-701	-3795	12
Haymana	3943	3250	12
Cunha	-2307	-4496	12
Pfarrkirchen	4843	1294	12
Haxby	5401	-107	12
Acatic	2078	-10291	12
Darabani	4818	2658	12
Gavere	5093	366	12
Kangal	3923	3739	12
Utete	-799	3876	12
Pennsville	3965	-7552	12
Teningen	4813	781	12
Néa Alikarnassós	3534	2516	12
Solofra	4083	1484	12
San Pedro Los Baños	1963	-9982	12
Porkhov	5777	2956	12
Raposa	-652	-4418	12
Besigheim	4900	914	12
Peñarroya-Pueblonuevo	3830	-527	12
Barnham	5083	-64	12
Ojuelos de Jalisco	2187	-10159	12
Montrose	5672	-247	12
Pollena Trocchia	4085	1438	12
Pulau Sebang	246	10223	12
Gevaş	3829	4310	12
Maryville	4035	-9487	12
Hattem	5248	606	12
Carahue	-3871	-7316	12
Noordwijkerhout	5226	449	12
Ingersoll	4303	-8088	12
Umrāla	2184	7180	12
Menfi	3760	1297	12
Tiszaföldvár	4698	2025	12
Nacozari Viejo	3040	-10965	12
Bagnolo Mella	4543	1019	12
Osterhofen	4870	1302	12
Mazzarino	3730	1421	12
San Prisco	4109	1428	12
Gardelegen	5253	1140	12
Qutqashen	4098	4785	12
Nattapian	1768	12170	12
Clayton	3794	-12194	12
Bétaré Oya	560	1408	12
Brunn am Gebirge	4811	1628	12
Albertirsa	4724	1962	12
Santa Ana	3054	-11112	12
Węgorzewo	5422	2174	12
Gali	4263	4174	12
Araripe	-721	-4014	12
Curaçá	-899	-3991	12
Orthez	4349	-77	12
Aydarken	3994	7134	12
Snovsk	5182	3194	12
California	3830	-7651	12
Kronshagen	5433	1008	12
Pionerskiy	5495	2023	12
Rankweil	4727	964	12
Weinsberg	4915	929	12
Naranjo	1010	-8438	12
Lokot’	5256	3458	12
Ivybridge	5039	-392	12
Papagaios	-1945	-4475	12
Wilkau-Haßlau	5068	1251	12
Saint-Louis du Nord	1993	-7272	12
Lakeside	3761	-7748	12
Terryville	4091	-7307	12
Sagopshi	4349	4459	12
Wanaque	4104	-7429	12
Atraulia	2633	8295	12
Ko Pha Ngan	976	10003	12
Cypress Lake	2654	-8190	12
Chaah	225	10305	12
Nagyatád	4623	1736	12
Uspenskoye	4483	4139	12
Alexandria	4589	-9538	12
Maltrata	1881	-9728	12
Dubinino	5562	8909	12
Rosdorf	5150	990	12
Tranent	5594	-295	12
Kongwa	-620	3642	12
Saint-Paul-lès-Dax	4373	-105	12
Taşkent	3692	3249	12
Westwood Lake	2573	-8037	12
Mallāpuram	1198	7825	12
Paralímni	3504	3398	12
Shetpe	4414	5215	12
Yeraliyev	4318	5168	12
Lomas de San Agustín	2053	-10347	12
Elliot	-3133	2785	12
Boyalık	4126	2863	12
Morgan City	2970	-9121	12
Florham Park	4079	-7439	12
Roquebrune-Cap-Martin	4376	748	12
Kowary	5079	1584	12
Kraskovo	5565	3799	12
Mehrān	3312	4616	12
Ambodifotatra	-1698	4985	12
Santa Fe de Antioquia	656	-7583	12
Jilotepec de Molina Enríquez	1995	-9953	12
Tomeşti	4712	2768	12
Matonga	-238	3408	12
La Queue-en-Brie	4879	258	12
Tetyushi	5494	4884	12
Kingsburg	3651	-11955	12
De Lier	5198	425	12
Santa Rita	-2578	-5507	12
Georgetown	3198	-8123	12
Lagoa Formosa	-1878	-4641	12
Batalha	-968	-3712	12
Porto-Vecchio	4159	928	12
Ommen	5252	642	12
San Juan y San Pedro Tezompa	1921	-9896	12
Non Sang	1687	10257	12
Greensburg	3934	-8548	12
San Martino Buon Albergo	4542	1110	12
Novo Selo	4141	2288	12
Ovidiopol	4625	3044	12
Cottonwood	3474	-11201	12
Sitionuevo	1078	-7472	12
Caselle Torinese	4517	764	12
Lauenburg	5337	1056	12
Daultala	3319	7314	12
Turi	4092	1702	12
Videle	4428	2552	12
Umm as Sāhik	2665	4992	12
Sirmaur	2484	8136	12
Las Toscas	-2835	-5926	12
Janów Lubelski	5071	2241	12
Rānīr Bāzār	2383	9137	12
Policoro	4021	1668	12
Balpyk Bī	4490	7823	12
İscehisar	3886	3075	12
Perşembe	4107	3777	12
Pińczów	5052	2053	12
Storeşti	4755	2687	12
Schiller Park	4196	-8787	12
Haapsalu	5894	2354	12
Kayakent	4239	4790	12
Rio Tinto	-680	-3508	12
Prachatice	4901	1400	12
Campestre	-2171	-4625	12
Long	1807	9983	12
Byarozawka	5372	2550	12
Recke	5237	772	12
Lovington	3294	-10335	12
Sugarland Run	3904	-7738	12
San Juan Bautista	796	-8041	12
Aguisan	1016	12286	12
Fátima	3962	-865	12
Urlaţi	4498	2623	12
Blaubeuren	4841	978	12
Svedala	5551	1324	12
Made	5168	479	12
Eijsden	5078	572	12
Uitgeest	5253	471	12
Seryshevo	5109	12838	12
Mbekenyera	-1000	3898	12
Pontiac	4088	-8863	12
Pirāwa	2416	7603	12
Inyonga	-672	3207	12
Brzeszcze	4998	1915	12
Sŭngjibaegam	4124	12880	12
Bridgeton	3877	-9041	12
Cafayate	-2607	-6598	12
Bad Lauterberg im Harz	5163	1047	12
Vernouillet	4872	137	12
Cruz Grande	1672	-9912	12
Franklin	3956	-8430	12
Trezzo sull'Adda	4561	951	12
Woodinville	4775	-12216	12
Gobindapur	2259	8809	12
Ascención	3110	-10798	12
Bihpuriāgaon	2702	9392	12
Ayancık	4194	3459	12
Küssnacht	4709	844	12
Lehre	5233	1067	12
Apac	198	3254	12
Market Drayton	5291	-249	12
Joanópolis	-2293	-4628	12
Pamplona	947	12312	12
Madala	910	721	12
Oliveira de Azemeis	4084	-848	12
Armadale	5588	-370	12
Rio Casca	-2023	-4265	12
Rianxo	4265	-882	12
Red Bank	3511	-8529	12
Newport East	4152	-7129	12
Snyder	3272	-10092	12
Lansing	3925	-9490	12
De Haan	5127	303	12
Santa Rosalía	2734	-11227	12
Nizhneye Kazanishche	4276	4716	12
Ndélé	841	2065	12
Bestwig	5136	840	12
Givat Zeev	3186	3517	12
São Paulo de Olivença	-338	-6887	12
Beachwood	4146	-8151	12
Arklow	5279	-615	12
Lower Burrell	4055	-7976	12
Gärtringen	4864	890	12
Toungo	812	1205	12
Trophy Club	3300	-9718	12
Somersworth	4326	-7087	12
Borborema	-2162	-4907	12
Vaux-le-Pénil	4853	269	12
Neira	517	-7552	12
Bolsover	5323	-129	12
Velké Meziříčí	4936	1601	12
Schalksmühle	5124	753	12
Abū Dīs	3176	3526	12
Tomarza	3845	3580	12
Deltebre	4072	71	12
José María Morelos	1975	-8871	12
Rurrenabaque	-1444	-6753	12
Zaragoza	1359	-8929	12
Livno	4383	1701	12
Albatera	3818	-87	12
Tiszakécske	4693	2010	12
Civita Castellana	4229	1241	12
Pescantina	4549	1087	12
Puerto Armuelles	828	-8286	12
Agaie	901	632	12
Baculongan	1680	12083	12
Healdsburg	3861	-12287	12
Rosbach vor der Höhe	5030	869	12
Erkner	5242	1375	12
Ponnamarāvati	1028	7854	12
Medellin	1113	12396	12
Trélazé	4745	-47	12
Blackfoot	4319	-11234	12
Santa Coloma de Farners	4187	267	12
Dejen	1017	3813	12
Magdagachi	5345	12581	12
Shiida	3365	13106	12
Miechów	5036	2003	12
Sala Consilina	4040	1559	12
Shubarkuduk	4914	5648	12
Namikupa	-1083	3960	12
Manga	-1476	-4393	12
Cross Hills	5391	-198	12
Zhetibay	4359	5208	12
Karratha	-2074	11685	12
Senador Guiomard	-1015	-6774	12
Polonuevo	1078	-7485	12
Rudersberg	4889	953	12
Las Lomas	843	-8239	12
Rokytne	5128	2721	12
Montmagny	4698	-7055	12
Dinkelsbühl	4907	1032	12
Priolo Gargallo	3716	1518	12
Ayotlán	2053	-10233	12
Pochinki	5470	4487	12
Santo Antônio do Sudoeste	-2607	-5373	12
Bonneville	4608	641	12
South Lyon	4246	-8365	12
Chos Malal	-3738	-7027	12
Nkhata Bay	-1161	3429	12
Armero-Guyabal	497	-7490	12
Wald-Michelbach	4957	883	12
Córdoba (Santa Leticia)	1891	-9698	12
Riposto	3773	1521	12
Nisporeni	4708	2817	12
Kiraz	3823	2820	12
Douglas	3151	-8285	12
Carver	4188	-7076	12
Tilbury	5146	36	12
Sājir	2518	4460	12
Arroyo de la Encomienda	4161	-480	12
Wallington	4085	-7411	12
Canto do Buriti	-811	-4294	12
Sapatgrām	2634	9012	12
Kihoku-chō	3326	13268	12
Platnirovskaya	4540	3938	12
Ocean Pines	3840	-7516	12
Holboca	4715	2770	12
Štúrovo	4779	1872	12
El Rosario	1704	-9669	12
Machina	1314	1005	12
Jensen Beach	2725	-8023	12
Wallisellen	4741	860	12
Zschopau	5075	1308	12
Shaydon	4067	7035	12
Guspini	3954	864	12
Cinisi	3816	1310	12
Lahaina	2087	-15668	12
Mutum Biyu	864	1077	12
Kangiwa	1255	382	12
Charlton Kings	5188	-204	12
Semelhe	4155	-846	12
Real	4156	-844	12
Bolintin Vale	4445	2576	12
Kozlovka	5584	4825	12
Bol	1347	1471	12
Billerbeck	5198	729	12
Bellegarde-sur-Valserine	4611	582	12
Sanquelim	1556	7401	12
Khallikot	1961	8509	12
Graben-Neudorf	4917	849	12
Rychnov nad Kněžnou	5016	1627	12
Sumbal	3423	7465	12
Blandford Forum	5086	-216	12
Krasnozavodsk	5645	3822	12
Emeryville	3783	-12229	12
Ilmajoki	6273	2257	12
Bori	468	737	12
Cambanugoy	754	12576	12
Azle	3290	-9755	12
Flores	-787	-3797	12
Hosakote	1428	7717	12
Libog	1323	12378	12
Kobelyaky	4915	3420	12
East Bethel	4532	-9320	12
Turramurra	-3373	15113	12
Bruay-sur-l'Escaut	5040	354	12
Todmorden	5371	-210	12
Martinsville	3943	-8643	12
Seven Hills	4140	-8168	12
Burumburum	1139	872	12
Thornbury	5161	-252	12
Dzitbalché	2032	-9006	12
Macedonia	4131	-8151	12
Andratx	3958	242	12
Santa Croce sull'Arno	4372	1077	12
São Félix da Marinha	4104	-862	12
Zetel	5342	798	12
Medina Sidonia	3646	-593	12
Santa Rosa	1542	12094	12
Neuenburg am Rhein	4781	756	12
Guastalla	4491	1066	12
Weston	4237	-7130	12
Marly	5035	355	12
Hoemul-li	4143	12967	12
Quezon	1044	12326	12
Buenos Aires	917	-8333	12
Pieve Emanuele	4535	920	12
Kavkazskaya	4545	4068	12
Sokone	1388	-1637	12
Miracatu	-2428	-4746	12
Filingué	1435	332	12
Trostberg an der Alz	4803	1256	12
Taurianova	3836	1601	12
Fgura	3587	1451	12
Durmersheim	4893	827	12
Salsipuedes	1941	-7038	12
Rivière du Rempart	-2010	5768	12
Naduvattam	1148	7654	12
Jainpur	2615	8334	12
Waipio	2142	-15800	12
Codsall	5263	-220	12
Goniri	1148	1231	12
Bara	1037	1073	12
Brønderslev	5727	994	12
Magnolia	3327	-9324	12
River Edge	4093	-7404	12
Oquirrh	4063	-11203	12
Guttenberg	4079	-7400	12
Gaillard	4619	621	12
Mexico	3917	-9188	12
Bad Sassendorf	5158	817	12
Törökbálint	4743	1891	12
Krong Kep	1048	10432	12
Belaya Kholunitsa	5884	5085	12
Sandy	5213	-29	12
Chajul	1549	-9104	12
Plan de Ayala	2055	-9747	12
Santa Vitória	-1884	-5012	12
Liversedge	5371	-169	12
Kondovo	4201	2131	12
Thulamahashi	-2472	3120	12
Mokshan	5344	4461	12
North Lindenhurst	4071	-7338	12
Panamaram	1174	7607	12
Jaguaruna	-2862	-4903	12
Barela	2310	8005	12
Uba	1046	1322	12
Markha	6211	12974	12
Wyandanch	4075	-7336	12
Bishnāh	3261	7486	12
Coronel Dorrego	-3872	-6129	12
Münchenstein	4752	761	12
Goshen	3923	-8416	12
Kidal	1844	141	12
Villa Vásquez	1974	-7145	12
Matca	4585	2753	12
Anka	1211	593	12
Barotac Nuevo	1089	12270	12
Tavagnacco	4611	1322	12
Eichenau	4817	1132	12
Brejo	-368	-4275	12
San Francisco Ocotlán	1913	-9828	12
Tenancingo	1915	-9820	12
Larkird	3549	6666	12
Lundazi	-1229	3318	12
Argentona	4155	240	12
Nemyriv	4897	2884	12
Caulfield South	-3790	14503	12
Morsbach	5087	773	12
Oliva	-3204	-6357	12
San Salvador	-3162	-5851	12
Pandhāna	2170	7622	12
Ad Dabbah	1805	3095	12
Durağan	4142	3505	12
Lexington Park	3827	-7645	12
Omoku	534	666	12
Arlington	3530	-8966	12
Odžak	4502	1832	12
Barkly West	-2854	2452	12
Jitaúna	-1401	-3990	12
Monkey Bay	-1408	3492	12
Ravenna	4116	-8124	12
Pāppārappatti	1222	7806	12
Tabatinga	-2172	-4869	12
Akseki	3705	3179	12
Murska Sobota	4666	1617	12
Holzgerlingen	4864	901	12
Passy	4592	670	12
Cosne-Cours-sur-Loire	4741	293	12
Cefalù	3804	1402	12
Dossenheim	4945	867	12
Obiliq	4269	2107	12
Tayug	1603	12074	12
San Antero	937	-7576	12
El Arenal	2078	-10369	12
Inverell	-2977	15111	12
Apt	4388	540	12
Valmadrera-Caserta	4585	936	12
Enumclaw	4720	-12199	12
Beyne-Heusay	5062	567	12
Lymm	5338	-248	12
Strehaia	4462	2320	12
Oskaloosa	4130	-9264	12
Verde Village	3471	-11201	12
El Campo	2920	-9627	12
Laarne	5103	385	12
Baran’	5448	3032	12
Westhill	5715	-228	12
Belsize Park	5155	-17	12
Pader	305	3322	12
Linkenheim-Hochstetten	4913	841	12
Parthenay	4665	-25	12
Torroella de Montgrí	4204	313	12
Bugembe	48	3324	12
Anderlues	5041	427	12
Križevci	4602	1654	12
Goedereede	5182	398	12
Santa Comba Dão	4040	-813	12
Harrislee	5480	938	12
Şile	4118	2961	12
Lynnfield	4254	-7105	12
Cold Lake	5447	-11018	12
Yamasá	1877	-7003	12
Cocoa Beach	2832	-8061	12
Makariv	5046	2981	12
Poing	4817	1182	12
San Sebastián	1834	-6699	12
Carpenedolo	4536	1043	12
Jesús Gómez Portugal (Margaritas)	2200	-10229	12
Pampa del Indio	-2605	-5994	12
Bernissart	5047	365	12
Lentvaris	5464	2505	12
Theux	5053	581	12
Sakib	3228	3581	12
Elizabethtown	4015	-7660	12
Mack	3916	-8465	12
Sainte-Marie	4643	-7101	12
Tavas	3757	2907	12
Moralzarzal	4068	-397	12
Mondeville	4917	-32	12
Zonnebeke	5087	299	12
Méricourt	5040	286	12
Monster	5203	417	12
Borovsk	5521	3649	12
Taboshar	4057	6964	12
Ploufragan	4849	-279	12
Briançon	4490	664	12
Avintes	4111	-855	12
Shalushka	4353	4357	12
Robstown	2779	-9767	12
Port Washington	4339	-8788	12
Werther	5208	842	12
Tullamore	5327	-749	12
Diplo	2447	6958	12
Lakeland South	4728	-12228	12
Lienz	4683	1277	12
Boortmeerbeek	5098	457	12
Kaduy	5920	3715	12
Home Gardens	3388	-11752	12
Santoña	4344	-346	12
Titron	2967	7732	12
Villas	2655	-8187	12
Burgthann	4935	1131	12
Pescia	4389	1069	12
Herk-de-Stad	5094	517	12
Boqueirão	-748	-3613	12
Schotten	5050	913	12
Beyla	869	-865	12
Krasnobrodskiy	5416	8645	12
Upper Montclair	4085	-7420	12
Sun Village	3456	-11796	12
Loutráki	3798	2298	12
Archdale	3591	-7997	12
Gundelfingen	4804	787	12
Fereydūnshahr	3294	5012	12
Las Palmas	2294	-10994	12
Czarnków	5290	1656	12
Castanet-Tolosan	4352	150	12
Taviano	3998	1808	12
Cassano Allo Ionio	3978	1633	12
Targuist	3494	-432	12
Vila Real de Santo António	3720	-742	12
Tarrytown	4108	-7386	12
Crixás	-1455	-4997	12
Bad Doberan	5411	1190	12
Möhnesee	5150	813	12
Sant'Agata de'Goti	4109	1450	12
Colonia General Alfredo Stroessner	-2536	-5571	12
Münchberg	5019	1179	12
Almeirim	3921	-863	12
Moss Bluff	3030	-9319	12
Gramsh	4087	2018	12
Carmo	-2193	-4261	12
Saint-Martin-de-Crau	4364	481	12
Muleba	-184	3165	12
Bad Iburg	5215	804	12
Tarnos	4354	-146	12
Mountain Park	3384	-8413	12
Velilla de San Antonio	4037	-348	12
Saint-Junien	4589	90	12
Majholi	2350	7992	12
San Pedro Mártir	2062	-10047	12
Fulton	4332	-7642	12
Espita	2101	-8831	12
Valangaiman	1089	7939	12
Rodyns’ke	4835	3721	12
Garden City	4362	-11624	12
Hauterive	4920	-6826	12
Żejtun	3586	1453	12
Dabeiba	700	-7627	12
Sunzha	4306	4482	12
Zwönitz	5063	1281	12
Omaruru	-2143	1593	12
Kugesi	5603	4729	12
Urbana	4011	-8375	12
Valley Falls	4191	-7139	12
North Bellport	4077	-7294	12
Heddesheim	4951	860	12
Dabat	1298	3777	12
Bobrovytsya	5075	3139	12
Atescatempa	1418	-8974	12
San Gregorio de Nigua	1838	-7008	12
Heckmondwike	5371	-168	12
Troy	3898	-9098	12
Zakynthos	3778	2090	12
Lun Pequeño	604	12528	12
Lakeland Village	3364	-11734	12
Ortigueira	-2421	-5095	12
Giaveno	4504	735	12
Tierra Colorada	1717	-9953	12
Kostyantynivka	4682	3542	12
Tomball	3010	-9562	12
Trapiche	1068	12243	12
Pergine Valsugana	4606	1124	12
Greatwood	2955	-9568	12
Santa Margalida	3970	310	12
Bazhovo	5506	6160	12
Kiunga	-612	14129	12
Jucurutu	-603	-3702	12
Kafarati	1038	1110	12
Gladeview	2584	-8024	12
Destrehan	2994	-9035	12
Varazze	4436	860	12
Dolneni	4143	2145	12
Cheney	4749	-11758	12
Quipapá	-883	-3601	12
Happy Valley	-3508	13853	12
Uxbridge	4410	-7912	12
Richfield	4326	-8819	12
Groveland	2856	-8185	12
Sinazongwe	-1726	2746	12
Joigny	4798	340	12
Oğuzeli	3697	3751	12
Grafton	4332	-8795	12
Fall River	4482	-6362	12
Küsnacht	4732	858	12
Sinj	4370	1664	12
Handen	5917	1814	12
Großräschen	5159	1401	12
Ciudad Gustavo Díaz Ordaz	2623	-9860	12
Manukan	853	12310	12
Shady Hills	2841	-8254	12
Yeadon	3994	-7526	12
Knittelfeld	4722	1482	12
Abrera	4152	190	12
Hobe Sound	2706	-8014	12
Pātrasāer	2320	8753	12
Kambia	913	-1292	12
Barro	-672	-3887	12
Los Corrales de Buelna	4326	-407	12
Kottaiyūr	1011	7880	12
Thouars	4698	-21	12
Nealtican	1905	-9843	12
Sant'Angelo Lodigiano	4524	941	12
Chyhyryn	4908	3266	12
Malmédy	5043	603	12
Zmeinogorsk	5116	8220	12
Kembé	462	2189	12
Bacalar	1868	-8839	12
Mulino	5629	4292	12
São José da Coroa Grande	-890	-3515	12
Grand Baie	-2002	5758	12
Águas Formosas	-1708	-4094	12
Chiautla de Tapia	1830	-9860	12
Amarante do Maranhão	-557	-4674	12
Braunfels	5052	839	12
Zagarolo	4184	1282	12
Byram	3218	-9025	12
Hirschaid	4982	1099	12
Syston	5268	-107	12
Laren	5226	523	12
Redkino	5665	3630	12
Claiborne	3252	-9219	12
Ekerö	5929	1781	12
Lastra a Signa	4377	1111	12
Riesi	3728	1408	12
Khor	4789	13495	12
Mayuge	46	3348	12
Mikun’	6235	5008	12
Hüyük	3795	3160	12
Bin Yauri	1078	481	12
Pago Pago	-1428	-17070	12
Savaneta	1245	-6994	12
Mstsislaw	5402	3172	12
Lyakhavichy	5304	2627	12
Kőszeg	4739	1654	12
Akjoujt	1975	-1439	12
Pribrezhnyy	5349	4986	12
Itiruçu	-1353	-4015	11
Velten	5269	1318	11
Pão de Açúcar	-975	-3744	11
Châteauneuf-les-Martigues	4338	516	11
Maru	1233	640	11
Oissel	4933	109	11
Canatlán	2453	-10477	11
Henley-on-Thames	5153	-90	11
Phrai Bueng	1475	10436	11
Montegranaro	4323	1363	11
Ochsenfurt	4966	1006	11
Figeac	4461	203	11
Rebordosa	4122	-841	11
Yulee	3063	-8161	11
La Carlota	-3342	-6330	11
San Pedro	940	-7506	11
Nacozari de García	3037	-10969	11
Nowa Dęba	5043	2175	11
Kamen’-Rybolov	4475	13205	11
Farciennes	5043	454	11
Margherita di Savoia	4137	1615	11
Yur’yevets	5732	4310	11
Excelsior Springs	3934	-9423	11
Rehoboth	4184	-7125	11
Portachuelo	-1735	-6339	11
Chashniki	5486	2916	11
Gangelt	5099	600	11
Robinson	3147	-9711	11
Sušice	4923	1352	11
Honiton	5080	-319	11
Oţelu Roşu	4553	2237	11
Cedarburg	4330	-8799	11
Nörvenich	5081	664	11
Opera	4537	921	11
Satuek	1530	10329	11
Gainesville	3880	-7761	11
Doesburg	5201	614	11
Lewisburg	3545	-8679	11
Luís Correia	-288	-4167	11
Ladenburg	4947	861	11
Bad Dürrenberg	5130	1207	11
Mazamet	4349	237	11
Santa Ignacia	1562	12044	11
Calintaan	1257	12093	11
Gur’yevsk	5477	2061	11
Götzis	4733	963	11
Ialysós	3641	2816	11
Dhuwaran	2224	7276	11
Mercato San Severino	4078	1475	11
Bweyogerere	36	3266	11
Basse-Terre	1600	-6173	11
San Pedro Tlaltizapan	1920	-9950	11
Ebikon	4708	834	11
Yenifakılı	3921	3500	11
Jõhvi	5936	2742	11
Muna	2049	-8971	11
Nogir	4308	4464	11
Cedral	2382	-10073	11
Titay	781	12253	11
Levski	4337	2513	11
Versoix	4628	616	11
Cocentaina	3874	-44	11
Great Harwood	5379	-241	11
Mikhaylovskoye	5182	7972	11
Kandé	996	104	11
Schüttorf	5232	722	11
Fort Liberté	1966	-7184	11
Sovata	4658	2507	11
Royse City	3298	-9633	11
Prairie Ridge	4714	-12215	11
Anna	3335	-9655	11
Neuhausen auf den Fildern	4868	928	11
Wronki	5271	1638	11
Bellmawr	3987	-7509	11
Neunkirchen	4772	1608	11
Masila	2258	8823	11
Cowdenbeath	5611	-334	11
Goor	5223	659	11
Boldeşti-Scăeni	4503	2603	11
Al Awjām	2656	4994	11
North Saint Paul	4501	-9299	11
Chivolo	1003	-7462	11
Melchor de Mencos	1707	-8915	11
San Francisco Tecoxpa	1919	-9901	11
Lavagna	4431	935	11
Vicente Guerrero	3073	-11599	11
Rey Bouba	867	1418	11
Pitoa	938	1350	11
Zofingen	4729	795	11
Hillsborough	3757	-12238	11
Gagarawa	1241	953	11
Puerto Supe	-1080	-7774	11
Los Alamitos	3380	-11807	11
Endwell	4211	-7602	11
Gazli	4013	6346	11
Waltershausen	5090	1056	11
Lousã	4012	-825	11
Koppies	-2724	2757	11
Maindargi	1746	7629	11
Clute	2902	-9540	11
Malaya	1440	12134	11
Fenton	4280	-8370	11
Valdez	125	-7898	11
Uniāra	2615	7522	11
Friedrichsthal	4933	710	11
Padada	664	12534	11
Somerset	3709	-8460	11
Ergolding	4858	1217	11
Eisenberg	5097	1190	11
Skara	5839	1344	11
Parnera	2056	7295	11
Mejaniga	4546	1191	11
Aduthurai	1102	7948	11
Samaná	1921	-6934	11
Ciudad Tecún Umán	1468	-9214	11
Pudūr	1300	7914	11
Nārāyanavanam	1343	7959	11
Dalmau	2606	8103	11
As Pontes de García Rodríguez	4345	-785	11
Ville-d'Avray	4882	219	11
Holyhead	5331	-463	11
Shipunovo	5222	8227	11
Branson	3664	-9322	11
Parker	3485	-8245	11
Carnoustie	5650	-271	11
Lupiro	-838	3667	11
Mendota	3675	-12038	11
Ganjām	1939	8505	11
Candelaria	1046	-7488	11
Uauá	-984	-3948	11
Mions	4566	495	11
Neuhof	5045	962	11
Lakes by the Bay	2557	-8033	11
Ágios Nikólaos	3519	2572	11
Celldömölk	4726	1715	11
Garðabær	6409	-2192	11
Pigcawayan	728	12443	11
Praskoveya	4474	4420	11
Mays Chapel	3943	-7665	11
Castilho	-2087	-5149	11
Auchel	5050	247	11
Arumbāvūr	1138	7873	11
Sorso	4080	858	11
Lorch	4880	969	11
Bowen	-2001	14825	11
Vienenburg	5195	1056	11
Davorlim	1527	7399	11
Fiano Romano	4216	1259	11
Vilsbiburg	4845	1236	11
Stjørdalshalsen	6347	1093	11
Holíč	4881	1716	11
Salem	4255	-8811	11
Āwash	898	4017	11
Sanniquellie	736	-871	11
Puck	5472	1841	11
Shagonar	5153	9293	11
Moravská Třebová	4976	1666	11
Haddonfield	3989	-7504	11
Frederick	4010	-10494	11
Majayjay	1415	12147	11
Webster	4205	-7188	11
Crossville	3595	-8503	11
Mundi	2207	7649	11
Carinhanha	-1430	-4377	11
Roding	4919	1252	11
Sŭngam-nodongjagu	4167	12967	11
Gänserndorf	4834	1672	11
Madridejos	3947	-353	11
Cheadle	5298	-198	11
Hawaiian Paradise Park	1959	-15497	11
Sason	3833	4141	11
Profondeville	5038	487	11
Alangānallūr	1005	7809	11
Alby	5923	1785	11
Buryn’	5120	3384	11
Kumi	146	3394	11
D'Iberville	3043	-8889	11
Badamdar	4034	4980	11
Leku	687	3844	11
Iksāl	3268	3532	11
Westerkappeln	5232	788	11
Étaples	5052	163	11
Tafalla	4253	-167	11
Esmoriz	4096	-863	11
Cuité	-648	-3615	11
Porecatu	-2276	-5138	11
Lakhnā	2665	7915	11
Summit	4179	-8781	11
Hexham	5497	-210	11
Gua	2221	8539	11
Liperi	6253	2937	11
Drezna	5574	3885	11
Kirs	5934	5224	11
Nong Chik	684	10118	11
Ussel	4555	231	11
Vardenis	4018	4573	11
Raubling	4779	1211	11
Talachyn	5441	2970	11
Mangalam	976	7864	11
Mwanza	-1560	3452	11
Wisła	4966	1886	11
Guelendeng	1092	1555	11
L'Alcúdia	3920	-51	11
Asyqata	4089	6836	11
Silvânia	-1666	-4861	11
Levokumskoye	4482	4466	11
Ahmetli	3852	2794	11
Schwarzenbach an der Saale	5022	1194	11
Gemünden am Main	5005	971	11
Steinheim am der Murr	4897	928	11
Bitetto	4104	1675	11
Caldicot	5159	-276	11
Sapang	1570	12052	11
Ridgefield	4083	-7401	11
Lyndon	3826	-8560	11
Ionia	4299	-8507	11
Carnot-Moon	4052	-8022	11
Farīdnagar	2877	7763	11
Stonehaven	5696	-221	11
Newcastle	4754	-12216	11
Humahuaca	-2321	-6535	11
Assaré	-687	-3988	11
Morangis	4870	234	11
Emmaus	4054	-7550	11
Enghien	5068	403	11
Greentree	3990	-7496	11
El Matama	1671	3336	11
Tyngsboro	4268	-7142	11
Sánchez	1923	-6961	11
Guilherand-Granges	4493	487	11
Bagra	2373	8632	11
Surbo	4039	1813	11
Drøbak	5966	1063	11
Borzna	5125	3243	11
Barāgaon	2543	8282	11
Ghogha	2169	7228	11
Grosse Ile	4213	-8314	11
Kingsteignton	5055	-358	11
Jefferson Hills	4029	-7993	11
Gujba	1150	1193	11
Marpingen	4945	706	11
Espergærde	5599	1255	11
Newtown	5252	-330	11
Calendário	4140	-853	11
Ust’-Donetskiy	4764	4087	11
Ulverston	5420	-310	11
Ficarazzi	3809	1346	11
Makoua	1	1563	11
Altdorf	4815	1218	11
Ashbourne	5351	-640	11
Ocean City	3928	-7457	11
Miesbach	4779	1183	11
Prienai	5464	2395	11
Amriswil	4755	930	11
Rastrick	5369	-179	11
Ermoúpolis	3744	2494	11
Nehoiu	4542	2630	11
Rāmpura	2635	7918	11
Quartucciu	3925	918	11
Camden	3358	-9283	11
Baykan	3816	4177	11
Oxford	4143	-7312	11
Rodenbach	5015	903	11
Wells	5121	-265	11
Waupun	4363	-8873	11
Bilog-Bilog	1411	12109	11
Nova Soure	-1123	-3848	11
Largs	5580	-486	11
Peschanokopskoye	4620	4108	11
Mareeba	-1699	14542	11
Padiham	5380	-232	11
Moreira	4106	-839	11
Belceşti	4730	2708	11
João Alfredo	-786	-3559	11
Frenštát pod Radhoštěm	4955	1821	11
Urzhum	5711	5000	11
Niles	4183	-8625	11
North Valley	3517	-10662	11
Oak Hills	4554	-12284	11
Ahome	2592	-10917	11
Two Rivers	4415	-8757	11
Concepción	-1192	-7531	11
Říčany	4999	1465	11
Thame	5175	-98	11
Little Lever	5356	-238	11
Gloucester City	3989	-7512	11
Kelamangalam	1260	7785	11
Venosa	4096	1581	11
Mándra	3807	2350	11
La Puebla de Cazalla	3722	-531	11
Huétor Vega	3715	-357	11
Lakewood Park	2754	-8040	11
Lakewood Park	2748	-8037	11
Calbe	5191	1177	11
Smyrna	3930	-7560	11
Fort Morgan	4025	-10380	11
Sliema	3591	1450	11
Las Parejas	-3268	-6152	11
Struer	5649	859	11
Delémont	4736	734	11
Yol	3216	7620	11
Chavusy	5381	3097	11
Berlín	1350	-8853	11
Ksibet el Mediouni	3569	1084	11
Mango	2798	-8231	11
Dawlish	5058	-347	11
Luna	1097	12324	11
Gardnerville Ranchos	3889	-11974	11
Sainte-Marthe-sur-le-Lac	4553	-7393	11
Heves	4760	2028	11
East Grand Rapids	4294	-8561	11
Venadillo	472	-7493	11
Magalia	3981	-12158	11
Ilampillai	1161	7801	11
Castel San Giovanni	4506	944	11
Pelaya	869	-7366	11
Welzheim	4888	963	11
Mezőberény	4682	2103	11
Woudenberg	5208	542	11
Saint-Saulve	5037	356	11
Broussard	3015	-9196	11
Wetaskiwin	5297	-11337	11
Steinau an der Straße	5031	946	11
Walker Mill	3888	-7689	11
Akyurt	4014	3309	11
Beni Khalled	3665	1059	11
Mospyne	4789	3806	11
Kapchorwa	140	3445	11
Rüthen	5149	844	11
West Sedona	3487	-11181	11
Corozal	1834	-6632	11
Khanskaya	4468	3996	11
Robertsville	4035	-7429	11
Hârlău	4743	2690	11
Villacarrillo	3812	-308	11
Crumlin	5332	-631	11
Uvel’skiy	5444	6136	11
Deerlijk	5085	335	11
Sabana de Torres	739	-7350	11
Borgaro Torinese	4515	766	11
Dąbrowa Tarnowska	5017	2099	11
Oberschleißheim	4825	1157	11
Lügde	5196	925	11
Kurud	2083	8172	11
Stein	5097	577	11
Progreso Industrial	1964	-9936	11
Nacajuca	1817	-9302	11
Farias Brito	-693	-3957	11
Merriam	3902	-9469	11
Dassel	5180	969	11
Pechea	4563	2780	11
Bondues	5070	309	11
Madison Heights	3743	-7912	11
Brand-Erbisdorf	5087	1332	11
Woods Cross	4087	-11189	11
Spearfish	4449	-10386	11
Plano	4166	-8854	11
Geeste	5260	727	11
Warren	4173	-7128	11
Santa Cruz de Bezana	4344	-390	11
Gewanē	1017	4065	11
Urussu	5460	5346	11
Bytča	4922	1856	11
Akodia	2338	7660	11
Rambha	1952	8510	11
Drawsko Pomorskie	5353	1581	11
Parkes	-3314	14818	11
Itanhandu	-2230	-4493	11
Kimberley	5298	-127	11
Khiri Mat	1683	9980	11
Shiloh	3982	-8423	11
Palu	3869	3992	11
Guthrie	3588	-9743	11
West Bay	1937	-8142	11
San Miguel Xoxtla	1917	-9831	11
Lichtenau	5162	890	11
Traun	4822	1424	11
Cimitarra	631	-7395	11
Szigetvár	4605	1781	11
Sinor	2191	7334	11
Cusseta	3231	-8477	11
Huntington	3879	-7707	11
Altensteig	4859	860	11
Azkoitia	4318	-231	11
San Vicente de Chucurí	688	-7341	11
Sonseca	3968	-397	11
Royal Wootton Bassett	5154	-190	11
Moïssala	834	1777	11
Cumaral	427	-7349	11
Concesio	4561	1022	11
Tibigan	995	12396	11
Bereeda	1187	5106	11
Ostwald	4854	771	11
Lewis Center	4020	-8301	11
Aykol	4096	8014	11
Gerze	4180	3520	11
Virton	4957	553	11
Edd	1393	4169	11
Quixeré	-507	-3799	11
Tatsinskiy	4820	4128	11
Barreirinha	-279	-5707	11
Emstek	5283	815	11
Ponte San Pietro	4571	959	11
Capoterra	3918	897	11
Lapão	-1138	-4183	11
Mozarlândia	-1474	-5057	11
Wrentham	4207	-7133	11
O Grove	4249	-887	11
Idukki	985	7697	11
Vendas Novas	3868	-846	11
Loganville	3384	-8390	11
Westwood	4099	-7403	11
Munhall	4039	-7990	11
Khorol’	4443	13208	11
Yazoo City	3286	-9041	11
Ash Shajarah	3264	3594	11
Minooka	4146	-8826	11
Altãnia	-2387	-5390	11
Pogar	5255	3326	11
Villa Cuauhtémoc	1942	-9956	11
Villiers	-2703	2860	11
Manching	4872	1149	11
Isselburg	5183	646	11
Al Fūlah	1173	2836	11
Atherstone	5258	-155	11
Opi	678	743	11
Campbellsville	3734	-8534	11
Riachão das Neves	-1175	-4491	11
San Pablo Atlazalpan	1922	-9891	11
Candon	1719	12045	11
Prieska	-2967	2274	11
Magapit	1814	12167	11
Kimamba	-678	3713	11
Lake Grove	4085	-7312	11
Gengenbach	4840	801	11
Yvetot	4962	76	11
Vetralla	4232	1207	11
Yorktown	4017	-8549	11
Mountain Ash	5168	-338	11
Torre del Lago Puccini	4383	1029	11
Vieste	4188	1617	11
Yalıkavak	3711	2730	11
Arenzano	4441	868	11
White House	3647	-8665	11
Dobele	5662	2328	11
Carnisse	5189	448	11
Glubokiy	4853	4033	11
Chekmagush	5513	5466	11
Encamp	4253	158	11
Izola	4554	1366	11
Browns Mills	3997	-7458	11
Mendota Heights	4488	-9314	11
Mponela	-1353	3374	11
Areguá	-2531	-5738	11
Monte Azul	-1515	-4287	11
Ponedera	1064	-7475	11
Yengema	871	-1117	11
Elgoibar	4322	-241	11
Soyaux	4564	20	11
Anandnagar	2710	8327	11
Chandūr	1787	7810	11
Piedimonte Matese	4135	1437	11
Grosse Pointe Park	4238	-8294	11
Felsberg	5114	942	11
Barghāt	2203	7973	11
Mwingi	-94	3806	11
Vinzili	5696	6577	11
Raesfeld	5177	685	11
Shiloh	3998	-7680	11
Natagaima	362	-7509	11
Germencik	3787	2760	11
Pike Creek Valley	3974	-7570	11
Shiloh	4104	-7829	11
Pedregulho	-2026	-4748	11
Ribeirópolis	-1054	-3742	11
Beachwood	3994	-7419	11
Santo André	3906	-824	11
Bulqizë	4149	2022	11
González	2283	-9843	11
Novoorsk	5138	5898	11
Volchikha	5201	8036	11
Haysville	3756	-9735	11
Spencer	4314	-9514	11
North Smithfield	4197	-7155	11
Tarazona	4190	-173	11
Sādāt	2567	8330	11
Pontecagnano	4064	1488	11
Santa Maria La Carità	4072	1451	11
Orange City	2895	-8130	11
Barkhera Kalān	2845	7981	11
Talibon	1015	12433	11
Ianca	4513	2745	11
Boguchany	5838	9745	11
Berkley	3980	-10503	11
Kavarna	4344	2834	11
Butere	21	3449	11
Santa Cruz de las Flores	2048	-10350	11
Vanimo	-268	14130	11
Anastasiyevskaya	4522	3789	11
Namalenga	-1095	3910	11
Saint-André-les-Vergers	4829	405	11
L’vovskiy	5532	3752	11
Pompton Lakes	4101	-7429	11
Meitingen	4855	1085	11
Brasiléia	-1102	-6875	11
Woodbridge	5209	132	11
Vernal	4046	-10953	11
River Forest	4190	-8781	11
Kajiado	-185	3678	11
Pincourt	4538	-7398	11
Pedra	-850	-3694	11
Saint Peter	4432	-9396	11
Chandla	2507	8019	11
Calvizzano	4091	1419	11
Jefferson	2997	-9015	11
Aconibe	130	1094	11
Glubokoye	5014	8231	11
Villarrubia de los Ojos	3922	-361	11
Baranzate	4553	912	11
Oropesa del Mar	4009	14	11
Óbidos	3936	-916	11
Codajás	-384	-6206	11
Ince-in-Makerfield	5353	-262	11
Ilfracombe	5121	-411	11
Jerome	4272	-11452	11
Pānsemāl	2166	7470	11
Opmeer	5271	494	11
Jibou	4726	2326	11
Suzdal’	5642	4045	11
Knin	4404	1620	11
Springdale	3929	-8449	11
Fürth	4965	878	11
Osio Sotto	4562	959	11
Kongsvinger	6019	1200	11
Iranduba	-328	-6019	11
Dohrighāt	2627	8351	11
La Resolana	1961	-10443	11
Pınarhisar	4162	2752	11
Albox	3739	-215	11
Paris	4320	-8038	11
Bockenem	5201	1013	11
Montelupo Fiorentino	4373	1101	11
Elwood	4085	-7334	11
Pinheiro Machado	-3158	-5338	11
Grandview	4625	-11990	11
Alberic	3912	-52	11
Saraykent	3969	3551	11
San Clemente del Tuyú	-3636	-5672	11
Puliyūr	1063	7884	11
Leon Valley	2950	-9862	11
Sainte-Savine	4830	405	11
São Bernardo	-336	-4242	11
Laracha	4325	-859	11
North Scituate	4183	-7159	11
Terra Nova	-1237	-4067	11
El Tejar	1907	-9616	11
Gördes	3893	2829	11
Digapahandi	1937	8457	11
Alba Adriatica	4283	1393	11
Calimaya	1916	-9962	11
Mapandan	1602	12045	11
Nizhniy Odes	6364	5486	11
Webb City	3715	-9446	11
Dudley	4205	-7193	11
Salem	4776	929	11
Tarboro	3590	-7754	11
Sierra Madre	3416	-11805	11
Olbernhau	5066	1334	11
Lakshettipet	1887	7922	11
Galena Park	2973	-9523	11
Caminauit	1233	12108	11
L'Isle-Adam	4911	223	11
Methil	5619	-302	11
Zolochiv	5028	3598	11
Merlo	-3234	-6501	11
Villa Tupac Amaru	-1371	-7615	11
Marsella	494	-7574	11
Junín	478	-7502	11
Olonne-sur-Mer	4654	-177	11
Bartica	641	-5862	11
Bahsūma	2920	7797	11
Oxelösund	5867	1710	11
Mallammaduri	1256	996	11
Lourdes	1497	12068	11
Camp Verde	3456	-11185	11
Nevele	5104	355	11
Dano	1115	-306	11
São Brás de Alportel	3715	-789	11
Lalībela	1203	3905	11
Pader Palwo	280	3313	11
Kissing	4830	1097	11
l'Alcora	4007	-20	11
Jacupiranga	-2469	-4800	11
Morbach	4981	713	11
Canet-en-Roussillon	4270	302	11
Oakwood	4056	-7412	11
Mesker-Yurt	4325	4591	11
Muromtsevo	5637	7524	11
Tineo	4334	-641	11
Sobreda	3865	-919	11
Mount Kisco	4120	-7373	11
Neya	5830	4387	11
Flöha	5086	1307	11
Santo António da Charneca	3863	-903	11
Gemona	4627	1312	11
San Bartolomé Tlaltelulco	1923	-9963	11
Fuvahmulah	-30	7342	11
East Renton Highlands	4748	-12211	11
Majagual	854	-7463	11
Raymondville	2648	-9778	11
Chechat	2477	7588	11
Oosterbeek	5199	585	11
San José de Feliciano	-3038	-5875	11
Chino Valley	3476	-11245	11
Lantana	2659	-8005	11
Alcaudete	3759	-408	11
Bécancour	4634	-7243	11
Pallejà	4142	200	11
Krasnogvardeyskoye	4550	3430	11
Oneida	4309	-7565	11
San Agustín del Guadalix	4068	-362	11
Pego	3884	-12	11
Hirson	4992	408	11
Badarwās	2498	7756	11
Meßstetten	4818	897	11
Gulf Shores	3025	-8770	11
Dobbs Ferry	4101	-7387	11
Itaquitinga	-767	-3510	11
Borgo San Dalmazzo	4434	749	11
Araban	3743	3769	11
Cernay	4781	718	11
Chhutmalpur	3003	7775	11
Grand Rapids	4724	-9353	11
Sarlat-la-Canéda	4489	122	11
Plan-de-Cuques	4335	546	11
Belém de São Francisco	-875	-3897	11
Saint-Max	4870	621	11
Twon-Brass	431	624	11
Mtimbira	-878	3635	11
Boskovice	4949	1666	11
Nueva Concepción	1420	-9130	11
Guadalupe	1012	12361	11
Mezhdurechenskiy	5960	6593	11
Coshocton	4027	-8186	11
Cherry Creek	3963	-10488	11
Camapuã	-1953	-5404	11
San Narciso	1357	12257	11
Tuyum	998	12256	11
Webster	2954	-9512	11
Kharovsk	5996	4019	11
Independência	-540	-4031	11
Joniškis	5624	2362	11
Bad Schwalbach	5014	807	11
La Massimina-Casal Lumbroso	4187	1236	11
Yumbel	-3710	-7256	11
Niesky	5129	1482	11
Guillena	3754	-606	11
Helena-West Helena	3453	-9059	11
Fløng	5566	1219	11
Elhovo	4217	2657	11
Vyritsa	5941	3035	11
Rothenburg ob der Tauber	4938	1019	11
Town and Country	3861	-9046	11
Iguaba Grande	-2284	-4223	11
Lighthouse Point	2628	-8009	11
Bulog	1596	12040	11
Lawrenceburg	3804	-8490	11
Garagoa	508	-7336	11
Pilis	4729	1955	11
San Bernardo	-2729	-6071	11
Rumburk	5095	1456	11
Le Portel	5071	158	11
Bisenda Buzurg	2540	8062	11
Bad Gandersheim	5187	1003	11
Vytegra	6101	3645	11
Village Park	2140	-15803	11
Itaberá	-2386	-4914	11
Reserva	-2465	-5085	11
Akropong	597	-9	11
Chinautla	1982	-9739	11
San Pedro de Urabá	828	-7638	11
San Isidro de Curuguaty	-2447	-5569	11
Gebeit	2107	3632	11
Ruangwa	-1007	3893	11
Fredericksburg	3028	-9887	11
Jaltenco	1975	-9909	11
South Yarmouth	4167	-7018	11
Cherrapunji	2530	9170	11
Monte Sião	-2243	-4657	11
North Saanich	4867	-12342	11
Kohlu	2990	6925	11
Krāslava	5590	2717	11
Fryanovo	5613	3845	11
Veresegyház	4765	1930	11
Cucujães	4087	-851	11
Chantilly	4919	247	11
Gistel	5116	296	11
Tepatepec	2025	-9909	11
Keçiborlu	3794	3030	11
Cranleigh	5114	-48	11
Mpigi	23	3231	11
Cookstown	5464	-675	11
Castel San Pietro Terme	4440	1159	11
Troitskiy	5706	6375	11
Canyon Lake	3369	-11727	11
Sinzheim	4877	817	11
Villas de la Hacienda [Fraccionamiento]	2053	-10338	11
Bisert’	5686	5905	11
Morazán	1532	-8760	11
San Matias Tlalancaleca	1933	-9850	11
Tselina	4653	4103	11
Ivangorod	5937	2822	11
East Milton	3062	-8702	11
Stelle	5338	1011	11
Berane	4284	1987	11
Chambishi	-1263	2805	11
Botelhos	-2163	-4640	11
Pedernales	1804	-7174	11
Bicske	4748	1864	11
Camenca	4803	2870	11
Winburg	-2852	2701	11
Olen	5114	486	11
Essenbach	4861	1222	11
Claye-Souilly	4894	269	11
Lauffen am Neckar	4907	915	11
Hawera	-3959	17428	11
Bangar	1689	12042	11
Dekina	769	704	11
Barton upon Humber	5369	-44	11
Harnai	3010	6794	11
Jessen	5179	1296	11
La Victoria	452	-7604	11
Hobro	5664	979	11
Leicester	4225	-7191	11
Haz-Zebbug	3587	1444	11
Ponte de Sôr	3925	-801	11
Grand Haven	4306	-8623	11
Vicente Noble	1838	-7118	11
Featherstone	5368	-136	11
Cheyyur	1235	8000	11
Peru	4075	-8607	11
Soldato-Aleksandrovskoye	4427	4376	11
Ripoll	4220	219	11
La Bañeza	4230	-590	11
Lakeland Highlands	2796	-8195	11
Chikitigarh	1920	8461	11
Hani	3841	4039	11
Aubière	4575	311	11
Worb	4693	756	11
Picanya	3943	-43	11
Guadalupe	1045	12337	11
Canindé de São Francisco	-966	-3779	11
Donzdorf	4869	981	11
Monção	-349	-4525	11
Estancia	1146	12315	11
Havran	3956	2710	11
Timperley	5340	-233	11
Belozërsk	6003	3781	11
Warka	5178	2119	11
Schwaigern	4914	906	11
San Juan Cotzal	1543	-9103	11
Hirs’ke	4873	3850	11
Joint Base Lewis McChord	4711	-12258	11
Dragør	5559	1267	11
Valdemorillo	4050	-407	11
Isola di Capo Rizzuto	3896	1709	11
Novo Aripuanã	-512	-6038	11
Saint Albans	3839	-8184	11
Mattenbach (Kreis 7)	4749	875	11
Sāitlaw	2397	9257	11
Kursavka	4446	4251	11
Burkburnett	3410	-9857	11
Nova Londrina	-2277	-5298	11
Eichenzell	5050	970	11
Cassina de' Pecchi	4552	936	11
Kamin-Kashyrskyi	5162	2496	11
Areal	-2223	-4311	11
Ebersberg	4808	1197	11
Guiuan	1103	12572	11
Lipova	4609	2170	11
Kāttupputtūr	1099	7822	11
Umbertide	4330	1234	11
Candelaria	-2746	-5575	11
Gracemere	-2344	15046	11
Topoloveni	4482	2508	11
Chernomorskoye	4551	3270	11
Martuni	4014	4531	11
Edelény	4830	2073	11
Londonderry	4287	-7137	11
Diamond Springs	3869	-12081	11
Sonoma	3829	-12246	11
Mudgee	-3259	14959	11
El Empalme	942	-8252	11
Del Monte	1464	12102	11
Rūdbār	3015	6260	11
Lajosmizse	4702	1956	11
Herzberg	5169	1322	11
Grado	4339	-607	11
Hasbergen	5224	796	11
Tatarbunary	4584	2961	11
Etropole	4283	2400	11
Lauingen	4857	1043	11
Badarpur	2487	9260	11
Leirvik	5978	550	11
Vize	4157	2777	11
Millington	3534	-8990	11
Kamëz	4138	1976	11
Panghyŏn-dong	3989	12524	11
Little Chute	4428	-8832	11
Seneffe	5053	426	11
Clermont	4938	241	11
Le Gros-Morne	1470	-6100	11
Dolhasca	4743	2660	11
Davos	4680	984	11
Marktheidenfeld	4985	960	11
Al Lagowa	1140	2913	11
Satrikh	2686	8120	11
Kesgrave	5206	124	11
Kham Sakae Saeng	1533	10217	11
Tāfuna	-1434	-17072	11
Carranglan	1596	12106	11
Hrebinka	5012	3244	11
Mawu	3443	10491	11
Mineral del Monte	2014	-9867	11
Wichelen	5101	398	11
Loano	4413	826	11
Benaguasil	3960	-58	11
Scandiano	4460	1070	11
Jalpan	2122	-9947	11
Odder	5597	1015	11
Lambayong	652	12504	11
Amatitán	2083	-10373	11
Vermilion-on-the-Lake	4143	-8232	11
Saucillo	2803	-10529	11
Ueckermünde	5374	1404	11
Suffern	4111	-7415	11
Gaitania	315	-7582	11
Puerto Rico	2779	-1571	11
Great Bookham	5128	-37	11
Kete Krachi	779	-5	11
Pāndātarai	2219	8133	11
Antakotako	-1532	4980	11
Condega	1337	-8640	11
Lupao	1588	12090	11
Damilag	835	12481	11
Salfīt	3208	3518	11
Ripanj	4464	2052	11
Svetlogorsk	5494	2015	11
Oktyabr’skiy	5561	3798	11
Kupavna	5575	3813	11
Chertkovo	4938	4015	11
Biltine	1453	2093	11
Eşme	3840	2897	11
Mostys'ka	4979	2315	11
Astolfo Dutra	-2132	-4286	11
Ontario	4403	-11696	11
Rheinau	4867	794	11
Marly	4906	615	11
Sant'Antioco	3907	845	11
Nowe Miasto Lubawskie	5342	1960	11
Guazapa	1388	-8917	11
Międzychód	5260	1590	11
Chalco	4118	-9615	11
Apen	5322	780	11
Giffoni Valle Piana	4072	1494	11
West Point	3361	-8865	11
Parete	4096	1416	11
San Bartolo Cuautlalpan	1982	-9901	11
Quisao	1443	12133	11
Vysokyy	4989	3612	11
Bebeji	1167	826	11
Kistarcsa	4755	1926	11
Zimatlán de Álvarez	1687	-9678	11
Héricourt	4757	676	11
Jandiala Sher Khan	3182	7392	11
Crestwood	4164	-8774	11
Sargūr	1200	7640	11
Sassenburg	5252	1063	11
Jīran	2431	7489	11
Mountain Top	4117	-7588	11
Lentate sul Seveso	4568	912	11
Doctor Phillips	2845	-8149	11
Mandāwar	2786	7655	11
Kiamba	599	12462	11
Covasna	4585	2618	11
Umm Kaddadah	1360	2669	11
As Sars	3608	902	11
Rivarolo Canavese	4533	772	11
Caneças	3881	-923	11
Novoye Devyatkino	6006	3048	11
Kisanga	-744	3770	11
Vorotynsk	5443	3605	11
Grevesmühlen	5386	1119	11
Tubod	806	12379	11
Wolnzach	4860	1163	11
Slatina	4570	1770	11
Totowa	4091	-7421	11
Mancha Real	3779	-361	11
Gardabani	4146	4509	11
Perrelos	1012	12367	11
Spuyten Duyvil	4088	-7392	11
Uacu Cungo	-1136	1512	11
Baranchinskiy	5816	5970	11
Tixkokob	2100	-8939	11
Acanceh	2081	-8945	11
Fuensalida	4005	-421	11
Borgosesia	4572	827	11
Atlautla	1902	-9878	11
Parrilla II	1788	-9292	11
Mitchellville	3893	-7674	11
Matino	4003	1814	11
Kargopol’	6150	3895	11
Shāhāpur	1945	7333	11
Koronowo	5331	1794	11
Jeumont	5030	410	11
Verkhnyaya Sinyachikha	5798	6167	11
Pınarbaşı	3670	3436	11
Little Ferry	4085	-7404	11
Warman	5232	-10657	11
Petite-Île	-2135	5556	11
Trogir	4351	1625	11
Kuvshinovo	5703	3417	11
Quimilí	-2765	-6242	11
Dippoldiswalde	5090	1367	11
Dek’emhāre	1507	3905	11
Borshchiv	4880	2604	11
Martin	3634	-8885	11
Lonate Pozzolo	4559	875	11
Bozkır	3719	3225	11
Union	3845	-9101	11
Penistone	5353	-163	11
Lieşti	4562	2752	11
Marmara Ereğlisi	4097	2796	11
Kitangari	-1065	3933	11
Govindgarh	2750	7700	11
Buanoy	1047	12370	11
Miastko	5400	1698	11
Wallan	-3742	14498	11
Damascus	4542	-12246	11
Enghien-les-Bains	4897	232	11
San Antonio Suchitepéquez	1454	-9141	11
Anta	4127	-863	11
Navoloki	5747	4196	11
Chegem Vtoroy	4360	4360	11
Highland Park	4241	-8310	11
Meulebeke	5095	329	11
Al Ghayz̧ah	1621	5218	11
Caiapônia	-1696	-5181	11
Abertillery	5173	-313	11
Soatá	633	-7268	11
Vidor	3013	-9402	11
Domažlice	4944	1293	11
Chaumont-Gistoux	5068	472	11
Diré	1228	-1097	11
Suyo	1698	12053	11
Cordele	3196	-8378	11
Keuruu	6227	2470	11
Rombas	4925	609	11
Lāla	2455	9262	11
Lindome	5757	1208	11
Novospasskoye	5315	4775	11
San Antonio	998	-8418	11
Leominster	5223	-274	11
Codicote	5185	-24	11
Lyss	4707	731	11
Frasnes-lez-Buissenal	5067	362	11
Leppävirta	6249	2778	11
Gola Bāzār	2634	8335	11
Jardim de Piranhas	-638	-3735	11
Guiratinga	-1635	-5376	11
Santarcangelo	4406	1245	11
Conjunto Habitacional Villas del Pedregal	1968	-10130	11
Alken	5088	531	11
Beniel	3805	-100	11
Pymble	-3374	15114	11
Consuegra	3946	-361	11
Saint-André-lez-Lille	5067	305	11
San Martino di Lupari	4565	1186	11
Vennesla	5827	797	11
Bluffdale	4049	-11194	11
Ardrossan	5565	-481	11
Muggia	4560	1377	11
Münsingen	4687	756	11
Lamego	4110	-781	11
Malvern	3436	-9281	11
Carás	-905	-7781	11
Putla Villa de Guerrero	1703	-9793	11
Damme	5125	328	11
Acıpayam	3742	2935	11
Moyynkum	4428	7294	11
Chawang	843	9950	11
Oakham	5267	-73	11
Zhabinka	5220	2401	11
Hœnheim	4862	776	11
Kesabpur	2297	8826	11
Shyroke	4769	3326	11
Seymour	3589	-8372	11
Guéoul	1548	-1635	11
Silves	3719	-844	11
Soloma	1566	-9143	11
Daurāla	2911	7770	11
Starokorsunskaya	4506	3932	11
Humpolec	4954	1536	11
Beighton	5333	-133	11
Quartz Hill	3465	-11822	11
Terra Roxa	-2386	-5003	11
Nesoddtangen	5986	1066	11
Gulf Gate Estates	2725	-8251	11
Peligros	3723	-363	11
Chambray-lès-Tours	4734	70	11
Storm Lake	4264	-9521	11
Beclean	4718	2418	11
Grijó	4103	-858	11
Sındırgı	3924	2818	11
Trinity	2818	-8268	11
Fairfield	3349	-8691	11
Aiseau	5041	459	11
Murfatlar	4418	2842	11
Vélez	601	-7367	11
Gangavalli	1150	7865	11
Wietmarschen	5252	713	11
Roschinskiy	5305	5050	11
Gudlavalleru	1635	8105	11
Lincolnton	3547	-8125	11
Ironton	3854	-8268	11
Islamey	4368	4345	11
Franklin Lakes	4102	-7421	11
Brooklyn	4144	-8174	11
Newman	3731	-12102	11
Ilinge	-3198	2704	11
Pangody	6585	7449	11
Summerfield	3890	-7687	11
Biassono	4563	927	11
Corning	4214	-7705	11
Oñati	4303	-241	11
Doraville	3390	-8428	11
Sturgis	4180	-8542	11
Quinchía	534	-7573	11
Rehburg-Loccum	5247	920	11
Kheri Sāmpla	2878	7678	11
Nazareth	5096	359	11
Bad Liebenwerda	5152	1339	11
DeRidder	3085	-9329	11
Bernardo de Irigoyen	-2626	-5365	11
Laytown	5368	-624	11
Alto Paraná	-2313	-5232	11
Cowansville	4520	-7275	11
Troitskoye	5298	8468	11
Mongoumba	364	1859	11
Shirebrook	5320	-121	11
Downham Market	5261	38	11
Brezovica	4573	1591	11
Carros	4379	719	11
Ogdensburg	4469	-7549	11
Bad Abbach	4894	1204	11
Massarosa	4387	1034	11
Kargat	5520	8028	11
Atencingo	1851	-9861	11
President Roxas	715	12506	11
Woodbury	4136	-7411	11
Tupi Paulista	-2138	-5157	11
Ribeirão Bonito	-2207	-4818	11
Paullo	4542	940	11
Nuevo Ideal	2489	-10508	11
Krasnyy Yar	4653	4835	11
Swan Hill	-3534	14355	11
Exu	-751	-3972	11
Agua de Dios	438	-7467	11
Narasingāpuram	1361	7932	11
Bukowno	5026	1946	11
Stropkov	4920	2165	11
Taylorville	3955	-8929	11
Riverton	4302	-10838	11
Catacocha	-405	-7965	11
El Trébol	-3220	-6170	11
Takanini	-3705	17490	11
Halapitan	792	12533	11
Plesetsk	6271	4029	11
Alcalá del Río	3752	-598	11
Daromehar	2479	6818	11
Pernes-les-Fontaines	4400	506	11
Nonantola	4468	1104	11
Nāgothana	1854	7313	11
Citrus	3412	-11789	11
Udayagiri	2012	8437	11
El Parral	1637	-9301	11
Haţeg	4562	2295	11
Pomoca	1805	-9293	11
Casino	-2886	15305	11
Balakhani	4046	4992	11
Merchweiler	4935	705	11
Pāliyād	2226	7156	11
Volodarsk	5623	4319	11
Summerfield	3621	-7990	11
Wolmirstedt	5225	1163	11
Jimbolia	4579	2072	11
Show Low	3425	-11003	11
Rogoźno	5275	1699	11
Adda-Douéni	-1229	4450	11
Soritor	-614	-7710	11
Markt Schwaben	4819	1187	11
Chiampo	4555	1128	11
Hajdúsámson	4760	2177	11
Vīraganūr	1148	7874	11
Laichingen	4849	969	11
Rainhill	5342	-277	11
Tiadiaye	1442	-1670	11
Batroûn	3426	3566	11
Bannewitz	5099	1372	11
Acushnet	4168	-7091	11
Nave	4558	1028	11
Samashki	4329	4530	11
Waynesboro	3976	-7758	11
Anröchte	5157	833	11
Purificación	386	-7493	11
East Liverpool	4062	-8058	11
Nieuwpoort	5113	275	11
Stijena	4494	1602	11
Limoux	4305	222	11
Coldwater	4194	-8500	11
Curuçá	-73	-4785	11
Sankt Veit an der Glan	4677	1436	11
Villa Corzo	1619	-9327	11
Arboga	5939	1584	11
Gaimersheim	4881	1137	11
Cabo Rojo	1809	-6715	11
Marquard	-2866	2743	11
San Miguel de Salcedo	-105	-7859	11
Grünwald	4804	1152	11
Chulakkurgan	4376	6918	11
Ngorongoro	-324	3549	11
Necoclí	843	-7679	11
Highland City	2797	-8188	11
Ipauçu	-2306	-4963	11
Sedriano	4549	897	11
Suoyarvi	6208	3235	11
Marquette-lez-Lille	5068	307	11
Ciechocinek	5288	1880	11
Miami Shores	2586	-8019	11
Oldbury	5250	-202	11
Winchester Center	4190	-7313	11
Maltby	4781	-12211	11
Haigerloch	4837	880	11
Monteux	4404	500	11
Jobner	2697	7539	11
Ulcinj	4193	1922	11
Vale da Amoreira	3907	-770	11
San Juan de Urabá	876	-7653	11
Cuyotenango	1454	-9157	11
Csorna	4761	1725	11
Jobstown	5328	-641	11
Vurnary	5549	4696	11
Knowle	5238	-173	11
Ak-Suu	4250	7853	11
Kolárovo	4792	1798	11
Ábrego	808	-7322	11
Diez	5037	801	11
Cipó	-1110	-3851	11
Sonāmura	2348	9127	11
Monagrillo	798	-8044	11
Culfa	3895	4563	11
Mankera	3139	7144	11
Burr Ridge	4175	-8792	11
Malente	5417	1056	11
Santa Catarina Mita	1445	-8974	11
Camponogara	4538	1209	11
Matelândia	-2524	-5400	11
Shefford	5204	-33	11
Nußloch	4932	870	11
Kanīna Khās	2833	7631	11
Murghob	3817	7397	11
Sedro-Woolley	4850	-12224	11
Dispur	2614	9180	11
Pambujan	1256	12493	11
Bellizzi	4062	1495	11
Sailāna	2346	7492	11
Lindon	4034	-11172	11
Basarabeasca	4633	2896	11
Syców	5131	1772	11
Sweetwater	3247	-10041	11
Visselhövede	5299	958	11
Kolyvan’	5531	8274	11
Chiang Saen	2028	10009	11
Tarare	4590	443	11
Gympie	-2619	15266	11
Isola del Liri	4169	1360	11
Artena	4174	1291	11
Pine Castle	2847	-8137	11
Maua	23	3794	11
Mount Holly	3999	-7479	11
Dawson Creek	5576	-12024	11
Tyul’kubas	4249	7030	11
La Riviera	3857	-12136	11
Hājan	3430	7462	11
Yemel’yanovo	5617	9268	11
Taurisano	3996	1821	11
Khotyn	4851	2649	11
Marinette	4510	-8763	11
Vauvert	4370	428	11
Bellefontaine Neighbors	3874	-9023	11
Van Wert	4087	-8458	11
Mantua	2229	-8429	11
Böhl-Iggelheim	4938	830	11
Khoni	4233	4242	11
Týrnavos	3974	2229	11
Nagykálló	4787	2184	11
Muskegon Heights	4320	-8624	11
Monroe	4260	-8964	11
Ajjampur	1373	7601	11
Kazanskaya	4541	4044	11
Algeciras	252	-7532	11
Kez	5790	5371	11
Raduzhnyy	5850	4964	11
Holbrook	4216	-7101	11
Teteven	4292	2427	11
Baikunthpur	2326	8256	11
Broomall	3998	-7536	11
Alhandra	-744	-3491	11
Fuente Palmera	3770	-510	11
Boa Esperança do Sul	-2199	-4839	11
Hallstahammar	5961	1623	11
Staden	5097	301	11
Canarana	-1168	-4177	11
Jobat	2242	7457	11
Stradella	4507	930	11
Dofteana	4632	2652	11
Kampenhout	5094	455	11
Coalcomán de Vázquez Pallares	1878	-10316	11
Worth	4169	-8780	11
Boizenburg	5338	1072	11
Jacinto City	2977	-9523	11
Smithfield	4184	-11183	11
Labangan	787	12351	11
Nadvoitsy	6387	3432	11
Picuí	-651	-3635	11
Saßnitz	5452	1364	11
Sant Joan de Vilatorrada	4175	180	11
Gangaikondān	886	7778	11
Arraias	-1293	-4694	11
Plaine Magnien	-2043	5767	11
Mayrtup	4320	4613	11
Góra Kalwaria	5198	2122	11
Arochukwu	539	791	11
Pulo	1525	12093	11
Cabinuangan	768	12603	11
Farmersville	3630	-11921	11
Vieux-Condé	5046	357	11
Bitritto	4104	1683	11
Anenecuilco	1878	-9899	11
Allāpalli	1943	8006	11
Vysokovsk	5632	3655	11
Rasht	3903	7037	11
Novodnistrovs’k	4858	2744	11
Illintsi	4910	2922	11
Crestline	3424	-11729	11
Ituango	717	-7576	11
Bolama	1158	-1548	11
San Ramón	1009	-8447	11
Bāgli	2264	7635	11
Riorges	4604	404	11
Trofarello	4498	775	11
Bernalda	4041	1669	11
Chahuites	1629	-9419	11
Simojovel de Allende	1714	-9271	11
Baryshivka	5036	3132	11
Takaungu	-368	3986	11
Kings Mountain	3525	-8134	11
Calasparra	3823	-170	11
Florange	4932	612	11
Pelsall	5263	-197	11
Platón Sánchez	2127	-9837	11
Aurora	-694	-3897	11
Waldkirchen	4873	1360	11
Jordbro	5915	1812	11
Viera East	2826	-8071	11
Spa	5048	587	11
Burgkirchen an der Alz	4817	1273	11
Lowes Island	3906	-7735	11
Aerzen	5205	926	11
Delhi	3743	-12078	11
Isaszeg	4753	1940	11
Limburgerhof	4942	839	11
Villa Unión	2397	-10405	11
Degollado	2047	-10215	11
Kınık	3909	2738	11
Roessleville	4270	-7381	11
Sussex	4313	-8822	11
Vista Hermosa de Negrete	2027	-10247	11
Croissy-sur-Seine	4888	214	11
Chhachhrauli	3024	7736	11
Dangriga	1697	-8823	11
Immingham	5361	-22	11
Brentford	5149	-31	11
Ruppichteroth	5084	748	11
Takai	1158	911	11
Krasnoslobodsk	5443	4379	11
Kurchatov	5076	7854	11
Nyanguge	-255	3320	11
Urupês	-2120	-4929	11
Arkadelphia	3412	-9305	11
Saks	3370	-8584	11
Campo Largo	-2680	-6084	11
Michendorf	5231	1303	11
Zaragoza	1977	-9756	11
Dao	1139	12269	11
İkizce	4106	3708	11
Echelon	3985	-7500	11
Collegedale	3505	-8505	11
Šipovo	4428	1709	11
Buckhurst Hill	5162	3	11
Vermillion	4278	-9693	11
Rabinal	1509	-9049	11
Grândola	3818	-857	11
Schwieberdingen	4888	907	11
Santa Ponsa	3951	248	11
Gīdolē	565	3737	11
Yadrin	5594	4621	11
Minneola	2857	-8175	11
Tamalpais-Homestead Valley	3788	-12254	11
Reiskirchen	5060	883	11
Alovera	4059	-325	11
Diss	5238	111	11
Rheinfelden	4755	779	11
Olgiate Comasco	4578	897	11
Beloyarsk	5345	8390	11
Middlesboro	3661	-8372	11
Kālīnagar	2862	8008	11
Nideggen	5069	648	11
Chocamán	1901	-9703	11
Tapejara	-2373	-5287	11
Galeana	1864	-9921	11
Mikhnëvo	5513	3795	11
Castel Mella	4550	1015	11
Grobbendonk	5119	474	11
Florennes	5025	461	11
Lyons	4181	-8782	11
Beiuş	4667	2235	11
Moorslede	5089	306	11
Manavālakurichi	815	7731	11
Prinsenbeek	5160	471	11
Vilanova de Arousa	4256	-883	11
Holly Springs	3417	-8450	11
Rājāpur	1666	7352	11
Leutenbach	4889	939	11
Puerto Escondido (Tepeolulco Puerto Escondido)	1955	-9910	11
Fort Madison	4063	-9132	11
Biscarrosse	4439	-117	11
Rehti	2274	7743	11
Eningen unter Achalm	4849	926	11
Panyam	941	921	11
Bolivar	3761	-9341	11
Montigny-en-Gohelle	5043	294	11
Bastrop	3278	-9191	11
Astorga	691	12546	11
Unhos	3882	-912	11
Atchison	3956	-9512	11
Laives	4643	1134	11
Dugny	4895	242	11
Bilāspur	3030	7730	11
Koton-Karfe	809	680	11
Largo	3890	-7683	11
Conceição do Mato Dentro	-1904	-4342	11
Gorodoviki	4614	4197	11
Yeghvard	4033	4449	11
Karuzi	-310	3016	11
Fredonia	4244	-7933	11
Santa Catarina Ayotzingo	1921	-9893	11
Cheval	2815	-8251	11
Rāmānuj Ganj	2381	8370	11
Halfway	3962	-7776	11
Petal	3135	-8926	11
Skidel’	5359	2425	11
Psebay	4412	4081	11
Bykovo	5564	3808	11
Ostrhauderfehn	5313	762	11
Maïné Soroa	1321	1202	11
Kapa‘a	2208	-15932	11
Sarkad	4675	2138	11
Ventersburg	-2809	2714	11
Desborough	5244	-82	11
Rosaryville	3876	-7681	11
Villa Carcina	4563	1020	11
Pakil	1438	12148	11
Byelaazyorsk	5247	2518	11
Parshādepur	2607	8149	11
Chichihualco	1766	-9968	11
Someren	5138	571	11
Areado	-2136	-4615	11
Kavaratti	1057	7264	11
Somers Point	3932	-7459	11
Little Falls	4087	-7421	11
Melle	5100	381	11
Nohfelden	4959	714	11
Oleksandrivka	4896	3223	11
Darby	3992	-7526	11
Përmet	4023	2035	11
San Gennaro Vesuviano	4086	1452	11
Vesele	4701	3492	11
Mariehamn	6010	1993	11
Rekhasim	3275	3510	11
Novaya Igirma	5713	10391	11
Sainte-Anne-des-Plaines	4576	-7381	11
Ħamrun	3588	1448	11
Vidalia	3222	-8241	11
Gandorhun	749	-1183	11
Gonzales	3024	-9092	11
Grimes	4169	-9379	11
Rānāpur	2265	7452	11
Bela Crkva	4490	2142	11
Picayune	3053	-8968	11
Maxhütte-Haidhof	4920	1209	11
Sovetskiy	5676	4848	11
Klahanie	4757	-12201	11
Werneck	4998	1010	11
Kalanchak	4626	3329	11
Luanco	4362	-579	11
Tagbina	845	12617	11
Kosum Phisai	1625	10307	11
Grimmen	5411	1304	11
Urussanga	-2852	-4932	11
Kloster Lehnin	5232	1274	11
Bhulath Gharbi	3154	7551	11
Letychiv	4938	2763	11
Batesville	3577	-9164	11
Northbrook	3925	-8458	11
Masalukot Uno	1396	12142	11
Tegueste	2852	-1632	11
Porto Tolle	4495	1232	11
Torgelow	5363	1401	11
Yuzhno-Sukhokumsk	4466	4564	11
Nelson	4950	-11729	11
Poliçan	4061	2010	11
Lokomotivnyy	5301	6057	11
Kennett	3624	-9006	11
Kapuvár	4759	1703	11
Włoszczowa	5085	1997	11
Bologoye-4	5790	3365	11
Villablino	4294	-632	11
Gulpilhares	4108	-863	11
Kolno	5341	2193	11
Sanjwal	3376	7243	11
Lambton Shores	4317	-8193	11
Santa María Zolotepec	1942	-9949	11
patamda	2430	8542	11
Costeşti	4467	2488	11
Valencia	826	-7615	11
Margaride	4136	-820	11
Nakonde	-934	3274	11
Kushnarënkovo	5510	5535	11
Burlington	4268	-8828	11
Placerville	3873	-12080	11
Myory	5562	2763	11
Vredefort	-2701	2736	11
Garden Acres	3796	-12123	11
Periyapatti	1076	7727	11
Villacañas	3962	-334	11
Donnybrook	5331	-622	11
Ostbevern	5204	784	11
Muscoy	3415	-11734	11
Sandy	4540	-12226	11
Saint-Canut	4572	-7408	11
Matamba	-898	3397	11
Gland	4642	627	11
Sassenage	4521	566	11
Dhāna	2375	7886	11
Būriya	3016	7736	11
Ibicuí	-1484	-3999	11
Lansdowne	3994	-7527	11
Morro Bay	3537	-12085	11
Samarskoye	4694	3969	11
Calonge	4186	308	11
Sallaumines	5042	286	11
Montefiascone	4254	1203	11
Villa Tecolutilla	1828	-9333	11
Katipunan	758	12283	11
Aywaille	5047	568	11
Kenzhe	4350	4355	11
Sainte-Adèle	4595	-7413	11
Kriftel	5008	847	11
Satellite Beach	2818	-8059	11
Harrow on the Hill	5157	-33	11
Kulattūr	900	7819	11
Serula	1555	7384	11
Scottdale	3379	-8426	11
Halayhay	1437	12081	11
Langenzenn	4949	1079	11
Tālgrām	2705	7965	11
Ulricehamn	5779	1341	11
Massena	4493	-7489	11
Kurikka	6262	2242	11
Jāwā	3185	3594	11
San Alberto	776	-7339	11
Cantillana	3761	-582	11
Khilok	5137	11047	11
Old Saybrook	4129	-7238	11
Kelmė	5563	2293	11
Unidad Habitacional José María Morelos y Pavón	1882	-9926	11
Santa Rosa	-676	-7983	11
Staromyshastovskaya	4534	3908	11
Sol’tsy	5812	3032	11
Bedford Heights	4142	-8153	11
Sabana Yegua	1872	-7102	11
Vashon	4745	-12246	11
Alassio	4400	817	11
Imeni Morozova	5998	3104	11
Ayutinskiy	4778	4015	11
Pailles	-2019	5749	11
Surinam	-2051	5751	11
Chevigny-Saint-Sauveur	4730	513	11
Soto la Marina	2377	-9820	11
Bad Staffelstein	5010	1100	11
San Francisco Telixtlahuaca	1730	-9691	11
Claveria	1861	12108	11
Al ‘Ubaydīyah	3172	3529	11
Ozherel’ye	5479	3827	11
Ālangudi	1036	7898	11
Şakhrah	3237	3584	11
Kaindy	4282	7368	11
Obukhovo	5583	3827	11
Camp Pendleton South	3323	-11738	11
Yayva	5933	5726	11
Forest Acres	3402	-8099	11
Chamonix-Mont-Blanc	4592	687	11
Pokrovka	4395	13163	11
Winton	3739	-12061	11
Zardob	4022	4771	11
Nivala	6392	2497	11
Birkenfeld	4887	863	11
Oignies	5046	299	11
Mandiana	1063	-869	11
Łobez	5364	1562	11
Bugene	-159	3114	11
Keokuk	4040	-9138	11
Padre Paraíso	-1707	-4148	11
Verkhnyaya Tura	5836	5981	11
Friedeburg	5345	783	11
Rijkevorsel	5135	476	11
Davydovo	5561	3886	11
Dračevo	4194	2152	11
Pudozh	6180	3653	11
Santa Rosa	1044	-7537	11
Dolores	1651	-8942	11
Chiugiana-La Commenda	4310	1231	11
Ingelmunster	5092	326	11
Salzhemmendorf	5207	959	11
Joutseno	6112	2851	11
Bithūr	2661	8027	11
Katagum	1229	1035	11
Bjuv	5608	1292	11
Eureka	3850	-9063	11
Santo André	3806	-878	11
Jucuapa	1352	-8838	11
Kongens Lyngby	5577	1250	11
Nizhnyaya Maktama	5486	5243	11
Kola	6888	3302	11
Aquidabã	-1028	-3702	11
Campi Salentina	4040	1802	11
Rakitnoye	5084	3585	11
Acarlar	3782	2775	11
Sarai Ekdil	2674	7909	11
Santa Ana Tlacotenco	1918	-9900	11
Shchyolkino	4543	3582	11
Al Maḩwīt	1547	4354	11
Junín de los Andes	-3995	-7107	11
Trimbak	1993	7353	11
Miro Khan	2776	6809	11
Bolekhiv	4907	2386	11
Haslev	5532	1196	11
Albert	5000	265	11
Nueva Palestina	1682	-9126	11
Naliya	2326	6883	11
Hoogland	5218	537	11
Çekerek	4007	3549	11
Pornichet	4727	-234	11
Ross on Wye	5192	-257	11
Norwell	4216	-7079	11
Gardere	3035	-9114	11
Leingarten	4915	912	11
Debre Werk’	1067	3817	11
Bayt Fajjār	3162	3515	11
Mońki	5340	2280	11
Riolândia	-1998	-4968	11
Altstätten	4738	955	11
Accokeek	3867	-7703	11
Union City	3642	-8906	11
Vernon	3416	-9927	11
Vienna	3933	-8155	11
Eltingville	4055	-7417	11
Santaquin	3998	-11179	11
Tournon-sur-Rhône	4507	483	11
North Versailles	4038	-7981	11
Alcanar	4054	48	11
Gourock	5596	-482	11
Trou du Nord	1962	-7202	11
Lawrenceburg	3524	-8733	11
Mörlenbach	4960	873	11
Gemeinde Friedland	5142	993	11
Steenokkerzeel	5092	451	11
Baloc	1564	12089	11
Shūkat aş Şūfī	3126	3428	11
Ustyuzhna	5884	3643	11
Kuytun	5434	10151	11
Roscoe	4241	-8901	11
Grevená	4008	2143	11
Tlaltizapán	1869	-9912	11
Acoyapa	1197	-8517	11
Zabaykal’sk	4965	11733	11
Selimpaşa	4105	2837	11
Spreitenbach	4742	837	11
Saint-Rémy-de-Provence	4379	483	11
El Naranjo	2253	-9933	11
Betzdorf	5079	787	11
Rute	3733	-437	11
Gricignano di Aversa	4098	1423	11
Zayukovo	4362	4333	11
Hillsdale	4100	-7404	11
Macerata Campania	4106	1428	11
Nishon Tumani	3869	6568	11
Salt Spring Island	4882	-12349	11
Penig	5093	1270	11
Cardoso	-2008	-4991	11
Gafour	3632	932	11
Mora	3968	-377	11
Tarki	4294	4750	11
Sa Pa	2234	10384	11
Chertsey	5139	-51	11
Pyetrykaw	5213	2849	11
Kastsyukowka	5254	3092	11
Loudéac	4818	-275	11
Selsey	5074	-79	11
Mugango	-168	3370	11
Caconda	-1373	1507	11
Attleborough	5252	102	11
Bleiswijk	5201	453	11
Déville-lès-Rouen	4947	105	11
Exeter	3630	-11914	11
Fosses	4910	251	11
Wallajahbad	1279	7982	11
Sartana	4717	3769	11
Drezdenko	5284	1583	11
Moshkovo	5531	8361	11
Plan-les-Ouates	4617	612	11
Pomichna	4824	3142	11
Mindif	1040	1444	11
Arteaga	1836	-10229	11
Mona Vale	-3368	15130	11
Baldev	2741	7782	11
San Juanito	2797	-10760	11
Sivrihisar	3945	3153	11
Çamaş	4090	3753	11
Almafuerte	-3219	-6426	11
Oud-Heverlee	5084	466	11
Itagi	-1416	-4001	11
Belmont	3524	-8104	11
Bauska	5641	2419	11
Malango	-970	15972	11
Forestville	3908	-8434	11
Tulu Bolo	867	3822	11
Pasacao	1351	12304	11
Horqueta	-2334	-5706	11
Weddington	3502	-8076	11
Mādhogarh	2628	7919	11
San Cesareo	4182	1280	11
San Jacinto	1607	12044	11
Annoeullin	5053	293	11
Huautla de Jiménez	1813	-9684	11
Farasān	1670	4212	11
Panacan	925	11841	11
Prilly	4654	660	11
Māllūr	1154	7814	11
Pavuluru	1585	8016	11
Lido di Jesolo	4551	1265	11
Matiguás	1284	-8546	11
Farmington	4246	-8338	11
Jackson	4348	-11076	11
La Tour-de-Peilz	4645	686	11
Santa Inês	-1329	-3982	11
Chesapeake Ranch Estates	3835	-7642	11
Sylvan Lake	5231	-11408	11
Fox Lake	4240	-8818	11
Pozantı	3743	3487	11
Manchester	3548	-8609	11
The Pinery	3946	-10473	11
Montesarchio	4106	1464	11
Oberderdingen	4907	880	11
Ludlow	5237	-271	11
Ludza	5654	2772	11
Dobre Miasto	5399	2040	11
Tlaixpan	1891	-9774	11
Planegg	4811	1142	11
Stranraer	5490	-503	11
Pine Hill	3978	-7499	11
Ajijic	2030	-10325	11
Charneca	3878	-914	11
Downpatrick	5433	-572	11
La Cañada	2061	-10033	11
Montgomery	3923	-8435	11
Mainvilliers	4845	146	11
Agnita	4597	2462	11
Side	3677	3139	11
Imst	4725	1074	11
Cartaxo	3916	-879	11
Grafton	-2968	15293	11
Cobh	5185	-829	11
Aver-o-Mar	4141	-878	11
Kapyl’	5315	2709	11
Unterföhring	4819	1164	11
Blumberg	4784	853	11
Noale	4555	1206	11
Tot’ma	5997	4276	11
Aksu	4009	3803	11
Poreč	4523	1360	10
Meghraj	2350	7351	10
Tangalle	602	8080	10
Sebring	2750	-8144	10
Dent	3919	-8465	10
Bound Brook	4057	-7454	10
San Agustín Tlaxiaca	2012	-9889	10
Timrå	6249	1733	10
Sauk Village	4149	-8757	10
Stolin	5189	2685	10
Puquio	-1470	-7413	10
Šurany	4809	1818	10
Cacheu	1227	-1617	10
Rockport	2802	-9706	10
Heath	4002	-8244	10
Alaminos	1616	11998	10
Chêne-Bougeries	4620	619	10
Kirchlinteln	5294	932	10
Santa Comba	4303	-881	10
Hernando	-3243	-6373	10
Locri	3824	1626	10
Leer	830	3014	10
Ventnor City	3934	-7448	10
Chui	-3370	-5346	10
São João das Lampas	3887	-940	10
Deleni	4747	2688	10
Zierikzee	5165	392	10
Middle Island	4088	-7294	10
Piancó	-720	-3793	10
Farkhār	3657	6986	10
Pailitas	896	-7363	10
Solim	1562	7377	10
Mārāndahalli	1239	7800	10
Mingoyo	-1011	3962	10
Mikhaylovskoye	4310	4463	10
Castano Primo	4555	878	10
Kwaksan	3969	12508	10
Las Veredas	2315	-10971	10
Staronizhestebliyevskaya	4538	3844	10
Onokhoy	5193	10807	10
Maribondo	-958	-3631	10
Sosnovka	5324	4137	10
Nekrasovskiy	5609	3750	10
Arizona City	3276	-11167	10
Carregado	3902	-898	10
Abbots Langley	5171	-42	10
Morbegno	4614	957	10
Turiaçu	-166	-4537	10
Luckau	5185	1371	10
Corzuela	-2695	-6097	10
Zaki Biam	751	961	10
Jalpatagua	1414	-9001	10
Richmond Heights	4155	-8151	10
Wyomissing	4033	-7597	10
Pastos Bons	-660	-4408	10
Rosário Oeste	-1484	-5643	10
San Carlos Centro	-3173	-6109	10
Varennes-Vauzelles	4702	314	10
Santiago Tangamandapio	1996	-10244	10
Esperanza	2245	-8010	10
Zaragoza	2849	-10092	10
Acatlán de Juárez	2042	-10359	10
Lyubinskiy	5515	7269	10
Waasmunster	5111	409	10
Whitburn	5587	-368	10
Goronyo	1344	567	10
Korb	4884	936	10
Fushë-Krujë	4148	1972	10
Midsomer Norton	5129	-249	10
Weinböhla	5117	1357	10
Calabazar de Sagua	2265	-7990	10
Swanage	5061	-196	10
Gottmadingen	4774	878	10
Mülheim-Kärlich	5039	750	10
Vladimirescu	4617	2140	10
Laayoune Plage	2710	-1342	10
Bredy	5242	6034	10
Vikravāndi	1204	7955	10
Nandgaon	2771	7739	10
Santiago	-1418	-7571	10
Mohgaon	2164	7874	10
Itapuí	-2223	-4872	10
Ntcheu	-1482	3464	10
Bumbeşti-Jiu	4517	2340	10
Bras-Panon	-2100	5568	10
Placer	965	12560	10
Temiskaming Shores	4749	-7972	10
Lent’ekhi	4279	4272	10
San Juan de Abajo	2081	-10519	10
Queenstown	-4503	16866	10
Kolbuszowa	5024	2178	10
Sumé	-767	-3688	10
Illora	3729	-388	10
Bontoc	1709	12098	10
Rio Piracicaba	-1993	-4317	10
Queimadas	-1098	-3963	10
Rotkreuz	4714	843	10
Miguel Alves	-417	-4290	10
Casalmaggiore	4499	1042	10
Springbok	-2966	1789	10
Santena	4495	777	10
Pedersöre	6365	2268	10
Burley	4254	-11379	10
Barnoldswick	5392	-219	10
Konobeyevo	5541	3866	10
Vermilion	4142	-8236	10
Lößnitz	5062	1273	10
Key Largo	2509	-8045	10
Jimena de la Frontera	3644	-545	10
Warr Acres	3552	-9762	10
Canandaigua	4287	-7729	10
Elesbão Veloso	-620	-4214	10
Tres Ríos	991	-8399	10
Bānposh	2225	8481	10
Arkhara	4942	13009	10
Andovoranto	-1895	4911	10
Manville	4054	-7459	10
Jaltenango de la Paz	1587	-9272	10
Dnestrovsc	4662	2992	10
Belyye Berega	5321	3466	10
Nakambala	-1583	2778	10
Herxheim am Berg	4951	818	10
Oumache	3469	568	10
Adalaj	2316	7258	10
Lugovoy	4294	7276	10
Sigulda	5715	2486	10
West Haverstraw	4121	-7399	10
Călineşti	4482	2505	10
Buchs	4717	948	10
Benīganj	2729	8044	10
Sarpang	2686	9027	10
Revadanda	1855	7293	10
Gariāband	2063	8206	10
Profesor Carlos Hank González	1937	-9894	10
Gilgit	3592	7431	10
Carmaux	4405	216	10
Cantley	4557	-7578	10
Hlinsko	4976	1591	10
Bures-sur-Yvette	4870	217	10
Rivalta di Torino	4503	752	10
Sovetskiy	4534	3492	10
Annfield Plain	5486	-174	10
Tindwāri	2562	8053	10
Möglingen	4889	913	10
Lincoln Park	4092	-7430	10
La Palma del Condado	3739	-655	10
Lalmatie	-2019	5766	10
Melvindale	4228	-8318	10
Saint-Estève	4271	284	10
Volchansk	5994	6008	10
Beccacivetta-Azzano	4537	1096	10
Cambridge	4003	-8159	10
Sandoná	129	-7747	10
Greencastle	3964	-8686	10
Sidcup	5143	10	10
Feldkirchen-Westerham	4791	1184	10
Aire-sur-la-Lys	5064	240	10
Big Rapids	4370	-8548	10
Saint-Brevin-les-Pins	4725	-217	10
Meliana	3953	-33	10
Maniago	4617	1271	10
Riedlingen	4815	948	10
Pastores	1459	-9075	10
Novellara	4484	1073	10
Oirschot	5151	531	10
Zin’kiv	5021	3436	10
Puerto Quijarro	-1778	-5777	10
Nāgireddipalli	1427	7910	10
Kinnelon	4100	-7437	10
Ciudad del Maíz	2240	-9960	10
Oftringen	4731	793	10
Buenavista Tomatlán	1921	-10259	10
Palatka	2965	-8164	10
Realeza	-2577	-5353	10
Bazarnyy Karabulak	5227	4641	10
Armstrong	-3278	-6160	10
Columbia	4003	-7650	10
Sedona	3487	-11176	10
Say	1310	237	10
Celina	4055	-8457	10
Norfolk	4212	-7133	10
Salanso	1217	-408	10
Novo Cruzeiro	-1747	-4188	10
la Bisbal d'Empordà	4195	305	10
Sant'Ambrogio di Valpollicella	4552	1084	10
João Neiva	-1976	-4039	10
Villa de Reyes	2180	-10093	10
Seini	4775	2328	10
Portage	4354	-8946	10
São Gonçalo do Amarante	-579	-3533	10
Suan	1033	-7488	10
Wabash	4080	-8582	10
Fársala	3929	2238	10
Năsăud	4728	2440	10
Brieselang	5258	1300	10
Vicência	-766	-3533	10
Sabiñánigo	4252	-37	10
Naxxar	3591	1444	10
Valea Călugărească	4497	2615	10
Castell-Platja d'Aro	4182	307	10
Kollo	1330	234	10
Macomer	4026	877	10
Wé	-2092	16726	10
Bystrzyca Kłodzka	5030	1664	10
Kaa-Khem	5168	9473	10
Kurmuk	1055	3428	10
Struthers	4105	-8061	10
Sima	-1220	4428	10
Aci Sant'Antonio	3760	1512	10
Borculo	5212	652	10
Cadillac	4425	-8540	10
Roche-la-Molière	4543	433	10
Quetigny	4732	512	10
Pravdinskiy	5606	3786	10
Antigua	2842	-1401	10
Coleford	5180	-261	10
Berlaar	5112	466	10
Quatá	-2225	-5070	10
Novomikhaylovskiy	4426	3886	10
Shepton Mallet	5119	-255	10
Chivhu	-1902	3089	10
Sotkamo	6413	2842	10
Big Lake	4533	-9375	10
Lima	-2388	-5648	10
Kümmersbruck	4942	1189	10
Isāgarh	2484	7788	10
Thabazimbi	-2459	2741	10
Dubréka	979	-1352	10
Bethanie	-2648	1715	10
Pella	4141	-9292	10
Amānpur	2771	7874	10
Arluno	4550	894	10
Gällivare	6713	2065	10
Ballsh	4060	1973	10
Caldogno-Rettorgole-Cresole	4561	1150	10
Belaguntha	1988	8464	10
Papao	-1775	-14955	10
Serafimovskiy	5442	5380	10
Castle Pines North	3947	-10489	10
Taksimo	5634	11490	10
Hedon	5374	-20	10
Ingeniero Guillermo N. Juárez	-2390	-6185	10
Denkendorf	4870	932	10
Las Lomitas	-2471	-6059	10
Chigwell	5162	8	10
Pohrebyshche	4949	2926	10
Mount Airy	3650	-8061	10
Iporã	-2400	-5370	10
Shakhovskaya	5603	3551	10
Barrington	4215	-8814	10
General Cabrera	-3281	-6387	10
Monjas	1450	-8987	10
Prozor	4382	1761	10
Kushālgarh	2320	7445	10
Wallingford	5160	-112	10
Wad Rāwah	1516	3314	10
Terra Rica	-2271	-5262	10
Durham	4313	-7093	10
West Point	4112	-11208	10
Big Bend	-2682	3193	10
Studénka	4972	1808	10
Atarrabia	4283	-161	10
Bodden Town	1928	-8125	10
Espumoso	-2872	-5285	10
Biskupiec	5386	2096	10
Krasnozërskoye	5398	7924	10
Miajadas	3915	-591	10
Nyāmti	1415	7558	10
Tarumã	-2275	-5058	10
Tantangan	662	12475	10
Piribebuy	-2546	-5704	10
San Agustín Acasaguastlán	1495	-8997	10
Borsbeek	5120	449	10
Silver Springs	2922	-8206	10
Otopeni	4455	2607	10
Anadyr	6473	17751	10
Boscotrecase	4077	1446	10
Newberry	3427	-8162	10
Kirkel	4928	723	10
Caudete	3871	-99	10
Courrières	5046	295	10
Niwāri	2888	7754	10
Cameri	4550	866	10
Doorn	5203	535	10
Vakhrushi	5868	5003	10
Melres	4107	-840	10
Zwiesel	4902	1324	10
Castalla	3860	-67	10
Zadonsk	5239	3893	10
Muragācha	2354	8839	10
Rincón de Tamayo	2042	-10075	10
Savaştepe	3938	2766	10
Linthicum	3921	-7665	10
Reading	3922	-8444	10
Bluefield	3727	-8122	10
Trzebiatów	5406	1526	10
Lahoysk	5421	2785	10
Ciudad de Chiautla de Tapia	1830	-9860	10
Karczew	5208	2125	10
Little Canada	4503	-9309	10
Birkenau	4956	871	10
Etinan	484	785	10
Kandete	-915	3380	10
Vosselaar	5131	489	10
Martinsicuro	4288	1391	10
Shamva	-1731	3158	10
Ordynskoye	5437	8190	10
Labrador City	5295	-6691	10
Gaspra	4443	3410	10
Eunice	3049	-9242	10
Cuatro Ciénegas de Carranza	2699	-10206	10
Älajärvi	6300	2382	10
Porto Recanati	4343	1366	10
Alatri	4173	1334	10
Reinosa	4300	-414	10
Chavantes	-2304	-4971	10
San Luis Jilotepeque	1465	-8972	10
Santo Augusto	-2785	-5378	10
Varėna	5422	2458	10
Moroto	253	3467	10
Hidrolândia	-441	-4044	10
Mādhoganj	2712	8014	10
Tinambac	1382	12333	10
Chatteris	5246	5	10
Bitam	208	1150	10
La Maddalena	4121	941	10
Douchy-les-Mines	5030	339	10
Wunsiedel	5004	1200	10
Kemin	4279	7569	10
Ligao	1322	12352	10
Măcin	4524	2814	10
Wood River	3886	-9010	10
Uyuni	-2046	-6683	10
Hull	4230	-7091	10
Aliade	730	848	10
Stará Turá	4878	1769	10
Makungu	-873	3528	10
Oak Grove	3398	-8114	10
Corleone	3781	1330	10
Quatis	-2241	-4426	10
Epping	5170	11	10
Morris Park	4085	-7385	10
Pullambādi	1094	7891	10
Kishangarh	2782	7673	10
Kratovo	4208	2218	10
Spresiano	4578	1226	10
Volcán	877	-8264	10
Qashar	5337	6287	10
Hecelchakán	2018	-9013	10
Nahuatzén	1966	-10192	10
Cuajinicuilapa	1647	-9841	10
Nolinsk	5756	4994	10
Rajal Norte	1544	12086	10
Le Locle	4706	675	10
Veitshöchheim	4983	988	10
Bucov	4497	2608	10
Aleksandriyskaya	4423	4335	10
Inzhavino	5232	4249	10
Montegrotto Terme	4533	1179	10
Carira	-1036	-3770	10
Kyritz	5294	1240	10
Rocafuerte	-92	-8045	10
Grand-Lahou	525	-500	10
Hoeilaart	5077	447	10
Doctor Arroyo	2367	-10018	10
Dvubratskiy	4524	3980	10
Brierfield	5382	-223	10
Vartej	2174	7207	10
Novopodrezkovo	5594	3734	10
Camocim de São Félix	-836	-3576	10
Montgat	4147	228	10
Assinovskaya	4324	4518	10
Angus	4432	-7988	10
Newport	4464	-12405	10
Lauterach	4748	973	10
Verkhneural’sk	5388	5921	10
Beverly Hills	4252	-8322	10
Edwards	3964	-10659	10
Cedar Hills	4041	-11176	10
Aleşd	4707	2242	10
Ecublens	4653	656	10
Paratinga	-1269	-4318	10
Dourdan	4853	201	10
Pleasant Grove	3349	-8697	10
Hambühren	5263	998	10
Bogen	4891	1269	10
Siquijor	921	12352	10
Uruana	-1550	-4968	10
Schlitz	5067	956	10
Induno Olona	4585	884	10
Lancaster	4290	-7867	10
Nanticoke	4121	-7600	10
Broadstone	5076	-199	10
Bad Nenndorf	5234	938	10
Mandello del Lario	4592	932	10
El Colomo	1906	-10426	10
Ermelo	5230	562	10
São José do Campestre	-632	-3571	10
Cormaia	4737	2468	10
Kista	5940	1794	10
Şalpazarı	4094	3919	10
Milford	3891	-7543	10
Durbuy	5035	546	10
Yatton	5139	-282	10
Novonikolayevskiy	5097	4236	10
Harrai	2261	7922	10
Carmen	1589	12060	10
Nālāgarh	3104	7672	10
Parczew	5164	2290	10
Jarville-la-Malgrange	4867	620	10
Victoria	4573	2470	10
Alleroy	4322	4628	10
Oktyabr’skoye	4529	3414	10
Rossmoor	3379	-11809	10
El Quebrachal	-2528	-6407	10
Bahua	2584	8062	10
Timberlane	2988	-9003	10
Anguera	-1215	-3925	10
Sleepy Hollow	4109	-7386	10
Bowral	-3448	15042	10
Valea lui Mihai	4752	2215	10
Cuitzeo del Porvenir	1997	-10114	10
Caldas de Vizela	4138	-831	10
Fairview Shores	2859	-8139	10
Ponzano	4572	1220	10
Puerto Deseado	-4775	-6589	10
Jerez de los Caballeros	3832	-677	10
Marapanim	-72	-4770	10
Andernos-les-Bains	4475	-110	10
Monaragala	687	8135	10
Olesno	5088	1842	10
Waterloo	3834	-9015	10
Turbaná	1027	-7544	10
Tocaima	446	-7463	10
Alpine	4045	-11178	10
Merowe	1847	3181	10
Nārāyangarh	2427	7505	10
La Calamine	5072	601	10
Alvorada	-1248	-4912	10
Birsfelden	4755	762	10
Üllő	4739	1936	10
Beecher	4309	-8369	10
Nordkirchen	5174	752	10
Santa Cruz de Yojoa	1498	-8790	10
Fraccionamiento la Trinidad	1983	-9908	10
Midar	3494	-353	10
Procida	4076	1401	10
Cosham	5085	-106	10
Veternik	4525	1976	10
Kolkwitz	5175	1425	10
Behren-lès-Forbach	4917	694	10
Horbury	5366	-156	10
Chichli	2283	7883	10
Benaulim	1526	7393	10
Chaplynka	4637	3354	10
Fairmount	4305	-7624	10
Española	3599	-10608	10
Selho	4142	-835	10
Berwick	4105	-7623	10
Roma	2641	-9902	10
Rutesheim	4881	895	10
Calchaquí	-2989	-6029	10
Fairmont	4365	-9446	10
Wittelsheim	4781	724	10
Septèmes-les-Vallons	4340	537	10
Chinnasekkadu	1316	8026	10
Chul’man	5685	12491	10
Lysogorskaya	4411	4328	10
River Grove	4193	-8784	10
Las Matas de Santa Cruz	1967	-7150	10
Ystalyfera	5177	-378	10
Săbăoani	4701	2687	10
Felipe Carrillo Puerto	1916	-10271	10
Anderson	4045	-12230	10
São Raimundo das Mangabeiras	-702	-4548	10
Puerto Carreño	619	-6749	10
Little Hulton	5353	-242	10
Diavatá	4069	2286	10
Quecholac	1895	-9766	10
Condé-sur-l'Escaut	5045	359	10
North Branch	4551	-9298	10
La Roca del Vallès	4158	233	10
Kuhmo	6413	2952	10
Voreppe	4529	563	10
Watervliet	4273	-7370	10
Moimenta da Beira	4098	-762	10
Phayakkhaphum Phisai	1552	10319	10
Valréas	4438	499	10
Snodland	5133	44	10
Tori-Fatehpur	2546	7911	10
Mikhaylovsk	5644	5912	10
Erlenbach am Main	4980	916	10
Belmonte Mezzagno	3805	1339	10
Vail	3205	-11071	10
s'Arenal	3950	275	10
Vrnjačka Banja	4363	2090	10
Akkuş	4079	3702	10
Mengen	4805	933	10
Laubach	5054	899	10
Zacatepec	1927	-9753	10
Inkerman	4461	3361	10
Krivyanskaya	4740	4017	10
Itaporanga	-2371	-4949	10
La Ferté-Bernard	4819	65	10
Partanna	3773	1289	10
Wawa	990	442	10
Kaiapoi	-4338	17264	10
Kanjiža	4607	2005	10
Tyul’gan	5234	5617	10
Tetela del Volcán	1889	-9873	10
Mariinskiy Posad	5611	4772	10
Fiľakovo	4827	1982	10
Wapi Pathum	1585	10338	10
Sarayönü	3826	3240	10
Gages Lake	4235	-8798	10
Tinqueux	4925	398	10
Eybens	4515	575	10
Pototan	1094	12264	10
Jefferson	3412	-8357	10
Govindgarh	2438	8130	10
Raceland	2973	-9060	10
Massa Lubrense	4061	1437	10
Santa Rosa de Osos	665	-7546	10
Añisoc	187	1077	10
Xaloztoc	1941	-9805	10
Moralillo	2223	-9791	10
Banská Štiavnica	4845	1891	10
Columbia	3844	-9020	10
Schönaich	4866	906	10
Engen	4786	877	10
Bel Air	3954	-7635	10
Richterswil	4721	870	10
Talayuela	3999	-561	10
Capitola	3698	-12195	10
Oberwil	4751	756	10
Wildberg	4862	875	10
Khonsa	2702	9557	10
San Blas	2154	-10529	10
Bad Orb	5023	935	10
San Pancrazio Salentino	4042	1783	10
Tolbazy	5402	5588	10
Staryye Atagi	4312	4574	10
Sant Andreu de Llavaneres	4157	248	10
North Logan	4177	-11180	10
Urucurituba	-313	-5816	10
Siklós	4585	1830	10
Nannilam	1088	7961	10
Tarusa	5472	3717	10
Gislaved	5730	1354	10
Jennings	3022	-9266	10
Bohemia	4077	-7312	10
Baikunthpur	2473	8141	10
Ouani	-1214	4442	10
Vallehermoso	1033	12333	10
Birao	1028	2279	10
Nuevo Progreso	2606	-9795	10
Yekaterinoslavka	5037	12911	10
Villa González	1954	-7079	10
Akil	2027	-8935	10
Kudowa-Zdrój	5044	1624	10
La Calera	472	-7397	10
Tankāra	2266	7075	10
Begowāl	3161	7552	10
Alpena	4506	-8343	10
Ceuti	3808	-127	10
Nicosia	3775	1439	10
Saray	4053	4972	10
Hilter	5214	815	10
Vinovo	4495	763	10
Cagsiay	1422	12175	10
Teplodar	4650	3032	10
Leno	4537	1022	10
Khodoriv	4941	2430	10
Steinbach am Taunus	5017	857	10
Ivankiv	5094	2989	10
Ondjiva	-1707	1573	10
Filipeştii de Pădure	4500	2575	10
Mirontsi	-1216	4441	10
Alkhan-Kala	4326	4554	10
Martakert	4021	4682	10
Süßen	4868	976	10
Heubach	4879	993	10
Al Kawa	1375	3250	10
Sovetskaya	4478	4117	10
Kormilovka	5500	7410	10
Çifteler	3938	3104	10
Kanel	1549	-1318	10
Cadolzburg	4946	1085	10
Tököl	4732	1896	10
Bellmead	3159	-9711	10
Oeiras do Pará	-200	-4985	10
Amnéville	4926	613	10
Forestdale	3357	-8690	10
Wells Beach Station	4332	-7059	10
Xinzo de Limia	4206	-772	10
Young	-3431	14830	10
Elsternwick	-3789	14500	10
Gabarin	1111	1044	10
Lake Morton-Berrydale	4733	-12210	10
Gold Camp	3329	-11130	10
Shasta Lake	4068	-12237	10
Gold Canyon	3337	-11144	10
Mel’nikovo	5656	8408	10
Eksjö	5767	1497	10
Lanham	3897	-7686	10
Oratorio	1423	-9018	10
Batken	4006	7082	10
Doberlug-Kirchhain	5163	1356	10
Dulag	1095	12503	10
Kungsängen	5948	1775	10
Cervinara	4102	1461	10
Paris	3630	-8833	10
Ixhuatlán del Sureste	1802	-9439	10
Lavaur	4370	182	10
Kirkwood	-3340	2544	10
Wendeburg	5233	1039	10
Dolna Banjica	4179	2091	10
Montevista	769	12599	10
Litomyšl	4987	1631	10
Glodeni	4778	2752	10
Büdelsdorf	5432	967	10
Maglód	4744	1936	10
Lollar	5065	870	10
Mandal	5803	745	10
Great Neck	4080	-7373	10
Dembeni	-1284	4518	10
San Martín	-3143	-6850	10
Christianshavn	5567	1260	10
l'Escala	4213	313	10
Luçon	4646	-117	10
Nicolae Bălcescu	4647	2692	10
East Stroudsburg	4100	-7518	10
Aesch	4747	760	10
Montlouis-sur-Loire	4739	83	10
Néo Psychikó	3801	2378	10
Ramacca	3739	1469	10
Oil City	4143	-7971	10
Prokhorovka	5104	3673	10
Ban Ko Kaeo	794	9840	10
Ponteland	5505	-175	10
Trecastagni	3762	1508	10
Norwalk	4148	-9368	10
Saint-Claude	1603	-6170	10
Otuzco	-790	-7858	10
Kīranūr	1057	7879	10
Marlton	3989	-7492	10
Prévost	4587	-7408	10
Mooirivier	-2921	2999	10
Weeze	5163	620	10
Nueva Santa Rosa	1438	-9028	10
Torslanda	5772	1177	10
Steinen	4764	774	10
La Trinité	4374	731	10
Altavilla Vicentina	4551	1147	10
Kearsley	5353	-238	10
Tanquián de Escobedo	2161	-9866	10
Galion	4073	-8279	10
Nové Město nad Metují	5034	1615	10
Paimio	6046	2269	10
Čelákovice	5016	1475	10
Denham Springs	3049	-9096	10
Creazzo	4553	1148	10
Fort Knox	3789	-8596	10
Daniëlskuil	-2819	2354	10
Mercier	4532	-7375	10
Datça	3674	2768	10
Obernkirchen	5227	913	10
Boughton	5320	-98	10
Santa Cruz Amilpas	1706	-9668	10
Pásztó	4792	1970	10
Ţammūn	3228	3538	10
Zubova Polyana	5408	4284	10
Abercarn	5165	-313	10
Ouanaminthe	1955	-7172	10
Cambuquira	-2185	-4530	10
Amesbury	5118	-178	10
Sirpur	1948	7958	10
Lizzano	4039	1745	10
Oyugis	-51	3473	10
Nísia Floresta	-609	-3521	10
Vårby	5927	1788	10
Goianápolis	-1651	-4902	10
San Andrés Ahuashuatepec	1938	-9811	10
Sheregesh	5292	8799	10
Gardone Val Trompia	4569	1019	10
Diriomo	1188	-8605	10
Muang Phôn-Hông	1850	10242	10
Essex Junction	4449	-7311	10
Monmouth	5181	-271	10
Ciurea	4705	2757	10
Mirik	2689	8819	10
Pasil	1738	12113	10
San Diego Country Estates	3301	-11678	10
Saint-Julien-en-Genevois	4614	608	10
Aniche	5033	325	10
Bayt Fūrīk	3218	3534	10
Lyuban’	5280	2800	10
Jamiltepec	1628	-9782	10
Bobenheim-Roxheim	4959	836	10
Shepperton	5140	-45	10
Baganga	757	12656	10
Maynard	4243	-7145	10
Premnitz	5253	1235	10
Naḥf	3293	3532	10
Zindah Jān	3434	6175	10
Zumarraga	4309	-231	10
Lillers	5056	248	10
Caudebec-lès-Elbeuf	4928	102	10
Narman	4034	4186	10
Ouargaye	1150	6	10
Eerbeek	5210	606	10
Solnechniy	6128	7318	10
Goulds	2556	-8038	10
Shankill	5323	-612	10
Pacaembu	-2156	-5126	10
Rödinghausen	5225	848	10
Babadag	4490	2872	10
Oftersheim	4937	858	10
Ellon	5736	-207	10
Manohar Thāna	2424	7680	10
‘Attīl	3237	3507	10
Yermolino	5519	3660	10
Shakhtersk	4917	14214	10
Zyrya	4037	5029	10
Valky	4984	3561	10
Caçu	-1856	-5113	10
Nové Město na Moravě	4956	1607	10
Nogliki	5180	14314	10
Otumba	1970	-9876	10
Argayash	5549	6088	10
Tadó	527	-7656	10
Ciudad Arce	1384	-8945	10
Waldwick	4101	-7412	10
Staryya Darohi	5304	2827	10
Kangundo	-130	3735	10
Pyshma	5695	6325	10
Ottendorf-Okrilla	5118	1383	10
Surami	4202	4356	10
Farrukhnagar	2845	7682	10
Casteldaccia	3805	1353	10
Bantay	1758	12039	10
Port Salerno	2714	-8020	10
Bourg-de-Péage	4503	505	10
Sulęcin	5244	1512	10
Parsons	3734	-9526	10
Amurrio	4305	-300	10
Sirre	832	3948	10
Cologno al Serio	4558	971	10
Sniatyn	4845	2557	10
Campo Ramón	-2745	-5502	10
Victoria	1318	12128	10
Efrata	3165	3515	10
Comstock Park	4304	-8567	10
Ballina	5412	-917	10
Santiago Tílapa	1919	-9942	10
Baldock	5199	-19	10
Avon Park	2760	-8151	10
Camargo	2625	-9884	10
Zeuthen	5235	1362	10
Gérardmer	4807	688	10
Bolokhovo	5408	3783	10
Aberkenfig	5154	-360	10
Igurubi	-400	3370	10
Cherniakhiv	5046	2867	10
Inwood	4087	-7393	10
Titu	4465	2553	10
Partāpur	2359	7417	10
Mayfield	3674	-8864	10
Andrelândia	-2174	-4431	10
Paraguarí	-2562	-5715	10
Bonham	3358	-9618	10
Molteno	-3140	2636	10
Arinos	-1592	-4611	10
Lapseki	4034	2669	10
Guapó	-1683	-4953	10
Lexington	4078	-9974	10
Abram	5351	-259	10
Līvāni	5635	2618	10
Benalla	-3655	14598	10
Countryside	3904	-7741	10
Bembibre	4262	-642	10
Majdanpek	4443	2195	10
Retie	5127	508	10
Villers-Cotterêts	4925	309	10
La Leonesa	-2704	-5870	10
Isbergues	5062	246	10
Salaverry	-822	-7898	10
Waverly	4273	-9248	10
São João de Pirabas	-77	-4718	10
Ecublens	4661	681	10
Rrëshen	4177	1988	10
Kingaroy	-2654	15184	10
Aulendorf	4795	964	10
Dobrinka	5217	4047	10
Litovel	4970	1708	10
Buñol	3942	-78	10
Sholokhovskiy	4828	4105	10
Canyon Rim	4071	-11182	10
Prien am Chiemsee	4786	1235	10
London	3989	-8345	10
Lacombe	5247	-11374	10
Rehau	5025	1203	10
Mold	5317	-314	10
Mambajao	925	12472	10
Derazhnya	4927	2743	10
Barra de Santo Antônio	-940	-3551	10
Villanueva de Córdoba	3832	-463	10
Kalavai	1277	7942	10
Poniatowa	5118	2213	10
North Andrews Gardens	2619	-8014	10
Panazol	4584	131	10
Opopeo	1941	-10161	10
Hinatuan	837	12633	10
Hârşova	4469	2795	10
Sax	3854	-82	10
Marcala	1415	-8803	10
Grajales	1923	-9780	10
Nueva Helvecia	-3430	-5723	10
Luanda	31	3407	10
Roßtal	4940	1089	10
Santa Ana Pacueco	2035	-10202	10
Goundi	936	1737	10
Skwierzyna	5260	1551	10
Ineu	4643	2184	10
Dießen am Ammersee	4795	1110	10
Stenhousemuir	5603	-381	10
Paseos de San Juan	1978	-9902	10
Lemmer	5285	571	10
Yel’nya	5458	3318	10
Rebecq-Rognon	5065	411	10
São João Evangelista	-1855	-4276	10
Clinton	3610	-8413	10
Atmore	3102	-8749	10
Little Neck	4076	-7373	10
Hedensted	5577	970	10
Mae Tha	1846	9914	10
Campobello di Licata	3726	1392	10
Keşap	4091	3850	10
Szerencs	4816	2121	10
Castelnovo ne'Monti	4444	1040	10
Masagua	1420	-9085	10
Goldbach	5000	918	10
Argeles	4255	302	10
Bussy-Saint-Georges	4884	270	10
Ciudad Tula	2300	-9971	10
Pueblo Nuevo	1716	-9290	10
Negreşti	4683	2743	10
Oregon	4293	-8938	10
Algarrobo	1019	-7458	10
Jahāngīrpur	2818	7771	10
Kolondiéba	1109	-689	10
Poulsbo	4774	-12265	10
Alto Piquiri	-2403	-5344	10
Anuling	604	12101	10
Cabinteely	5327	-616	10
Weil im Schönbuch	4862	906	10
Caldas de Reis	4260	-864	10
Troy	3873	-8988	10
New Port Richey East	2826	-8269	10
Lauro Muller	-2839	-4940	10
Guadalupe Victoria	1929	-9734	10
Lordelo	4123	-840	10
Obigarm	3872	6971	10
Plymouth	4134	-8631	10
Gambettola	4412	1234	10
Gigant	4651	4134	10
Monmouth	4485	-12323	10
El Casar	3853	-593	10
Sascut	4620	2710	10
Daniel Flores	934	-8367	10
Ainring	4781	1294	10
Villa Literno	4101	1408	10
Grantsville	4060	-11246	10
La Roche-sur-Foron	4607	630	10
Čáslav	4991	1539	10
Alotau	-1032	15046	10
Troitskoye	4642	4426	10
Fantino	1912	-7030	10
Marsaskala	3586	1457	10
Bou Arkoub	3654	1055	10
Elon	3610	-7951	10
Anār Darah	3276	6165	10
Jagnair	2686	7760	10
Montignoso	4402	1017	10
Tutrakan	4405	2661	10
Arapgir	3904	3850	10
Villars-sur-Glâne	4679	712	10
De Pinte	5099	365	10
Woodbury	3984	-7515	10
Neuhausen	4769	861	10
Taltal	-2541	-7049	10
Alampur	2603	7880	10
Gwandu	1250	464	10
Al Wafrah	2864	4793	10
New Lambton	-3293	15171	10
Mutuípe	-1323	-3950	10
Túrkeve	4710	2075	10
Madara	1178	1045	10
Waggaman	2992	-9021	10
Jataizinho	-2325	-5098	10
Udpura	2473	7598	10
Pajacuarán	2012	-10257	10
Maiyama	1208	437	10
Santiago Yancuitlalpan	1938	-9930	10
Wielki Kack	5447	1849	10
Donmatías	649	-7539	10
Saarijärvi	6270	2525	10
Höchst im Odenwald	4980	900	10
Yaroslavskiy	4419	13223	10
Strasshof an der Nordbahn	4832	1667	10
Fort Salonga	4091	-7330	10
Kayattār	895	7777	10
Skovorodino	5398	12394	10
Novi Travnik	4417	1766	10
Eisenberg	4956	807	10
Diedorf	4835	1078	10
Priverno	4147	1318	10
Olonets	6098	3297	10
Bluffton	4074	-8517	10
Senanga	-1612	2327	10
Silver City	3277	-10828	10
Fairview	3768	-12205	10
Pont-Saint-Esprit	4425	465	10
Beit Jann	3296	3538	10
Saint Leonards-on-Sea	5086	55	10
Kingston upon Thames	5141	-30	10
Del Aire	3392	-11837	10
Muzayri‘	2314	5379	10
Tarinkot	3263	6588	10
Nhandeara	-2069	-5004	10
Residencia Moacir PU5BHV	-2691	-4937	10
Uzda	5346	2721	10
Myadzyel	5488	2694	10
Hanceville	5192	-12304	10
Jiangzi	2892	8960	10
Herrsching am Ammersee	4800	1118	10
Tårnby	5563	1260	10
Marsa Alam	2506	3489	10
Playa Blanca	2886	-1383	10
Nazaret	2904	-1356	10
La Manga del Mar Menor	3764	-72	10
Waltham Cross	5169	-4	10
Upminster	5156	26	10
Glenfield	5265	-119	10
Barnsbury	5154	-12	10
Cockington	5046	-356	10
Castle Vale	5252	-180	10
Bradwell	5257	170	10
Gudauri	4248	4448	10
Gantiadi	4338	4008	10
Akim Swedru	589	-102	10
Polýgyros	4038	2344	10
Tomok Bolon	265	9886	10
Parapat	266	9893	10
Tobelo	173	12801	10
Labuan Lombok	-850	11667	10
Lembar	-873	11607	10
Legian	-870	11517	10
Lovina	-815	11504	10
Derry	5159	-905	10
Velankanni	1068	7983	10
Mākhjan	1727	7350	10
Hampi	1534	7646	10
Daulatābād	1994	7522	10
Arambol	1569	7370	10
vadlamuru	1710	8217	10
Lavinio	4150	1259	10
Rehab	3232	3609	10
Nyamira	-56	3494	10
Wellawaya	674	8110	10
Mhamid	2982	-572	10
Cap Negro II	3566	-529	10
Dancu	4676	2821	10
Sahatavy	-1745	4900	10
Miadanandriana	-1903	4778	10
Mantasoa	-1902	4783	10
Mahabe	-1708	4533	10
Ambodivoara	-1433	4998	10
Padang Mat Sirat	635	9973	10
Ayer Hangat	642	9982	10
Telaga Batu	547	10023	10
Taman Rajawali	589	11805	10
kankrabari Dovan	2763	8546	10
Hari Bdr Tamang House	2763	8546	10
Kot Sultan	3077	7093	10
Koltushi	5993	3064	10
Klyuchi	5632	16085	10
Noginsk-9	5607	3850	10
Sangkhla Buri	1516	9845	10
Pamukkale	3792	2912	10
Çatalhöyük	3767	3283	10
Princes Town	1027	-6137	10
Kisasa	-618	3579	10
Mizhhirya	4852	2351	10
Liuboml	5123	2404	10
Jadder Cemetery	1547	4418	10
Maile	-2544	2728	10
Rosebank	-3396	1847	10